IncidentID,num_vehicles_involved,eCollisionManner,Longitude,Latitude,InjurySeverity,eIntersectionType,eCollisionManner,city_name,IncidentDateTime,cyclist_citations,driver_citations,nearest_count_site,distance_to_nearest_count_site
2272471,2,OTHER_97,-111.805450803098,33.3961921573145,1,FOUR_WAY_INTERSECTION,OTHER_97,MESA,"2009-02-23 15:27:00",DROVE_RODE_IN_OPPOSING_TRAFFIC_LANE,EXCEEDED_LAWFUL_SPEED+NOT_APPLICABLE_MINUS_1+NOT_APPLICABLE_MINUS_1,,
2272476,2,ANGLE_FRONT_TO_SIDE,-111.738432946071,33.3502815848113,3,FOUR_WAY_INTERSECTION,ANGLE_FRONT_TO_SIDE,GILBERT,"2009-02-19 07:45:00",INATTENTION_DISTRACTION,NO_IMPROPER_ACTION,,
2272549,2,SIDESWIPE_SAME_DIRECTION,-111.805309429631,33.4224119697976,2,FOUR_WAY_INTERSECTION,SIDESWIPE_SAME_DIRECTION,MESA,"2009-02-23 06:06:00",FAILED_TO_YIELD_RIGHT_OF_WAY_103,NO_IMPROPER_ACTION,,
2272559,2,ANGLE_FRONT_TO_SIDE,-111.788360165777,33.3842348482796,2,FOUR_WAY_INTERSECTION,ANGLE_FRONT_TO_SIDE,MESA,"2009-02-08 00:19:00",NO_IMPROPER_ACTION,INATTENTION_DISTRACTION,,
2272592,2,OTHER_97,-111.730781131669,33.4242146601329,3,NOT_AT_INTERSECTION_0,OTHER_97,MESA,"2009-02-22 18:39:00",INATTENTION_DISTRACTION,NO_IMPROPER_ACTION+NOT_APPLICABLE_MINUS_1,,
2272703,2,ANGLE_FRONT_TO_SIDE,-112.136683347541,33.509417028595,3,NOT_AT_INTERSECTION_0,ANGLE_FRONT_TO_SIDE,PHOENIX,"2009-02-17 16:00:00",OTHER_97,OTHER_97,,
2272775,2,ANGLE_FRONT_TO_SIDE,-111.859024334801,33.3643248016484,3,FOUR_WAY_INTERSECTION,ANGLE_FRONT_TO_SIDE,MESA,"2009-02-27 21:02:00",KNOWINGLY_OPERATED_WITH_FAULTY_MISSING_EQUIPMENT,FAILED_TO_YIELD_RIGHT_OF_WAY_103,,
2272843,2,SIDESWIPE_SAME_DIRECTION,-110.394257349572,31.6917856701575,1,NOT_AT_INTERSECTION_0,SIDESWIPE_SAME_DIRECTION,UNSPECIFIED_999,"2009-02-03 06:45:00",UNKNOWN_99,INATTENTION_DISTRACTION,,
2273472,2,ANGLE_FRONT_TO_SIDE,-111.926497719771,33.4202881922183,3,FOUR_WAY_INTERSECTION,ANGLE_FRONT_TO_SIDE,TEMPE,"2009-07-01 06:22:00",DISREGARDED_TRAFFIC_SIGNAL,NO_IMPROPER_ACTION+NOT_APPLICABLE_MINUS_1+NOT_APPLICABLE_MINUS_1+NOT_APPLICABLE_MINUS_1+NOT_APPLICABLE_MINUS_1+NOT_APPLICABLE_MINUS_1+NOT_APPLICABLE_MINUS_1+NOT_APPLICABLE_MINUS_1,154,0.00157202867777713
2273942,2,OTHER_97,-111.794480379292,33.4152502709361,2,T_INTERSECTION,OTHER_97,MESA,"2009-03-01 11:05:00",NO_IMPROPER_ACTION,NO_IMPROPER_ACTION+NOT_APPLICABLE_MINUS_1,,
2273991,2,ANGLE_FRONT_TO_SIDE,-111.963419354793,33.3491028468222,2,FOUR_WAY_INTERSECTION,ANGLE_FRONT_TO_SIDE,GUADALUPE,"2009-03-01 16:23:00",INATTENTION_DISTRACTION,INATTENTION_DISTRACTION,,
2274383,2,LEFT_TURN,-111.95875627575,33.3199446843164,4,FOUR_WAY_INTERSECTION,LEFT_TURN,TEMPE,"2009-01-26 18:14:00",NO_IMPROPER_ACTION,FAILED_TO_YIELD_RIGHT_OF_WAY_103,,
2274411,2,ANGLE_FRONT_TO_SIDE,-111.926157443615,33.4803534335664,3,NOT_AT_INTERSECTION_0,ANGLE_FRONT_TO_SIDE,SCOTTSDALE,"2009-02-23 11:26:00",OTHER_97,FAILED_TO_YIELD_RIGHT_OF_WAY_103,,
2274476,2,ANGLE_FRONT_TO_SIDE,-111.904475341893,33.5239070388849,1,T_INTERSECTION,ANGLE_FRONT_TO_SIDE,SCOTTSDALE,"2009-02-26 17:55:00",DROVE_RODE_IN_OPPOSING_TRAFFIC_LANE+NOT_APPLICABLE_MINUS_1,FAILED_TO_YIELD_RIGHT_OF_WAY_103,,
2274513,2,ANGLE_FRONT_TO_SIDE,-111.720681463583,33.2776712543392,1,FOUR_WAY_INTERSECTION,ANGLE_FRONT_TO_SIDE,GILBERT,"2009-04-30 14:38:00",OTHER_97,FAILED_TO_YIELD_RIGHT_OF_WAY_103,,
2274551,2,SIDESWIPE_SAME_DIRECTION,-111.840081173153,33.392575262537,1,NOT_AT_INTERSECTION_0,SIDESWIPE_SAME_DIRECTION,MESA,"2009-04-24 17:00:00",NO_IMPROPER_ACTION,INATTENTION_DISTRACTION,,
2274601,2,ANGLE_FRONT_TO_SIDE,-111.841455564526,33.4459668631077,2,NOT_AT_INTERSECTION_0,ANGLE_FRONT_TO_SIDE,MESA,"2009-04-29 18:43:00",INATTENTION_DISTRACTION,NO_IMPROPER_ACTION,,
2274649,2,SIDESWIPE_SAME_DIRECTION,-111.939594057709,33.3928534882756,1,FOUR_WAY_INTERSECTION,SIDESWIPE_SAME_DIRECTION,TEMPE,"2009-01-25 11:05:00",NO_IMPROPER_ACTION,FAILED_TO_YIELD_RIGHT_OF_WAY_103,144,9.53522014035226e-05
2274658,2,OTHER_97,0,0,1,NOT_AT_INTERSECTION_0,OTHER_97,PEORIA,"2009-03-07 17:56:00",NO_IMPROPER_ACTION,INATTENTION_DISTRACTION,,
2274664,2,ANGLE_FRONT_TO_SIDE,-111.791702391987,33.3935104743813,3,UNKNOWN_99,ANGLE_FRONT_TO_SIDE,MESA,"2009-04-30 15:07:00",DROVE_RODE_IN_OPPOSING_TRAFFIC_LANE,NO_IMPROPER_ACTION,,
2274678,2,SIDESWIPE_SAME_DIRECTION,-111.874550789434,33.4061409936234,1,NOT_AT_INTERSECTION_0,SIDESWIPE_SAME_DIRECTION,MESA,"2009-03-02 16:26:00",NO_IMPROPER_ACTION,MADE_IMPROPER_TURN+NOT_APPLICABLE_MINUS_1,,
2274738,2,SIDESWIPE_SAME_DIRECTION,-111.632687233995,33.4223432016596,3,NOT_AT_INTERSECTION_0,SIDESWIPE_SAME_DIRECTION,UNSPECIFIED_999,"2009-02-23 19:22:00",NO_IMPROPER_ACTION,FAILED_TO_YIELD_RIGHT_OF_WAY_103,,
2274769,2,ANGLE_FRONT_TO_SIDE,-111.903243965983,33.5475072069459,3,T_INTERSECTION,ANGLE_FRONT_TO_SIDE,SCOTTSDALE,"2009-04-30 08:38:00",NO_IMPROPER_ACTION,FAILED_TO_YIELD_RIGHT_OF_WAY_103,,
2274779,2,ANGLE_FRONT_TO_SIDE,-111.927385424736,33.41476562182,3,T_INTERSECTION,ANGLE_FRONT_TO_SIDE,TEMPE,"2009-02-25 16:53:00",NO_IMPROPER_ACTION,FAILED_TO_YIELD_RIGHT_OF_WAY_103+NOT_APPLICABLE_MINUS_1,131,0.00129306305891891
2274783,2,ANGLE_FRONT_TO_SIDE,-111.919703425799,33.4949038053918,3,FOUR_WAY_INTERSECTION,ANGLE_FRONT_TO_SIDE,SCOTTSDALE,"2009-02-27 16:22:00",FAILED_TO_KEEP_IN_PROPER_LANE,FAILED_TO_YIELD_RIGHT_OF_WAY_103,,
2274807,2,ANGLE_FRONT_TO_SIDE,-111.913070155178,33.5820028892297,3,T_INTERSECTION,ANGLE_FRONT_TO_SIDE,SCOTTSDALE,"2009-02-25 16:19:00",DROVE_RODE_IN_OPPOSING_TRAFFIC_LANE,NO_IMPROPER_ACTION,,
2274890,2,SIDESWIPE_SAME_DIRECTION,-112.246310080477,33.6780321501352,3,T_INTERSECTION,SIDESWIPE_SAME_DIRECTION,PEORIA,"2009-03-03 06:47:00",FAILED_TO_YIELD_RIGHT_OF_WAY_103,NO_IMPROPER_ACTION,,
2274905,3,ANGLE_FRONT_TO_SIDE,-111.807051712222,33.3597287830242,2,T_INTERSECTION,ANGLE_FRONT_TO_SIDE,GILBERT,"2009-02-17 16:36:00",DISREGARDED_PAVEMENT_MARKINGS,NO_IMPROPER_ACTION+FAILED_TO_YIELD_RIGHT_OF_WAY_103,,
2274907,2,LEFT_TURN,-111.9262104242,33.4288402731424,1,FOUR_WAY_INTERSECTION,LEFT_TURN,TEMPE,"2009-02-26 16:09:00",DISREGARDED_TRAFFIC_SIGNAL,NO_IMPROPER_ACTION,103,0.000419784684821743
2274920,2,ANGLE_FRONT_TO_SIDE,-111.930654199025,33.4148856012498,3,FOUR_WAY_INTERSECTION,ANGLE_FRONT_TO_SIDE,TEMPE,"2009-02-25 15:34:00",FAILED_TO_YIELD_RIGHT_OF_WAY_103,NO_IMPROPER_ACTION,153,0.00021481436469315
2274925,2,OTHER_97,-112.237787320262,33.685032097306,1,T_INTERSECTION,OTHER_97,PEORIA,"2009-03-02 16:26:00",DROVE_RODE_IN_OPPOSING_TRAFFIC_LANE,FAILED_TO_YIELD_RIGHT_OF_WAY_103,,
2274991,2,ANGLE_FRONT_TO_SIDE,-111.941434772215,33.3002001911299,3,FOUR_WAY_INTERSECTION,ANGLE_FRONT_TO_SIDE,CHANDLER,"2009-01-22 13:42:00",RAN_STOP_SIGN,SPEED_TOO_FAST_FOR_CONDITIONS+NOT_APPLICABLE_MINUS_1,,
2274998,2,HEAD_ON,-111.049719740167,32.3663425813401,1,NOT_AT_INTERSECTION_0,HEAD_ON,UNSPECIFIED_999,"2009-02-17 08:08:00",NO_IMPROPER_ACTION,INATTENTION_DISTRACTION+NOT_APPLICABLE_MINUS_1,,
2275024,2,SIDESWIPE_SAME_DIRECTION,-111.876386756491,33.3350798667,2,NOT_AT_INTERSECTION_0,SIDESWIPE_SAME_DIRECTION,CHANDLER,"2009-01-23 11:21:00",FAILED_TO_YIELD_RIGHT_OF_WAY_103,NO_IMPROPER_ACTION,,
2275033,2,ANGLE_FRONT_TO_SIDE,-112.362530211356,33.4933534739572,2,FOUR_WAY_INTERSECTION,ANGLE_FRONT_TO_SIDE,"LITCHFIELD PARK","2009-02-25 08:01:00",NO_IMPROPER_ACTION,FAILED_TO_YIELD_RIGHT_OF_WAY_103,,
2275093,2,ANGLE_FRONT_TO_SIDE,-111.841593787724,33.2970515568562,3,FOUR_WAY_INTERSECTION,ANGLE_FRONT_TO_SIDE,CHANDLER,"2009-01-20 06:14:00",WALKED_ON_WRONG_SIDE_OF_ROAD,RAN_STOP_SIGN,,
2275186,2,OTHER_97,-111.858684447567,33.2800208481621,3,T_INTERSECTION,OTHER_97,CHANDLER,"2009-02-18 21:28:00",NO_IMPROPER_ACTION,FAILED_TO_YIELD_RIGHT_OF_WAY_103,,
2275191,2,ANGLE_FRONT_TO_SIDE,-110.974961914427,32.3237431685355,3,NOT_AT_INTERSECTION_0,ANGLE_FRONT_TO_SIDE,UNSPECIFIED_999,"2009-02-12 12:48:00",NO_IMPROPER_ACTION,FAILED_TO_YIELD_RIGHT_OF_WAY_103,,
2275391,2,ANGLE_FRONT_TO_SIDE,0,0,3,NOT_AT_INTERSECTION_0,ANGLE_FRONT_TO_SIDE,YUMA,"2009-03-06 12:50:00",OTHER_97,NO_IMPROPER_ACTION,,
2275446,2,ANGLE_FRONT_TO_SIDE,0,0,2,T_INTERSECTION,ANGLE_FRONT_TO_SIDE,YUMA,"2009-03-05 19:33:00",FAILED_TO_YIELD_RIGHT_OF_WAY_103,NO_IMPROPER_ACTION,,
2275457,2,OTHER_97,-111.797974414014,33.2190763031008,1,FOUR_WAY_INTERSECTION,OTHER_97,CHANDLER,"2009-02-21 16:02:00",UNKNOWN_99,NO_IMPROPER_ACTION,,
2275553,2,OTHER_97,-111.965438776016,33.3636794593743,3,FOUR_WAY_INTERSECTION,OTHER_97,GUADALUPE,"2009-02-22 09:39:00",NO_IMPROPER_ACTION,FAILED_TO_YIELD_RIGHT_OF_WAY_103,,
2275557,2,LEFT_TURN,-109.554542092217,31.3444820665405,3,FOUR_WAY_INTERSECTION,LEFT_TURN,DOUGLAS,"2009-02-03 09:30:00",FAILED_TO_YIELD_RIGHT_OF_WAY_103,OTHER_97,,
2275562,2,OTHER_97,-109.528376680596,31.3540064782152,2,T_INTERSECTION,OTHER_97,DOUGLAS,"2009-02-05 17:10:00",FAILED_TO_YIELD_RIGHT_OF_WAY_103,SPEED_TOO_FAST_FOR_CONDITIONS,,
2275604,2,ANGLE_FRONT_TO_SIDE,-110.772710175281,32.2063442030973,3,FOUR_WAY_INTERSECTION,ANGLE_FRONT_TO_SIDE,TUCSON,"2009-02-05 17:33:00",DISREGARDED_TRAFFIC_SIGNAL,NO_IMPROPER_ACTION,,
2275626,2,SIDESWIPE_SAME_DIRECTION,-110.940527907578,32.2317902556445,3,NOT_AT_INTERSECTION_0,SIDESWIPE_SAME_DIRECTION,TUCSON,"2009-02-03 14:55:00",FAILED_TO_KEEP_IN_PROPER_LANE,FAILED_TO_KEEP_IN_PROPER_LANE,,
2275631,2,SIDESWIPE_SAME_DIRECTION,-110.9781329877,32.2792621223942,1,NOT_AT_INTERSECTION_0,SIDESWIPE_SAME_DIRECTION,TUCSON,"2009-02-03 12:50:00",NO_IMPROPER_ACTION,FAILED_TO_YIELD_RIGHT_OF_WAY_103,,
2275712,2,OTHER_97,-112.181874894073,33.531241969349,2,FOUR_WAY_INTERSECTION,OTHER_97,GLENDALE,"2009-02-23 09:23:00",FAILED_TO_YIELD_RIGHT_OF_WAY_103,NO_IMPROPER_ACTION,,
2275762,2,OTHER_97,-111.852004569509,33.7261762498655,3,NOT_AT_INTERSECTION_0,OTHER_97,SCOTTSDALE,"2009-03-05 15:53:00",NO_IMPROPER_ACTION,OTHER_UNSAFE_PASSING,,
2275945,2,REAR_TO_SIDE,-111.088620049594,32.3375790925074,4,FOUR_WAY_INTERSECTION,REAR_TO_SIDE,MARANA,"2009-03-06 12:11:00",NO_IMPROPER_ACTION,FAILED_TO_YIELD_RIGHT_OF_WAY_103,,
2276080,2,OTHER_97,-112.233417995869,33.6381519307008,2,FOUR_WAY_INTERSECTION,OTHER_97,PEORIA,"2009-02-18 17:15:00",FAILED_TO_YIELD_RIGHT_OF_WAY_103,NO_IMPROPER_ACTION,,
2276103,2,OTHER_97,-112.220372072184,33.6602452716512,2,T_INTERSECTION,OTHER_97,GLENDALE,"2009-02-19 08:19:00",DISREGARDED_TRAFFIC_SIGNAL,NO_IMPROPER_ACTION+NOT_APPLICABLE_MINUS_1,,
2276104,2,ANGLE_FRONT_TO_SIDE,-110.257327935604,31.5486774853671,3,NOT_AT_INTERSECTION_0,ANGLE_FRONT_TO_SIDE,"SIERRA VISTA","2009-03-09 09:53:00",NO_IMPROPER_ACTION,ELECTRONIC_COMMUNICATIONS_DEVICE,,
2276116,2,OTHER_97,-112.170465398091,33.5819106253283,2,NOT_AT_INTERSECTION_0,OTHER_97,GLENDALE,"2009-02-13 10:15:00",OTHER_97,INATTENTION_DISTRACTION,,
2276163,2,SIDESWIPE_SAME_DIRECTION,-111.926873556287,33.4147707657578,2,NOT_AT_INTERSECTION_0,SIDESWIPE_SAME_DIRECTION,TEMPE,"2009-03-03 09:29:00",INATTENTION_DISTRACTION,NO_IMPROPER_ACTION,131,0.000785687329766926
2276178,2,ANGLE_FRONT_TO_SIDE,-111.926293377126,33.4101291539,3,T_INTERSECTION,ANGLE_FRONT_TO_SIDE,TEMPE,"2009-03-04 14:07:00",FAILED_TO_YIELD_RIGHT_OF_WAY_103,NO_IMPROPER_ACTION,138,0.00269125516817805
2276185,2,SIDESWIPE_SAME_DIRECTION,-111.91752524363,33.4876563906643,1,FOUR_WAY_INTERSECTION,SIDESWIPE_SAME_DIRECTION,SCOTTSDALE,"2009-03-08 11:35:00",NO_IMPROPER_ACTION,NO_IMPROPER_ACTION,,
2276212,2,ANGLE_FRONT_TO_SIDE,-111.917864423217,33.3929625488808,3,T_INTERSECTION,ANGLE_FRONT_TO_SIDE,TEMPE,"2009-03-05 14:43:00",DISREGARDED_TRAFFIC_SIGNAL,NO_IMPROPER_ACTION+NOT_APPLICABLE_MINUS_1+NOT_APPLICABLE_MINUS_1,164,0.00300404046395204
2276217,2,ANGLE_FRONT_TO_SIDE,-112.203121204476,33.5302203723836,2,NOT_AT_INTERSECTION_0,ANGLE_FRONT_TO_SIDE,GLENDALE,"2009-02-13 16:00:00",OTHER_97,INATTENTION_DISTRACTION,,
2276316,2,ANGLE_FRONT_TO_SIDE,-112.176810467808,33.5457769595846,1,NOT_AT_INTERSECTION_0,ANGLE_FRONT_TO_SIDE,GLENDALE,"2009-02-17 17:13:00",DROVE_RODE_IN_OPPOSING_TRAFFIC_LANE,NO_IMPROPER_ACTION,,
2276328,2,SIDESWIPE_SAME_DIRECTION,-109.688073155067,32.8223669913899,3,NOT_AT_INTERSECTION_0,SIDESWIPE_SAME_DIRECTION,UNSPECIFIED_999,"2009-03-02 21:15:00",UNKNOWN_99,UNKNOWN_99,,
2276376,2,OTHER_97,-111.884580959968,33.3059651463504,2,NOT_AT_INTERSECTION_0,OTHER_97,CHANDLER,"2009-02-04 15:06:00",NO_IMPROPER_ACTION,NO_IMPROPER_ACTION,,
2276425,2,LEFT_TURN,-111.93485444949,33.4147001098491,3,FOUR_WAY_INTERSECTION,LEFT_TURN,TEMPE,"2009-03-04 13:56:00",DROVE_RODE_IN_OPPOSING_TRAFFIC_LANE,INATTENTION_DISTRACTION,133,0.000219598745973206
2276480,2,OTHER_97,0,0,2,NOT_AT_INTERSECTION_0,OTHER_97,GILBERT,"2009-03-03 20:21:00",NO_IMPROPER_ACTION,DISREGARDED_TRAFFIC_SIGNAL,,
2276537,2,ANGLE_FRONT_TO_SIDE,0,0,1,T_INTERSECTION,ANGLE_FRONT_TO_SIDE,YUMA,"2009-03-14 18:36:00",NO_IMPROPER_ACTION,UNKNOWN_99,,
2276593,2,SIDESWIPE_SAME_DIRECTION,-110.857983390417,32.2068429764675,3,NOT_AT_INTERSECTION_0,SIDESWIPE_SAME_DIRECTION,TUCSON,"2009-02-19 02:59:00",NO_IMPROPER_ACTION,FAILED_TO_KEEP_IN_PROPER_LANE,,
2276673,2,ANGLE_FRONT_TO_SIDE,-111.76018516349,33.3646493082058,1,T_INTERSECTION,ANGLE_FRONT_TO_SIDE,GILBERT,"2009-03-02 17:32:00",DISREGARDED_TRAFFIC_SIGNAL,NO_IMPROPER_ACTION,,
2276702,2,REAR_END,-110.989181086562,32.2263983279872,3,T_INTERSECTION,REAR_END,TUCSON,"2009-02-20 08:10:00",NO_IMPROPER_ACTION,OTHER_97,,
2276744,2,ANGLE_FRONT_TO_SIDE,-110.789736997486,32.2354550721464,3,FOUR_WAY_INTERSECTION,ANGLE_FRONT_TO_SIDE,TUCSON,"2009-02-20 17:51:00",NO_IMPROPER_ACTION,FAILED_TO_YIELD_RIGHT_OF_WAY_103,,
2276892,2,ANGLE_FRONT_TO_SIDE,-111.779840241306,33.3987170846065,2,T_INTERSECTION,ANGLE_FRONT_TO_SIDE,MESA,"2009-03-05 15:19:00",INATTENTION_DISTRACTION,NO_IMPROPER_ACTION,,
2276988,2,OTHER_97,-112.370856730931,33.6236796457624,2,T_INTERSECTION,OTHER_97,SURPRISE,"2009-03-02 08:27:00",FAILED_TO_YIELD_RIGHT_OF_WAY_103,NO_IMPROPER_ACTION,,
2277137,2,ANGLE_FRONT_TO_SIDE,-110.930943872715,32.2649227337728,4,FOUR_WAY_INTERSECTION,ANGLE_FRONT_TO_SIDE,TUCSON,"2009-02-19 17:44:00",NO_IMPROPER_ACTION,EXCEEDED_LAWFUL_SPEED,,
2277139,2,ANGLE_FRONT_TO_SIDE,-111.668957711553,33.4369214171824,3,FOUR_WAY_INTERSECTION,ANGLE_FRONT_TO_SIDE,MESA,"2009-02-19 12:01:00",DISREGARDED_TRAFFIC_SIGNAL,NO_IMPROPER_ACTION,,
2277188,2,ANGLE_FRONT_TO_SIDE,0,0,4,FOUR_WAY_INTERSECTION,ANGLE_FRONT_TO_SIDE,AVONDALE,"2009-03-10 08:44:00",DISREGARDED_TRAFFIC_SIGNAL,NO_IMPROPER_ACTION,,
2277413,2,LEFT_TURN,0,0,3,NOT_AT_INTERSECTION_0,LEFT_TURN,TUCSON,"2009-02-26 17:20:00",NO_IMPROPER_ACTION,FAILED_TO_YIELD_RIGHT_OF_WAY_103,,
2277758,2,REAR_END,-110.971956956151,32.2539041297906,3,NOT_AT_INTERSECTION_0,REAR_END,TUCSON,"2009-02-23 00:51:00",NO_IMPROPER_ACTION,FAILED_TO_KEEP_IN_PROPER_LANE,,
2277824,2,ANGLE_FRONT_TO_SIDE,-110.875339380766,32.25067541772,3,FOUR_WAY_INTERSECTION,ANGLE_FRONT_TO_SIDE,TUCSON,"2009-02-24 19:08:00",FAILED_TO_YIELD_RIGHT_OF_WAY_103,NO_IMPROPER_ACTION,,
2277855,2,LEFT_TURN,-111.917477007028,33.494813209582,3,FOUR_WAY_INTERSECTION,LEFT_TURN,SCOTTSDALE,"2009-03-18 17:58:00",NO_IMPROPER_ACTION,FAILED_TO_YIELD_RIGHT_OF_WAY_103,,
2277889,2,ANGLE_FRONT_TO_SIDE,-110.858014366532,32.2180782560244,2,FOUR_WAY_INTERSECTION,ANGLE_FRONT_TO_SIDE,TUCSON,"2009-02-27 13:34:00",OTHER_97,DISREGARDED_TRAFFIC_SIGNAL,,
2277897,2,ANGLE_FRONT_TO_SIDE,0,0,3,T_INTERSECTION,ANGLE_FRONT_TO_SIDE,MESA,"2009-03-11 16:32:00",NO_IMPROPER_ACTION,FAILED_TO_YIELD_RIGHT_OF_WAY_103,,
2277908,2,ANGLE_FRONT_TO_SIDE,-111.611472117979,33.4295508202864,1,NOT_AT_INTERSECTION_0,ANGLE_FRONT_TO_SIDE,MESA,"2009-03-11 13:59:00",DROVE_RODE_IN_OPPOSING_TRAFFIC_LANE,NO_IMPROPER_ACTION,,
2277950,2,UNKNOWN_99,-112.047774223592,33.43679510881,4,UNKNOWN_99,UNKNOWN_99,PHOENIX,"2009-02-18 05:45:00",NO_IMPROPER_ACTION,FAILED_TO_YIELD_RIGHT_OF_WAY_103,,
2277997,2,ANGLE_FRONT_TO_SIDE,-112.255067151835,33.6655383584046,3,T_INTERSECTION,ANGLE_FRONT_TO_SIDE,PEORIA,"2009-03-22 12:42:00",FAILED_TO_YIELD_RIGHT_OF_WAY_103,INATTENTION_DISTRACTION,,
2278184,3,ANGLE_FRONT_TO_SIDE,-110.896930126144,32.2433975890528,3,FOUR_WAY_INTERSECTION,ANGLE_FRONT_TO_SIDE,TUCSON,"2009-02-11 07:25:00",NO_IMPROPER_ACTION,NO_IMPROPER_ACTION+NOT_APPLICABLE_MINUS_1+FAILED_TO_YIELD_RIGHT_OF_WAY_103,,
2278194,2,ANGLE_FRONT_TO_SIDE,-111.984296489864,33.3198269834728,2,FOUR_WAY_INTERSECTION,ANGLE_FRONT_TO_SIDE,PHOENIX,"2009-02-16 15:45:00",OTHER_97,NO_IMPROPER_ACTION,,
2278267,2,HEAD_ON,0,0,3,T_INTERSECTION,HEAD_ON,PHOENIX,"2009-02-11 15:05:00",UNKNOWN_99,NO_IMPROPER_ACTION,,
2278329,2,ANGLE_FRONT_TO_SIDE,-112.060181296387,33.4067233631613,3,FOUR_WAY_INTERSECTION,ANGLE_FRONT_TO_SIDE,PHOENIX,"2009-03-01 18:47:00",OTHER_97+NOT_APPLICABLE_MINUS_1,FAILED_TO_YIELD_RIGHT_OF_WAY_103,,
2278417,2,ANGLE_FRONT_TO_SIDE,-112.030536925783,33.4240217000378,2,FOUR_WAY_INTERSECTION,ANGLE_FRONT_TO_SIDE,PHOENIX,"2009-02-25 04:47:00",KNOWINGLY_OPERATED_WITH_FAULTY_MISSING_EQUIPMENT,NO_IMPROPER_ACTION,,
2278430,2,ANGLE_FRONT_TO_SIDE,-110.283646018057,31.5612060920243,3,T_INTERSECTION,ANGLE_FRONT_TO_SIDE,"SIERRA VISTA","2009-02-19 17:45:00",NO_IMPROPER_ACTION,UNKNOWN_99,,
2278443,2,HEAD_ON,-112.146533992538,33.470326040473,3,NOT_AT_INTERSECTION_0,HEAD_ON,PHOENIX,"2009-02-27 20:23:00",NO_IMPROPER_ACTION,FAILED_TO_KEEP_IN_PROPER_LANE,,
2278476,2,OTHER_97,-112.065431837413,33.637163219747,3,NOT_AT_INTERSECTION_0,OTHER_97,PHOENIX,"2009-02-25 21:09:00",FAILED_TO_YIELD_RIGHT_OF_WAY_103,NO_IMPROPER_ACTION,,
2278484,2,OTHER_97,0,0,2,T_INTERSECTION,OTHER_97,WICKENBURG,"2009-03-08 16:13:00",DID_NOT_USE_CROSSWALK,FAILED_TO_YIELD_RIGHT_OF_WAY_103,,
2278883,2,OTHER_97,-112.185769585289,33.6175206667783,1,T_INTERSECTION,OTHER_97,GLENDALE,"2009-03-12 19:40:00",DISREGARDED_TRAFFIC_SIGNAL,NO_IMPROPER_ACTION,,
2279008,2,OTHER_97,-112.066293953794,33.3742069850798,3,NOT_AT_INTERSECTION_0,OTHER_97,PHOENIX,"2009-02-12 17:30:00",NO_IMPROPER_ACTION,INATTENTION_DISTRACTION,,
2279192,2,OTHER_97,0,0,2,NOT_AT_INTERSECTION_0,OTHER_97,PHOENIX,"2009-02-17 09:25:00",UNKNOWN_99,INATTENTION_DISTRACTION,,
2279210,2,HEAD_ON,-112.10848621121,33.4968302171909,3,T_INTERSECTION,HEAD_ON,PHOENIX,"2009-02-02 19:06:00",FAILED_TO_YIELD_RIGHT_OF_WAY_103,FAILED_TO_YIELD_RIGHT_OF_WAY_103,,
2279239,2,ANGLE_FRONT_TO_SIDE,-112.142916280847,33.5531109866203,4,FOUR_WAY_INTERSECTION,ANGLE_FRONT_TO_SIDE,PHOENIX,"2009-02-25 14:06:00",NO_IMPROPER_ACTION,FAILED_TO_YIELD_RIGHT_OF_WAY_103,,
2279289,2,ANGLE_FRONT_TO_SIDE,-110.994839594098,31.9012961418124,1,T_INTERSECTION,ANGLE_FRONT_TO_SIDE,SAHUARITA,"2009-03-27 12:02:00",NO_IMPROPER_ACTION,FAILED_TO_YIELD_RIGHT_OF_WAY_103,,
2279319,2,REAR_END,-112.277370625466,33.6128898389392,3,NOT_AT_INTERSECTION_0,REAR_END,UNSPECIFIED_999,"2009-02-14 18:07:00",INATTENTION_DISTRACTION,NO_IMPROPER_ACTION,,
2279320,2,ANGLE_FRONT_TO_SIDE,-112.256100217902,33.4464030104317,4,NOT_AT_INTERSECTION_0,ANGLE_FRONT_TO_SIDE,TOLLESON,"2009-03-22 16:16:00",DID_NOT_USE_CROSSWALK,FAILED_TO_YIELD_RIGHT_OF_WAY_103,,
2279365,2,OTHER_97,-112.175230825771,33.5646183349335,1,FOUR_WAY_INTERSECTION,OTHER_97,GLENDALE,"2009-03-14 14:05:00",NO_IMPROPER_ACTION,FAILED_TO_YIELD_RIGHT_OF_WAY_103,,
2279412,2,OTHER_97,-112.168593026646,33.5421450088979,2,FOUR_WAY_INTERSECTION,OTHER_97,GLENDALE,"2009-03-17 16:30:00",OTHER_97,FAILED_TO_YIELD_RIGHT_OF_WAY_103,,
2279528,2,LEFT_TURN,-111.024229776808,32.133863706882,4,FOUR_WAY_INTERSECTION,LEFT_TURN,UNSPECIFIED_999,"2009-03-07 10:26:00",NO_IMPROPER_ACTION,MADE_IMPROPER_TURN,,