IncidentID,num_vehicles_involved,eCollisionManner,Longitude,Latitude,InjurySeverity,eIntersectionType,eCollisionManner,city_name,IncidentDateTime,cyclist_citations,driver_citations,nearest_count_site,distance_to_nearest_count_site
2293542,2,ANGLE_FRONT_TO_SIDE,-110.716923287101,32.3399988176708,1,T_INTERSECTION,ANGLE_FRONT_TO_SIDE,UNSPECIFIED_999,"2009-04-12 14:50:00",NO_IMPROPER_ACTION,RAN_STOP_SIGN,,
2293558,2,OTHER_97,0,0,3,FOUR_WAY_INTERSECTION,OTHER_97,MESA,"2009-04-14 18:32:00",OTHER_97,NO_IMPROPER_ACTION,,
2293633,2,ANGLE_FRONT_TO_SIDE,-110.961934254373,32.2503941838533,2,NOT_AT_INTERSECTION_0,ANGLE_FRONT_TO_SIDE,TUCSON,"2009-04-16 15:16:00",NO_IMPROPER_ACTION,FAILED_TO_YIELD_RIGHT_OF_WAY_103,,
2293670,2,SIDESWIPE_SAME_DIRECTION,-110.969915765539,32.2219410308607,2,FOUR_WAY_INTERSECTION,SIDESWIPE_SAME_DIRECTION,TUCSON,"2009-04-17 08:11:00",FAILED_TO_YIELD_RIGHT_OF_WAY_103,NO_IMPROPER_ACTION,,
2293781,2,ANGLE_FRONT_TO_SIDE,-112.095620575063,33.5095388080845,3,FOUR_WAY_INTERSECTION,ANGLE_FRONT_TO_SIDE,PHOENIX,"2009-04-05 12:25:00",NO_IMPROPER_ACTION,FAILED_TO_YIELD_RIGHT_OF_WAY_103,,
2293849,2,LEFT_TURN,-112.012928349937,33.4613579426134,4,NOT_AT_INTERSECTION_0,LEFT_TURN,PHOENIX,"2009-02-14 19:06:00",DROVE_RODE_IN_OPPOSING_TRAFFIC_LANE,INATTENTION_DISTRACTION,,
2294110,4,SIDESWIPE_OPPOSITE_DIRECTION,-112.125096757795,33.6173493659533,4,FOUR_WAY_INTERSECTION,SIDESWIPE_OPPOSITE_DIRECTION,PHOENIX,"2009-04-01 23:00:00",NO_IMPROPER_ACTION,NO_IMPROPER_ACTION+EXCEEDED_LAWFUL_SPEED+NO_IMPROPER_ACTION,,
2294124,2,ANGLE_FRONT_TO_SIDE,-110.84522607944,32.2210196550605,4,FOUR_WAY_INTERSECTION,ANGLE_FRONT_TO_SIDE,TUCSON,"2009-04-15 15:43:00",NO_IMPROPER_ACTION,FAILED_TO_YIELD_RIGHT_OF_WAY_103,,
2294169,2,ANGLE_FRONT_TO_SIDE,-110.960980254204,32.2612963980636,3,FOUR_WAY_INTERSECTION,ANGLE_FRONT_TO_SIDE,TUCSON,"2009-04-14 00:14:00",RAN_STOP_SIGN,UNKNOWN_99,,
2294225,2,OTHER_97,0,0,3,T_INTERSECTION,OTHER_97,PHOENIX,"2009-04-01 20:20:00",NO_IMPROPER_ACTION,FAILED_TO_YIELD_RIGHT_OF_WAY_103,,
2294492,2,ANGLE_FRONT_TO_SIDE,-111.947359886874,33.6258518243443,1,FOUR_WAY_INTERSECTION,ANGLE_FRONT_TO_SIDE,PHOENIX,"2009-04-19 14:58:00",FAILED_TO_YIELD_RIGHT_OF_WAY_103,NO_IMPROPER_ACTION,,
2294524,2,ANGLE_FRONT_TO_SIDE,-112.132221489306,33.5781177987005,3,NOT_AT_INTERSECTION_0,ANGLE_FRONT_TO_SIDE,PHOENIX,"2009-04-03 19:45:00",DROVE_RODE_IN_OPPOSING_TRAFFIC_LANE,NO_IMPROPER_ACTION,,
2294600,2,LEFT_TURN,-112.221182248118,33.4829418224139,1,NOT_AT_INTERSECTION_0,LEFT_TURN,PHOENIX,"2009-04-04 17:02:00",FAILED_TO_KEEP_IN_PROPER_LANE,NO_IMPROPER_ACTION,,
2294692,2,SIDESWIPE_SAME_DIRECTION,-112.1330665005,33.4513736103844,3,NOT_AT_INTERSECTION_0,SIDESWIPE_SAME_DIRECTION,PHOENIX,"2009-04-08 15:55:00",DROVE_RODE_IN_OPPOSING_TRAFFIC_LANE,NO_IMPROPER_ACTION,,
2294722,2,OTHER_97,-112.056379924984,33.4657304856,2,FOUR_WAY_INTERSECTION,OTHER_97,PHOENIX,"2009-04-16 07:26:00",INATTENTION_DISTRACTION,NO_IMPROPER_ACTION,,
2294888,2,LEFT_TURN,-111.814153014756,33.4078364057021,1,FOUR_WAY_INTERSECTION,LEFT_TURN,MESA,"2009-04-02 19:15:00",DROVE_RODE_IN_OPPOSING_TRAFFIC_LANE,NO_IMPROPER_ACTION,,
2294958,5,REAR_END,-110.971746961116,32.2277052331288,3,NOT_AT_INTERSECTION_0,REAR_END,TUCSON,"2009-04-14 13:55:00",NO_IMPROPER_ACTION+NO_IMPROPER_ACTION,NOT_APPLICABLE_MINUS_1+NO_IMPROPER_ACTION+NOT_APPLICABLE_MINUS_1+NO_IMPROPER_ACTION+NOT_APPLICABLE_MINUS_1+SPEED_TOO_FAST_FOR_CONDITIONS+NOT_APPLICABLE_MINUS_1,,
2295026,2,SIDESWIPE_SAME_DIRECTION,-111.64551068628,35.1925503722167,1,NOT_AT_INTERSECTION_0,SIDESWIPE_SAME_DIRECTION,FLAGSTAFF,"2009-04-01 16:19:00",FAILED_TO_KEEP_IN_PROPER_LANE,NO_IMPROPER_ACTION,,
2295165,2,OTHER_97,-112.131929842097,35.8324752170259,3,NOT_AT_INTERSECTION_0,OTHER_97,UNSPECIFIED_999,"2009-04-29 12:29:00",NOT_APPLICABLE_MINUS_1+FAILED_TO_YIELD_RIGHT_OF_WAY_103,NO_IMPROPER_ACTION,,
2295168,2,ANGLE_FRONT_TO_SIDE,-111.916273868318,33.4220024530325,2,NOT_AT_INTERSECTION_0,ANGLE_FRONT_TO_SIDE,TEMPE,"2009-04-22 14:45:00",OTHER_97,NO_IMPROPER_ACTION,116,0.00165118509941484
2295208,2,ANGLE_FRONT_TO_SIDE,-111.999656267337,33.4763711033238,3,FOUR_WAY_INTERSECTION,ANGLE_FRONT_TO_SIDE,PHOENIX,"2009-04-23 19:57:00",RAN_STOP_SIGN,NO_IMPROPER_ACTION,,
2295269,2,OTHER_97,-111.79539958802,34.8639180430828,1,FOUR_WAY_INTERSECTION,OTHER_97,SEDONA,"2009-03-21 12:09:00",FAILED_TO_KEEP_IN_PROPER_LANE,FAILED_TO_YIELD_RIGHT_OF_WAY_103,,
2295433,2,OTHER_97,-110.980673410438,32.2208033606139,1,FOUR_WAY_INTERSECTION,OTHER_97,TUCSON,"2009-02-27 10:16:00",DROVE_RODE_IN_OPPOSING_TRAFFIC_LANE,NO_IMPROPER_ACTION,,
2295451,2,ANGLE_FRONT_TO_SIDE,-111.783190136406,34.8626101075543,4,T_INTERSECTION,ANGLE_FRONT_TO_SIDE,SEDONA,"2009-04-24 19:30:00",DISREGARDED_TRAFFIC_SIGNAL,NOT_APPLICABLE_MINUS_1+NO_IMPROPER_ACTION+NOT_APPLICABLE_MINUS_1,,
2295496,2,HEAD_ON,-112.134340005508,33.6395644600686,1,NOT_AT_INTERSECTION_0,HEAD_ON,PHOENIX,"2009-04-11 19:58:00",DID_NOT_USE_CROSSWALK,NOT_APPLICABLE_MINUS_1+NO_IMPROPER_ACTION+NOT_APPLICABLE_MINUS_1+NOT_APPLICABLE_MINUS_1,,
2295532,2,OTHER_97,-112.095433391314,33.494950614826,5,NOT_AT_INTERSECTION_0,OTHER_97,PHOENIX,"2009-02-26 10:08:00",INATTENTION_DISTRACTION,NO_IMPROPER_ACTION,,
2295567,2,REAR_END,-112.047803273435,33.4219065046883,5,NOT_AT_INTERSECTION_0,REAR_END,PHOENIX,"2009-07-11 03:36:00",NO_IMPROPER_ACTION,NOT_APPLICABLE_MINUS_1+INATTENTION_DISTRACTION,,
2295619,2,UNKNOWN_99,-112.06075435245,33.4657282268276,3,FOUR_WAY_INTERSECTION,UNKNOWN_99,PHOENIX,"2009-04-17 10:39:00",INATTENTION_DISTRACTION,NO_IMPROPER_ACTION,,
2295635,2,ANGLE_FRONT_TO_SIDE,-112.168651850078,33.5967759887198,3,NOT_AT_INTERSECTION_0,ANGLE_FRONT_TO_SIDE,PHOENIX,"2009-02-24 18:28:00",NO_IMPROPER_ACTION,FAILED_TO_YIELD_RIGHT_OF_WAY_103,,
2295692,2,UNKNOWN_99,-112.202922286029,33.6382073614715,1,FOUR_WAY_INTERSECTION,UNKNOWN_99,GLENDALE,"2009-03-29 14:43:00",DISREGARDED_TRAFFIC_SIGNAL,NOT_APPLICABLE_MINUS_1+NO_IMPROPER_ACTION+NOT_APPLICABLE_MINUS_1,,
2296081,2,ANGLE_FRONT_TO_SIDE,-111.959969349741,33.6403977538244,2,FOUR_WAY_INTERSECTION,ANGLE_FRONT_TO_SIDE,PHOENIX,"2009-04-20 18:31:00",NO_IMPROPER_ACTION,SPEED_TOO_FAST_FOR_CONDITIONS,,
2296189,2,REAR_END,-112.039737808368,33.4068161653488,5,NOT_AT_INTERSECTION_0,REAR_END,PHOENIX,"2009-06-08 22:01:00",NO_IMPROPER_ACTION,SPEED_TOO_FAST_FOR_CONDITIONS,,
2296297,2,ANGLE_FRONT_TO_SIDE,-110.94389113086,32.2278660113764,1,FOUR_WAY_INTERSECTION,ANGLE_FRONT_TO_SIDE,TUCSON,"2009-04-23 22:10:00",NO_IMPROPER_ACTION,UNKNOWN_99,,
2296302,2,ANGLE_FRONT_TO_SIDE,-110.93938892584,32.2069338646216,3,T_INTERSECTION,ANGLE_FRONT_TO_SIDE,TUCSON,"2009-04-23 17:18:00",FAILED_TO_YIELD_RIGHT_OF_WAY_103,NO_IMPROPER_ACTION,,
2296337,2,ANGLE_FRONT_TO_SIDE,-110.892634590642,32.2398283272032,3,FOUR_WAY_INTERSECTION,ANGLE_FRONT_TO_SIDE,TUCSON,"2009-04-25 18:34:00",FAILED_TO_YIELD_RIGHT_OF_WAY_103,NO_IMPROPER_ACTION,,
2296338,2,ANGLE_FRONT_TO_SIDE,-111.021537334568,32.2359199084826,2,FOUR_WAY_INTERSECTION,ANGLE_FRONT_TO_SIDE,TUCSON,"2009-04-25 15:39:00",NO_IMPROPER_ACTION,MADE_IMPROPER_TURN,,
2296344,2,OTHER_97,-111.003182148191,32.1833949073868,3,NOT_AT_INTERSECTION_0,OTHER_97,TUCSON,"2009-04-26 19:18:00",INATTENTION_DISTRACTION,NO_IMPROPER_ACTION,,
2296353,2,OTHER_97,-112.177681758477,33.6543489828786,1,FOUR_WAY_INTERSECTION,OTHER_97,GLENDALE,"2009-04-26 15:03:00",DROVE_RODE_IN_OPPOSING_TRAFFIC_LANE,FAILED_TO_YIELD_RIGHT_OF_WAY_103,,
2296424,2,ANGLE_FRONT_TO_SIDE,-111.963115188974,33.319866174686,4,FOUR_WAY_INTERSECTION,ANGLE_FRONT_TO_SIDE,CHANDLER,"2009-04-27 15:14:00",NO_IMPROPER_ACTION,FAILED_TO_YIELD_RIGHT_OF_WAY_103,,
2296445,2,ANGLE_FRONT_TO_SIDE,-112.151647476604,33.5239426446609,1,FOUR_WAY_INTERSECTION,ANGLE_FRONT_TO_SIDE,GLENDALE,"2009-04-30 16:47:00",DISREGARDED_TRAFFIC_SIGNAL,NO_IMPROPER_ACTION,,
2296466,2,LEFT_TURN,-112.151878033258,33.4625298869404,3,NOT_AT_INTERSECTION_0,LEFT_TURN,PHOENIX,"2009-03-23 04:05:00",DISREGARDED_TRAFFIC_SIGNAL,NO_IMPROPER_ACTION,,
2296504,2,ANGLE_FRONT_TO_SIDE,-111.639632581019,33.4078175187885,2,FOUR_WAY_INTERSECTION,ANGLE_FRONT_TO_SIDE,MESA,"2009-03-18 12:47:00",DROVE_RODE_IN_OPPOSING_TRAFFIC_LANE,INATTENTION_DISTRACTION,,
2296537,2,ANGLE_FRONT_TO_SIDE,-112.086912095965,33.5675473062888,2,T_INTERSECTION,ANGLE_FRONT_TO_SIDE,PHOENIX,"2009-04-24 22:14:00",OTHER_97,RAN_STOP_SIGN,,
2296575,2,OTHER_97,-110.88837110438,32.2434195311122,3,FOUR_WAY_INTERSECTION,OTHER_97,TUCSON,"2009-04-27 15:24:00",FAILED_TO_YIELD_RIGHT_OF_WAY_103,NO_IMPROPER_ACTION,,
2296613,2,REAR_END,-112.117031259511,33.4976251960342,3,NOT_AT_INTERSECTION_0,REAR_END,PHOENIX,"2009-04-28 19:16:00",NO_IMPROPER_ACTION,FAILED_TO_YIELD_RIGHT_OF_WAY_103,,
2296635,2,OTHER_97,-111.883813980567,33.3204580601455,1,NOT_AT_INTERSECTION_0,OTHER_97,CHANDLER,"2009-04-07 15:00:00",OTHER_97,NO_IMPROPER_ACTION,,
2296646,2,ANGLE_FRONT_TO_SIDE,-111.87359183674,33.3205703048558,1,T_INTERSECTION,ANGLE_FRONT_TO_SIDE,CHANDLER,"2009-04-07 17:48:00",DROVE_RODE_IN_OPPOSING_TRAFFIC_LANE,FAILED_TO_YIELD_RIGHT_OF_WAY_103,,
2296723,2,OTHER_97,-111.772586928898,34.7846992655836,3,NOT_AT_INTERSECTION_0,OTHER_97,UNSPECIFIED_999,"2009-04-08 11:36:00",FAILED_TO_YIELD_RIGHT_OF_WAY_103,NO_IMPROPER_ACTION,,
2296749,2,SIDESWIPE_SAME_DIRECTION,-112.111906583611,33.538715741948,2,INTERSECTION_AS_PART_OF_INTERCHANGE,SIDESWIPE_SAME_DIRECTION,PHOENIX,"2009-04-21 18:55:00",INATTENTION_DISTRACTION,INATTENTION_DISTRACTION,,
2296958,2,SIDESWIPE_SAME_DIRECTION,-111.954797414241,33.8250728047618,4,NOT_AT_INTERSECTION_0,SIDESWIPE_SAME_DIRECTION,CAVECREEK,"2009-04-02 20:45:00",NO_IMPROPER_ACTION,UNKNOWN_99,,
2296964,2,ANGLE_FRONT_TO_SIDE,-111.693083669269,33.4308438530914,1,FOUR_WAY_INTERSECTION,ANGLE_FRONT_TO_SIDE,UNSPECIFIED_999,"2009-04-19 16:48:00",NO_IMPROPER_ACTION,RAN_STOP_SIGN,,
2296965,2,ANGLE_FRONT_TO_SIDE,-112.13196273056,33.8609587474579,3,FOUR_WAY_INTERSECTION,ANGLE_FRONT_TO_SIDE,UNSPECIFIED_999,"2009-04-27 15:00:00",OTHER_97,DISREGARDED_TRAFFIC_SIGNAL,,
2296982,2,LEFT_TURN,-112.1778238755,33.4739798658979,2,NOT_AT_INTERSECTION_0,LEFT_TURN,PHOENIX,"2009-04-26 21:00:00",UNKNOWN_99,UNKNOWN_99,,
2297030,2,OTHER_97,0,0,3,NOT_AT_INTERSECTION_0,OTHER_97,CHANDLER,"2009-04-27 19:48:00",FAILED_TO_YIELD_RIGHT_OF_WAY_103,NO_IMPROPER_ACTION,,
2297206,2,SIDESWIPE_SAME_DIRECTION,-111.645839681796,35.1964622510739,1,T_INTERSECTION,SIDESWIPE_SAME_DIRECTION,FLAGSTAFF,"2009-04-07 15:15:00",NO_IMPROPER_ACTION,NOT_APPLICABLE_MINUS_1+FAILED_TO_YIELD_RIGHT_OF_WAY_103,,
2297253,2,ANGLE_FRONT_TO_SIDE,-110.961813735121,32.2503966179884,3,T_INTERSECTION,ANGLE_FRONT_TO_SIDE,TUCSON,"2009-04-26 07:43:00",UNSAFE_LANE_CHANGE,NOT_APPLICABLE_MINUS_1+NO_IMPROPER_ACTION,,
2297308,2,SIDESWIPE_OPPOSITE_DIRECTION,-112.047999824318,33.0590064763011,3,T_INTERSECTION,SIDESWIPE_OPPOSITE_DIRECTION,MARICOPA,"2009-04-27 07:45:00",NO_IMPROPER_ACTION,INATTENTION_DISTRACTION,,
2297571,2,LEFT_TURN,-112.190564830833,33.5384703979909,1,FOUR_WAY_INTERSECTION,LEFT_TURN,GLENDALE,"2009-04-10 16:06:00",NO_IMPROPER_ACTION,FAILED_TO_YIELD_RIGHT_OF_WAY_103+NOT_APPLICABLE_MINUS_1,,
2297741,2,LEFT_TURN,-112.118117924918,33.7982762039562,4,FOUR_WAY_INTERSECTION,LEFT_TURN,PHOENIX,"2009-03-01 13:18:00",FAILED_TO_YIELD_RIGHT_OF_WAY_103,NOT_APPLICABLE_MINUS_1+NO_IMPROPER_ACTION,,
2297763,2,ANGLE_FRONT_TO_SIDE,-111.933313703777,33.3637513083596,4,T_INTERSECTION,ANGLE_FRONT_TO_SIDE,TEMPE,"2009-05-14 06:40:00",NO_IMPROPER_ACTION,FAILED_TO_YIELD_RIGHT_OF_WAY_103,,
2297812,2,ANGLE_FRONT_TO_SIDE,-110.969727527218,31.9689491710132,1,FOUR_WAY_INTERSECTION,ANGLE_FRONT_TO_SIDE,SAHUARITA,"2009-05-18 06:45:00",UNKNOWN_99,UNKNOWN_99,,
2298011,2,ANGLE_FRONT_TO_SIDE,-111.831441668452,33.4223335617675,3,FOUR_WAY_INTERSECTION,ANGLE_FRONT_TO_SIDE,MESA,"2009-04-25 17:18:00",FAILED_TO_YIELD_RIGHT_OF_WAY_103,NO_IMPROPER_ACTION,,
2298073,2,ANGLE_FRONT_TO_SIDE,-111.773408166841,33.3646184960166,3,FOUR_WAY_INTERSECTION,ANGLE_FRONT_TO_SIDE,GILBERT,"2009-05-12 17:52:00",NO_IMPROPER_ACTION,NOT_APPLICABLE_MINUS_1+FAILED_TO_YIELD_RIGHT_OF_WAY_103,,
2298172,2,ANGLE_FRONT_TO_SIDE,-111.926277099269,33.4354338453606,3,FOUR_WAY_INTERSECTION,ANGLE_FRONT_TO_SIDE,TEMPE,"2009-04-05 12:25:00",DROVE_RODE_IN_OPPOSING_TRAFFIC_LANE,NO_IMPROPER_ACTION,,
2298219,2,ANGLE_FRONT_TO_SIDE,-110.948142490419,32.2348629708028,3,FOUR_WAY_INTERSECTION,ANGLE_FRONT_TO_SIDE,TUCSON,"2009-05-04 17:45:00",DROVE_RODE_IN_OPPOSING_TRAFFIC_LANE,NO_IMPROPER_ACTION,,
2298246,2,ANGLE_FRONT_TO_SIDE,-111.893179525789,33.320334319597,1,NOT_AT_INTERSECTION_0,ANGLE_FRONT_TO_SIDE,CHANDLER,"2009-03-06 18:20:00",DROVE_RODE_IN_OPPOSING_TRAFFIC_LANE,FAILED_TO_YIELD_RIGHT_OF_WAY_103,,
2298274,4,SIDESWIPE_SAME_DIRECTION,-112.047650503946,33.4548097094409,1,FOUR_WAY_INTERSECTION,SIDESWIPE_SAME_DIRECTION,PHOENIX,"2009-04-27 13:00:00",FAILED_TO_YIELD_RIGHT_OF_WAY_103,FAILED_TO_YIELD_RIGHT_OF_WAY_103+UNSAFE_LANE_CHANGE+NO_IMPROPER_ACTION,,
2298360,2,OTHER_97,-111.563376844694,33.3858947056834,2,INTERSECTION_AS_PART_OF_INTERCHANGE,OTHER_97,UNSPECIFIED_999,"2009-04-27 15:43:00",UNKNOWN_99,UNKNOWN_99,,
2298556,3,REAR_END,-112.099612314256,33.5935931568085,2,NOT_AT_INTERSECTION_0,REAR_END,PHOENIX,"2009-08-06 13:14:00",NO_IMPROPER_ACTION,NOT_APPLICABLE_MINUS_1+NO_IMPROPER_ACTION+SPEED_TOO_FAST_FOR_CONDITIONS,,
2298972,2,ANGLE_FRONT_TO_SIDE,-111.84142938016,33.3061857603742,1,FOUR_WAY_INTERSECTION,ANGLE_FRONT_TO_SIDE,CHANDLER,"2009-04-09 17:32:00",FAILED_TO_YIELD_RIGHT_OF_WAY_103,NO_IMPROPER_ACTION,,
2299042,2,ANGLE_FRONT_TO_SIDE,-111.613569968718,35.2154871235186,3,T_INTERSECTION,ANGLE_FRONT_TO_SIDE,FLAGSTAFF,"2009-04-28 17:07:00",OTHER_97,NO_IMPROPER_ACTION+NOT_APPLICABLE_MINUS_1,,
2299141,2,ANGLE_FRONT_TO_SIDE,-111.444984188189,36.8950079531706,3,FOUR_WAY_INTERSECTION,ANGLE_FRONT_TO_SIDE,PAGE,"2009-04-24 06:51:00",FAILED_TO_YIELD_RIGHT_OF_WAY_103,NO_IMPROPER_ACTION+NOT_APPLICABLE_MINUS_1+NOT_APPLICABLE_MINUS_1,,
2299306,2,OTHER_97,-110.841228581467,32.2507783598503,3,NOT_AT_INTERSECTION_0,OTHER_97,TUCSON,"2009-04-30 17:03:00",NO_IMPROPER_ACTION,FAILED_TO_YIELD_RIGHT_OF_WAY_103+NOT_APPLICABLE_MINUS_1+NOT_APPLICABLE_MINUS_1,,
2299316,2,ANGLE_FRONT_TO_SIDE,-110.968510431441,32.2068442330753,4,FOUR_WAY_INTERSECTION,ANGLE_FRONT_TO_SIDE,TUCSON,"2009-04-30 21:49:00",DISREGARDED_TRAFFIC_SIGNAL,NO_IMPROPER_ACTION+NOT_APPLICABLE_MINUS_1+NOT_APPLICABLE_MINUS_1+NOT_APPLICABLE_MINUS_1+NOT_APPLICABLE_MINUS_1,,
2299476,2,ANGLE_FRONT_TO_SIDE,-111.909125536482,33.4046160242389,2,NOT_AT_INTERSECTION_0,ANGLE_FRONT_TO_SIDE,TEMPE,"2009-05-15 17:35:00",FAILED_TO_YIELD_RIGHT_OF_WAY_103,NO_IMPROPER_ACTION,159,0.00281703674803637
2299489,2,LEFT_TURN,-111.701721098867,33.4373892890225,3,FOUR_WAY_INTERSECTION,LEFT_TURN,MESA,"2009-05-01 13:43:00",INATTENTION_DISTRACTION,FAILED_TO_YIELD_RIGHT_OF_WAY_103,,
2299687,2,ANGLE_FRONT_TO_SIDE,-112.099646005436,33.6043377499446,2,FOUR_WAY_INTERSECTION,ANGLE_FRONT_TO_SIDE,PHOENIX,"2009-04-14 05:05:00",UNKNOWN_99,FAILED_TO_YIELD_RIGHT_OF_WAY_103,,
2299711,2,SIDESWIPE_SAME_DIRECTION,-111.770992653008,33.4268092171047,1,NOT_AT_INTERSECTION_0,SIDESWIPE_SAME_DIRECTION,MESA,"2009-05-04 15:26:00",NO_IMPROPER_ACTION,NO_IMPROPER_ACTION+NOT_APPLICABLE_MINUS_1,,
2299712,2,LEFT_TURN,-111.80660205253,33.2335900132447,1,FOUR_WAY_INTERSECTION,LEFT_TURN,CHANDLER,"2009-04-22 16:08:00",DROVE_RODE_IN_OPPOSING_TRAFFIC_LANE,INATTENTION_DISTRACTION+NOT_APPLICABLE_MINUS_1,,
2299723,2,SIDESWIPE_OPPOSITE_DIRECTION,-111.842858422811,33.2981440654598,2,NOT_AT_INTERSECTION_0,SIDESWIPE_OPPOSITE_DIRECTION,CHANDLER,"2009-04-25 17:30:00",INATTENTION_DISTRACTION,NO_IMPROPER_ACTION+NOT_APPLICABLE_MINUS_1,,
2299724,2,OTHER_97,-111.974684280044,33.6404111003886,2,FOUR_WAY_INTERSECTION,OTHER_97,PHOENIX,"2009-04-15 15:48:00",OTHER_97,INATTENTION_DISTRACTION,,
2299753,2,ANGLE_FRONT_TO_SIDE,-111.909198477817,33.3876828666478,3,T_INTERSECTION,ANGLE_FRONT_TO_SIDE,TEMPE,"2009-05-12 05:06:00",OTHER_97,NO_IMPROPER_ACTION,,
2299756,2,HEAD_ON,0,0,1,FOUR_WAY_INTERSECTION,HEAD_ON,CHANDLER,"2009-04-27 11:01:00",NO_IMPROPER_ACTION,FAILED_TO_YIELD_RIGHT_OF_WAY_103,,
2299791,2,OTHER_97,-111.84748262618,33.2743193752025,3,T_INTERSECTION,OTHER_97,CHANDLER,"2009-04-18 15:01:00",DROVE_RODE_IN_OPPOSING_TRAFFIC_LANE,NO_IMPROPER_ACTION,,
2299799,2,ANGLE_FRONT_TO_SIDE,-111.841429485584,33.3061582819479,1,FOUR_WAY_INTERSECTION,ANGLE_FRONT_TO_SIDE,CHANDLER,"2009-04-02 13:33:00",FAILED_TO_YIELD_RIGHT_OF_WAY_103,NO_IMPROPER_ACTION+NOT_APPLICABLE_MINUS_1+NOT_APPLICABLE_MINUS_1+NOT_APPLICABLE_MINUS_1+NOT_APPLICABLE_MINUS_1,,
2299809,2,OTHER_97,-111.926290699467,33.4146063114753,3,FOUR_WAY_INTERSECTION,OTHER_97,TEMPE,"2009-05-13 07:19:00",INATTENTION_DISTRACTION,INATTENTION_DISTRACTION,131,0.000196544871538444
2299995,2,ANGLE_FRONT_TO_SIDE,-111.934948288197,33.4096197255621,4,FOUR_WAY_INTERSECTION,ANGLE_FRONT_TO_SIDE,TEMPE,"2009-05-04 15:18:00",NO_IMPROPER_ACTION,FAILED_TO_YIELD_RIGHT_OF_WAY_103+NOT_APPLICABLE_MINUS_1+NOT_APPLICABLE_MINUS_1,139,0.00218896685119208
2300054,2,ANGLE_FRONT_TO_SIDE,-111.930240036188,33.4220501853872,3,NOT_AT_INTERSECTION_0,ANGLE_FRONT_TO_SIDE,TEMPE,"2009-05-05 18:02:00",NO_IMPROPER_ACTION,OTHER_97,117,0.00394103959931053
2300101,2,OTHER_97,-110.995079170691,32.2868239607075,1,FOUR_WAY_INTERSECTION,OTHER_97,UNSPECIFIED_999,"2009-05-18 07:30:00",DISREGARDED_TRAFFIC_SIGNAL,NO_IMPROPER_ACTION,,
2300119,2,OTHER_97,-111.840951819673,33.132786893891,2,NOT_AT_INTERSECTION_0,OTHER_97,UNSPECIFIED_999,"2009-03-22 02:08:00",OTHER_97,UNKNOWN_99+NOT_APPLICABLE_MINUS_1,,
2300135,2,OTHER_97,-112.35812722582,33.4586101316708,3,NOT_AT_INTERSECTION_0,OTHER_97,GOODYEAR,"2009-05-20 19:43:00",NO_IMPROPER_ACTION,SPEED_TOO_FAST_FOR_CONDITIONS,,
2300145,2,ANGLE_FRONT_TO_SIDE,-111.980470468331,33.3190922925149,2,NOT_AT_INTERSECTION_0,ANGLE_FRONT_TO_SIDE,PHOENIX,"2009-03-14 10:30:00",OTHER_97,NOT_APPLICABLE_MINUS_1+NO_IMPROPER_ACTION,,
2300308,2,LEFT_TURN,-111.909051823083,33.4585616687059,3,FOUR_WAY_INTERSECTION,LEFT_TURN,SCOTTSDALE,"2009-05-08 06:34:00",OTHER_97,FAILED_TO_YIELD_RIGHT_OF_WAY_103,,
2300616,2,ANGLE_FRONT_TO_SIDE,0,0,1,NOT_AT_INTERSECTION_0,ANGLE_FRONT_TO_SIDE,UNSPECIFIED_999,"2009-05-01 08:30:00",INATTENTION_DISTRACTION,NO_IMPROPER_ACTION,,
2300619,2,ANGLE_FRONT_TO_SIDE,-111.126644080011,32.1304792157232,1,NOT_AT_INTERSECTION_0,ANGLE_FRONT_TO_SIDE,UNSPECIFIED_999,"2009-05-02 14:29:00",NO_IMPROPER_ACTION,NO_IMPROPER_ACTION,,
2300677,2,SIDESWIPE_SAME_DIRECTION,-111.990913572933,33.7878409260479,3,NOT_AT_INTERSECTION_0,SIDESWIPE_SAME_DIRECTION,PHOENIX,"2009-04-18 10:34:00",UNKNOWN_99,UNKNOWN_99,,
2300682,2,ANGLE_FRONT_TO_SIDE,-110.96810411349,32.3697322447604,3,NOT_AT_INTERSECTION_0,ANGLE_FRONT_TO_SIDE,"ORO VALLEY","2009-05-09 08:17:00",NO_IMPROPER_ACTION,FAILED_TO_YIELD_RIGHT_OF_WAY_103,,
2300701,2,LEFT_TURN,-110.972614776424,32.3590718006202,3,T_INTERSECTION,LEFT_TURN,"ORO VALLEY","2009-05-04 17:19:00",INATTENTION_DISTRACTION,FAILED_TO_YIELD_RIGHT_OF_WAY_103,,
2300830,2,OTHER_97,-112.189374154098,33.5819519274398,2,FOUR_WAY_INTERSECTION,OTHER_97,GLENDALE,"2009-04-01 13:25:00",INATTENTION_DISTRACTION,NO_IMPROPER_ACTION+NOT_APPLICABLE_MINUS_1+NOT_APPLICABLE_MINUS_1,,
2301735,2,OTHER_97,-111.661502420816,35.1835140038367,3,T_INTERSECTION,OTHER_97,FLAGSTAFF,"2009-05-08 20:19:00",INATTENTION_DISTRACTION,INATTENTION_DISTRACTION,,
2301814,2,ANGLE_FRONT_TO_SIDE,-112.044598961008,33.4802244138806,2,NOT_AT_INTERSECTION_0,ANGLE_FRONT_TO_SIDE,PHOENIX,"2009-05-07 07:34:00",NO_IMPROPER_ACTION,FAILED_TO_YIELD_RIGHT_OF_WAY_103,,