IncidentID,num_vehicles_involved,eCollisionManner,Longitude,Latitude,InjurySeverity,eIntersectionType,eCollisionManner,city_name,IncidentDateTime,cyclist_citations,driver_citations,nearest_count_site,distance_to_nearest_count_site
2309864,2,ANGLE_FRONT_TO_SIDE,-111.860625643919,33.320596109932,3,NOT_AT_INTERSECTION_0,ANGLE_FRONT_TO_SIDE,CHANDLER,"2009-05-16 16:29:00",DROVE_RODE_IN_OPPOSING_TRAFFIC_LANE,NO_IMPROPER_ACTION,,
2309995,2,LEFT_TURN,-111.845964607233,33.291580399323,2,T_INTERSECTION,LEFT_TURN,CHANDLER,"2009-05-21 11:08:00",NO_IMPROPER_ACTION,FAILED_TO_YIELD_RIGHT_OF_WAY_103,,
2310004,2,HEAD_ON,-111.80660205253,33.2335900132447,3,FOUR_WAY_INTERSECTION,HEAD_ON,CHANDLER,"2009-05-01 16:06:00",DISREGARDED_TRAFFIC_SIGNAL,NOT_APPLICABLE_MINUS_1+NO_IMPROPER_ACTION+NOT_APPLICABLE_MINUS_1+NOT_APPLICABLE_MINUS_1,,
2310236,2,SIDESWIPE_SAME_DIRECTION,0,0,1,T_INTERSECTION,SIDESWIPE_SAME_DIRECTION,"PRESCOTT VALLEY","2009-05-17 12:00:00",UNKNOWN_99,NO_IMPROPER_ACTION+NOT_APPLICABLE_MINUS_1,,
2310373,2,ANGLE_FRONT_TO_SIDE,-112.224817518638,33.5234250416408,1,T_INTERSECTION,ANGLE_FRONT_TO_SIDE,GLENDALE,"2009-05-29 16:51:00",NO_IMPROPER_ACTION,INATTENTION_DISTRACTION+NOT_APPLICABLE_MINUS_1+NOT_APPLICABLE_MINUS_1+NOT_APPLICABLE_MINUS_1,,
2310571,2,SIDESWIPE_SAME_DIRECTION,-112.021666347943,33.596790322282,2,FOUR_WAY_INTERSECTION,SIDESWIPE_SAME_DIRECTION,PHOENIX,"2009-04-26 19:17:00",DID_NOT_USE_CROSSWALK,FAILED_TO_YIELD_RIGHT_OF_WAY_103,,
2310577,2,ANGLE_FRONT_TO_SIDE,-112.055619154863,33.3061212349985,2,FOUR_WAY_INTERSECTION,ANGLE_FRONT_TO_SIDE,PHOENIX,"2009-04-25 06:54:00",NO_IMPROPER_ACTION,FAILED_TO_YIELD_RIGHT_OF_WAY_103,,
2310580,2,OTHER_97,-112.105803761931,33.6399828236136,2,T_INTERSECTION,OTHER_97,PHOENIX,"2009-04-19 16:10:00",NO_IMPROPER_ACTION,UNKNOWN_99,,
2310610,2,SIDESWIPE_SAME_DIRECTION,-110.776629447565,32.0917623109899,1,NOT_AT_INTERSECTION_0,SIDESWIPE_SAME_DIRECTION,TUCSON,"2009-05-25 16:44:00",FAILED_TO_YIELD_RIGHT_OF_WAY_103,NO_IMPROPER_ACTION,,
2310786,2,LEFT_TURN,-111.871998910872,33.3047146702389,3,NOT_AT_INTERSECTION_0,LEFT_TURN,CHANDLER,"2009-05-14 13:23:00",NO_IMPROPER_ACTION,UNKNOWN_99,,
2310818,2,ANGLE_FRONT_TO_SIDE,-111.850324914674,33.3206201814027,2,FOUR_WAY_INTERSECTION,ANGLE_FRONT_TO_SIDE,CHANDLER,"2009-05-02 09:10:00",NO_IMPROPER_ACTION,FAILED_TO_YIELD_RIGHT_OF_WAY_103,,
2310848,2,ANGLE_FRONT_TO_SIDE,-111.876340109154,33.3059776573349,2,T_INTERSECTION,ANGLE_FRONT_TO_SIDE,CHANDLER,"2009-05-03 20:53:00",UNKNOWN_99,UNKNOWN_99,,
2310866,2,ANGLE_FRONT_TO_SIDE,-111.866775027196,33.3444561118722,1,NOT_AT_INTERSECTION_0,ANGLE_FRONT_TO_SIDE,CHANDLER,"2009-05-01 14:31:00",NO_IMPROPER_ACTION,FAILED_TO_YIELD_RIGHT_OF_WAY_103,,
2310918,2,SIDESWIPE_SAME_DIRECTION,-111.814693476446,33.2413235728247,3,T_INTERSECTION,SIDESWIPE_SAME_DIRECTION,CHANDLER,"2009-05-04 08:27:00",FAILED_TO_KEEP_IN_PROPER_LANE,NO_IMPROPER_ACTION,,
2310943,2,SIDESWIPE_SAME_DIRECTION,0,0,3,NOT_AT_INTERSECTION_0,SIDESWIPE_SAME_DIRECTION,UNSPECIFIED_999,"2009-02-12 17:32:00",INATTENTION_DISTRACTION,NO_IMPROPER_ACTION,,
2311350,2,ANGLE_FRONT_TO_SIDE,-110.879798443425,32.2434194777986,3,NOT_AT_INTERSECTION_0,ANGLE_FRONT_TO_SIDE,TUCSON,"2009-05-23 14:59:00",DID_NOT_USE_CROSSWALK,DISREGARDED_TRAFFIC_SIGNAL,,
2311363,2,,-112.272463038384,33.4937611009614,3,NOT_AT_INTERSECTION_0,,UNSPECIFIED_999,"2009-05-25 09:30:00",FAILED_TO_YIELD_RIGHT_OF_WAY_103,NO_IMPROPER_ACTION,,
2311422,3,,-112.004387897615,33.5826063726749,3,FOUR_WAY_INTERSECTION,,PHOENIX,"2009-04-23 07:11:00",NO_IMPROPER_ACTION,NO_IMPROPER_ACTION+DISREGARDED_TRAFFIC_SIGNAL,,
2311557,2,ANGLE_FRONT_TO_SIDE,-112.220603842319,33.5813878584089,3,NOT_AT_INTERSECTION_0,ANGLE_FRONT_TO_SIDE,PEORIA,"2009-06-01 10:51:00",NO_IMPROPER_ACTION,FAILED_TO_YIELD_RIGHT_OF_WAY_103,,
2311579,2,LEFT_TURN,-110.9433481333,32.1596075449222,3,FOUR_WAY_INTERSECTION,LEFT_TURN,TUCSON,"2009-08-02 18:44:00",FAILED_TO_KEEP_IN_PROPER_LANE,FAILED_TO_YIELD_RIGHT_OF_WAY_103,,
2311601,2,OTHER_97,-111.926289695545,33.4621481685115,3,NOT_AT_INTERSECTION_0,OTHER_97,SCOTTSDALE,"2009-06-01 15:29:00",NO_IMPROPER_ACTION,NO_IMPROPER_ACTION,,
2311613,2,ANGLE_FRONT_TO_SIDE,-111.963768272859,33.3198500916977,1,NOT_AT_INTERSECTION_0,ANGLE_FRONT_TO_SIDE,CHANDLER,"2009-05-30 14:38:00",INATTENTION_DISTRACTION,INATTENTION_DISTRACTION+NOT_APPLICABLE_MINUS_1,,
2311620,2,OTHER_97,-111.871907832661,33.6241114613149,3,FOUR_WAY_INTERSECTION,OTHER_97,SCOTTSDALE,"2009-06-04 17:05:00",INATTENTION_DISTRACTION,INATTENTION_DISTRACTION,,
2311707,2,ANGLE_FRONT_TO_SIDE,-111.824138892746,33.3134306846484,3,FOUR_WAY_INTERSECTION,ANGLE_FRONT_TO_SIDE,CHANDLER,"2009-05-29 20:35:00",NO_IMPROPER_ACTION,DISREGARDED_TRAFFIC_SIGNAL,,
2311749,2,OTHER_97,-110.94296889464,32.2214691199587,3,NOT_AT_INTERSECTION_0,OTHER_97,TUCSON,"2009-08-03 16:20:00",DROVE_RODE_IN_OPPOSING_TRAFFIC_LANE,NO_IMPROPER_ACTION,,
2311765,2,ANGLE_FRONT_TO_SIDE,0,0,4,NOT_AT_INTERSECTION_0,ANGLE_FRONT_TO_SIDE,UNSPECIFIED_999,"2009-01-19 11:00:00",UNKNOWN_99,UNKNOWN_99,,
2311921,2,LEFT_TURN,0,0,2,NOT_AT_INTERSECTION_0,LEFT_TURN,MARANA,"2009-06-03 06:14:00",DROVE_RODE_IN_OPPOSING_TRAFFIC_LANE,NO_IMPROPER_ACTION+NOT_APPLICABLE_MINUS_1+NOT_APPLICABLE_MINUS_1,,
2312090,2,OTHER_97,-111.94511572355,33.4073724874303,3,NOT_AT_INTERSECTION_0,OTHER_97,TEMPE,"2009-06-08 12:08:00",OTHER_97,NO_IMPROPER_ACTION,162,0.00271790571476214
2312094,2,ANGLE_FRONT_TO_SIDE,-111.926412132247,33.4288547979662,3,FOUR_WAY_INTERSECTION,ANGLE_FRONT_TO_SIDE,TEMPE,"2009-06-02 18:10:00",FAILED_TO_YIELD_RIGHT_OF_WAY_103,NO_IMPROPER_ACTION,103,0.000500309335604273
2312133,2,OTHER_97,-112.086927203315,33.49488564322,2,FOUR_WAY_INTERSECTION,OTHER_97,PHOENIX,"2009-05-04 23:55:00",UNKNOWN_99,NO_IMPROPER_ACTION,,
2312146,2,LEFT_TURN,-112.073777465566,33.5046630855396,1,NOT_AT_INTERSECTION_0,LEFT_TURN,PHOENIX,"2009-05-21 18:29:00",DROVE_RODE_IN_OPPOSING_TRAFFIC_LANE,NO_IMPROPER_ACTION,,
2312199,2,ANGLE_FRONT_TO_SIDE,-111.878290535711,33.3764229455107,1,T_INTERSECTION,ANGLE_FRONT_TO_SIDE,MESA,"2009-06-08 12:19:00",UNKNOWN_99,NO_IMPROPER_ACTION,,
2312212,2,OTHER_97,0,0,3,T_INTERSECTION,OTHER_97,UNSPECIFIED_999,"2009-05-03 15:20:00",RAN_STOP_SIGN,NO_IMPROPER_ACTION,,
2312298,2,OTHER_97,-112.061857450142,33.6685397500327,4,NOT_AT_INTERSECTION_0,OTHER_97,PHOENIX,"2009-05-07 18:27:00",NO_IMPROPER_ACTION,FAILED_TO_KEEP_IN_PROPER_LANE,,
2312342,2,ANGLE_FRONT_TO_SIDE,-112.134224037684,33.5203412625115,3,T_INTERSECTION,ANGLE_FRONT_TO_SIDE,PHOENIX,"2009-05-07 20:19:00",DROVE_RODE_IN_OPPOSING_TRAFFIC_LANE,NO_IMPROPER_ACTION+NOT_APPLICABLE_MINUS_1,,
2312351,2,ANGLE_FRONT_TO_SIDE,0,0,2,FOUR_WAY_INTERSECTION,ANGLE_FRONT_TO_SIDE,"CASA GRANDE","2009-06-12 16:00:00",INATTENTION_DISTRACTION,INATTENTION_DISTRACTION,,
2313198,2,ANGLE_FRONT_TO_SIDE,-111.908813985252,33.5166378163461,3,FOUR_WAY_INTERSECTION,ANGLE_FRONT_TO_SIDE,SCOTTSDALE,"2009-06-04 09:37:00",OTHER_97,FAILED_TO_YIELD_RIGHT_OF_WAY_103,,
2313307,2,ANGLE_FRONT_TO_SIDE,-111.826557015788,33.5751774701091,3,FOUR_WAY_INTERSECTION,ANGLE_FRONT_TO_SIDE,SCOTTSDALE,"2009-06-12 15:57:00",INATTENTION_DISTRACTION,NO_IMPROPER_ACTION,,
2313317,2,OTHER_97,-111.943416424686,33.4729248001339,3,FOUR_WAY_INTERSECTION,OTHER_97,SCOTTSDALE,"2009-06-11 19:07:00",MADE_IMPROPER_TURN,NO_IMPROPER_ACTION,,
2313321,2,ANGLE_FRONT_TO_SIDE,-111.874013114171,33.3930535921204,2,NOT_AT_INTERSECTION_0,ANGLE_FRONT_TO_SIDE,MESA,"2009-06-04 14:37:00",OTHER_97,NO_IMPROPER_ACTION,,
2313351,2,OTHER_97,-112.097262052596,33.8433057400001,3,T_INTERSECTION,OTHER_97,UNSPECIFIED_999,"2009-06-02 06:57:00",NO_IMPROPER_ACTION,INATTENTION_DISTRACTION,,
2313372,2,SIDESWIPE_SAME_DIRECTION,-111.668324292955,33.2486929039677,4,NOT_AT_INTERSECTION_0,SIDESWIPE_SAME_DIRECTION,UNSPECIFIED_999,"2009-06-01 16:24:00",UNKNOWN_99,FAILED_TO_KEEP_IN_PROPER_LANE,,
2313398,2,SIDESWIPE_SAME_DIRECTION,-112.112702538535,33.5248509556355,3,NOT_AT_INTERSECTION_0,SIDESWIPE_SAME_DIRECTION,PHOENIX,"2009-05-24 11:00:00",NO_IMPROPER_ACTION,UNKNOWN_99,,
2313493,2,OTHER_97,-111.79539958802,34.8639180430828,1,NOT_AT_INTERSECTION_0,OTHER_97,SEDONA,"2009-06-05 14:17:00",UNKNOWN_99,INATTENTION_DISTRACTION,,
2313532,2,ANGLE_FRONT_TO_SIDE,-110.079047648884,34.5078963737396,2,FOUR_WAY_INTERSECTION,ANGLE_FRONT_TO_SIDE,SNOWFLAKE,"2009-06-04 12:39:00",UNKNOWN_99,NO_IMPROPER_ACTION,,
2313625,2,SIDESWIPE_OPPOSITE_DIRECTION,-112.292128546096,34.6492808775192,4,NOT_AT_INTERSECTION_0,SIDESWIPE_OPPOSITE_DIRECTION,UNSPECIFIED_999,"2009-06-12 21:03:00",KNOWINGLY_OPERATED_WITH_FAULTY_MISSING_EQUIPMENT,NO_IMPROPER_ACTION+NOT_APPLICABLE_MINUS_1+NOT_APPLICABLE_MINUS_1,,
2313678,2,SIDESWIPE_SAME_DIRECTION,-110.969767968544,32.3658048487154,2,NOT_AT_INTERSECTION_0,SIDESWIPE_SAME_DIRECTION,"ORO VALLEY","2009-06-24 13:59:00",NO_IMPROPER_ACTION,INATTENTION_DISTRACTION,,
2313712,2,REAR_END,-111.788339963342,33.3899023974857,2,FOUR_WAY_INTERSECTION,REAR_END,MESA,"2009-06-21 18:23:00",UNKNOWN_99,NO_IMPROPER_ACTION+NOT_APPLICABLE_MINUS_1+NOT_APPLICABLE_MINUS_1,,
2313730,2,SIDESWIPE_SAME_DIRECTION,-111.739028344071,33.4227736189904,3,NOT_AT_INTERSECTION_0,SIDESWIPE_SAME_DIRECTION,MESA,"2009-06-20 11:56:00",FAILED_TO_YIELD_RIGHT_OF_WAY_103,NO_IMPROPER_ACTION,,
2313757,2,LEFT_TURN,-111.753716915555,33.4154564513047,3,FOUR_WAY_INTERSECTION,LEFT_TURN,MESA,"2009-06-18 15:38:00",NO_IMPROPER_ACTION,NO_IMPROPER_ACTION+NOT_APPLICABLE_MINUS_1,,
2313758,2,REAR_END,-111.012705793332,32.2943456904983,1,NOT_AT_INTERSECTION_0,REAR_END,UNSPECIFIED_999,"2009-06-12 15:11:00",INATTENTION_DISTRACTION,FAILED_TO_YIELD_RIGHT_OF_WAY_103+NOT_APPLICABLE_MINUS_1,,
2313762,2,ANGLE_FRONT_TO_SIDE,-111.811204276784,34.8624190039887,1,NOT_AT_INTERSECTION_0,ANGLE_FRONT_TO_SIDE,SEDONA,"2009-06-30 18:53:00",FAILED_TO_YIELD_RIGHT_OF_WAY_103,NO_IMPROPER_ACTION,,
2313812,2,SIDESWIPE_SAME_DIRECTION,-109.971982884574,34.1270983428132,3,NOT_AT_INTERSECTION_0,SIDESWIPE_SAME_DIRECTION,PINETOP,"2009-06-12 08:22:00",UNKNOWN_99,UNKNOWN_99,,
2313847,3,ANGLE_FRONT_TO_SIDE,-111.652233813792,35.2017055206767,3,FOUR_WAY_INTERSECTION,ANGLE_FRONT_TO_SIDE,FLAGSTAFF,"2009-06-10 12:32:00",NO_IMPROPER_ACTION,UNKNOWN_99+NOT_APPLICABLE_MINUS_1+NOT_APPLICABLE_MINUS_1+NO_IMPROPER_ACTION,,
2313946,2,ANGLE_FRONT_TO_SIDE,0,0,3,T_INTERSECTION,ANGLE_FRONT_TO_SIDE,YUMA,"2009-06-22 10:23:00",DROVE_RODE_IN_OPPOSING_TRAFFIC_LANE,NO_IMPROPER_ACTION,,
2313960,2,OTHER_97,-111.704773251558,33.3649861861713,2,FOUR_WAY_INTERSECTION,OTHER_97,GILBERT,"2009-06-22 15:12:00",WALKED_ON_WRONG_SIDE_OF_ROAD,NO_IMPROPER_ACTION,,
2313965,2,LEFT_TURN,-111.721862571005,33.3649195275789,1,FOUR_WAY_INTERSECTION,LEFT_TURN,GILBERT,"2009-06-17 17:29:00",UNKNOWN_99,UNKNOWN_99,,
2314047,2,ANGLE_FRONT_TO_SIDE,-111.927955113352,33.4074575921581,1,T_INTERSECTION,ANGLE_FRONT_TO_SIDE,TEMPE,"2009-06-07 10:54:00",NO_IMPROPER_ACTION,FAILED_TO_YIELD_RIGHT_OF_WAY_103,138,0.00185715604207945
2314066,2,ANGLE_FRONT_TO_SIDE,-112.220234651372,33.5958361302334,3,FOUR_WAY_INTERSECTION,ANGLE_FRONT_TO_SIDE,PEORIA,"2009-06-25 14:50:00",NO_IMPROPER_ACTION,SPEED_TOO_FAST_FOR_CONDITIONS,,
2314137,2,ANGLE_FRONT_TO_SIDE,-111.806939722381,33.3322993414251,4,NOT_AT_INTERSECTION_0,ANGLE_FRONT_TO_SIDE,GILBERT,"2009-06-11 16:39:00",FAILED_TO_YIELD_RIGHT_OF_WAY_103,NO_IMPROPER_ACTION,,
2314142,2,ANGLE_FRONT_TO_SIDE,-111.848351893093,33.4122738855617,2,T_INTERSECTION,ANGLE_FRONT_TO_SIDE,MESA,"2009-06-02 07:38:00",OTHER_97,NO_IMPROPER_ACTION+NOT_APPLICABLE_MINUS_1+NOT_APPLICABLE_MINUS_1,,
2314155,2,OTHER_97,-111.874405769789,33.422003770885,4,NOT_AT_INTERSECTION_0,OTHER_97,MESA,"2009-06-06 20:53:00",NO_IMPROPER_ACTION,FAILED_TO_YIELD_RIGHT_OF_WAY_103+NOT_APPLICABLE_MINUS_1+NOT_APPLICABLE_MINUS_1+NOT_APPLICABLE_MINUS_1+NOT_APPLICABLE_MINUS_1+NOT_APPLICABLE_MINUS_1,,
2314161,2,ANGLE_FRONT_TO_SIDE,-111.83112142839,33.4506508475868,2,NOT_AT_INTERSECTION_0,ANGLE_FRONT_TO_SIDE,MESA,"2009-06-10 14:05:00",DROVE_RODE_IN_OPPOSING_TRAFFIC_LANE,NOT_APPLICABLE_MINUS_1+NO_IMPROPER_ACTION,,
2314303,2,ANGLE_FRONT_TO_SIDE,-111.958577764303,33.4444946893079,1,NOT_AT_INTERSECTION_0,ANGLE_FRONT_TO_SIDE,TEMPE,"2009-06-19 12:41:00",UNKNOWN_99,NO_IMPROPER_ACTION,158,0.00330788217888439
2314432,2,ANGLE_FRONT_TO_SIDE,-111.521098829453,33.4369589458315,3,FOUR_WAY_INTERSECTION,ANGLE_FRONT_TO_SIDE,"APACHE JUNCTION","2009-06-20 21:18:00",DROVE_RODE_IN_OPPOSING_TRAFFIC_LANE,NOT_APPLICABLE_MINUS_1+NO_IMPROPER_ACTION+NOT_APPLICABLE_MINUS_1,,
2314477,2,ANGLE_FRONT_TO_SIDE,-111.922086107902,33.4657728925553,3,NOT_AT_INTERSECTION_0,ANGLE_FRONT_TO_SIDE,SCOTTSDALE,"2009-06-23 16:09:00",INATTENTION_DISTRACTION,INATTENTION_DISTRACTION+NOT_APPLICABLE_MINUS_1,,
2314479,2,OTHER_97,-112.168622832681,33.537860824162,2,NOT_AT_INTERSECTION_0,OTHER_97,GLENDALE,"2009-06-08 07:32:00",NO_IMPROPER_ACTION,NO_IMPROPER_ACTION,,
2314598,2,OTHER_97,-112.202924072352,33.6382347161409,2,FOUR_WAY_INTERSECTION,OTHER_97,GLENDALE,"2009-06-07 13:32:00",UNKNOWN_99,UNKNOWN_99,,
2314648,2,ANGLE_FRONT_TO_SIDE,0,0,1,FOUR_WAY_INTERSECTION,ANGLE_FRONT_TO_SIDE,SCOTTSDALE,"2009-06-28 09:12:00",DROVE_RODE_IN_OPPOSING_TRAFFIC_LANE,NO_IMPROPER_ACTION,,
2314811,2,SIDESWIPE_SAME_DIRECTION,-111.02944881829,32.3261583310873,3,NOT_AT_INTERSECTION_0,SIDESWIPE_SAME_DIRECTION,UNSPECIFIED_999,"2009-06-29 22:15:00",FAILED_TO_KEEP_IN_PROPER_LANE,INATTENTION_DISTRACTION,,
2314840,2,LEFT_TURN,-112.397321367945,33.4871805501579,2,FOUR_WAY_INTERSECTION,LEFT_TURN,GOODYEAR,"2009-06-24 21:07:00",NO_IMPROPER_ACTION,FAILED_TO_YIELD_RIGHT_OF_WAY_103,,
2314842,2,OTHER_97,-111.906385924692,33.5447153122801,3,FOUR_WAY_INTERSECTION,OTHER_97,SCOTTSDALE,"2009-06-22 10:29:00",NO_IMPROPER_ACTION,FAILED_TO_YIELD_RIGHT_OF_WAY_103,,
2314883,2,OTHER_97,-111.800557592004,33.3354500933129,3,T_INTERSECTION,OTHER_97,GILBERT,"2009-06-17 13:50:00",DROVE_RODE_IN_OPPOSING_TRAFFIC_LANE,FAILED_TO_YIELD_RIGHT_OF_WAY_103,,
2314899,2,ANGLE_FRONT_TO_SIDE,-112.187734668976,33.5349477610257,2,FOUR_WAY_INTERSECTION,ANGLE_FRONT_TO_SIDE,GLENDALE,"2009-06-05 14:31:00",FAILED_TO_YIELD_RIGHT_OF_WAY_103,NO_IMPROPER_ACTION+NOT_APPLICABLE_MINUS_1,,
2314910,2,OTHER_97,-111.744005969379,33.3067849774337,2,FOUR_WAY_INTERSECTION,OTHER_97,GILBERT,"2009-06-17 12:07:00",DROVE_RODE_IN_OPPOSING_TRAFFIC_LANE,NO_IMPROPER_ACTION,,
2315079,2,ANGLE_FRONT_TO_SIDE,-111.805406995865,33.4003202838328,2,NOT_AT_INTERSECTION_0,ANGLE_FRONT_TO_SIDE,MESA,"2009-06-06 13:30:00",NO_IMPROPER_ACTION,INATTENTION_DISTRACTION,,
2315091,2,ANGLE_FRONT_TO_SIDE,-111.926302897429,33.4064083686158,3,T_INTERSECTION,ANGLE_FRONT_TO_SIDE,TEMPE,"2009-06-20 12:55:00",DROVE_RODE_IN_OPPOSING_TRAFFIC_LANE+NOT_APPLICABLE_MINUS_1,OTHER_97,138,0.00105668707909443
2315105,2,SIDESWIPE_SAME_DIRECTION,-111.651025300457,35.196114976751,3,NOT_AT_INTERSECTION_0,SIDESWIPE_SAME_DIRECTION,FLAGSTAFF,"2009-06-14 08:55:00",NO_IMPROPER_ACTION,INATTENTION_DISTRACTION,,
2315250,2,REAR_END,-112.424123414275,33.6354054175105,2,NOT_AT_INTERSECTION_0,REAR_END,SURPRISE,"2009-06-26 10:53:00",NO_IMPROPER_ACTION,UNKNOWN_99,,
2315273,2,ANGLE_FRONT_TO_SIDE,-111.999658866788,33.4072267675407,2,T_INTERSECTION,ANGLE_FRONT_TO_SIDE,PHOENIX,"2009-11-06 11:32:00",FAILED_TO_KEEP_IN_PROPER_LANE,NO_IMPROPER_ACTION,,
2315283,2,ANGLE_FRONT_TO_SIDE,-111.736555647156,33.3937890575788,3,FOUR_WAY_INTERSECTION,ANGLE_FRONT_TO_SIDE,MESA,"2009-06-11 11:09:00",NO_IMPROPER_ACTION,FAILED_TO_YIELD_RIGHT_OF_WAY_103,,
2315284,2,OTHER_97,-111.794971391965,33.4152451224651,2,NOT_AT_INTERSECTION_0,OTHER_97,MESA,"2009-06-05 16:13:00",DROVE_RODE_IN_OPPOSING_TRAFFIC_LANE,NO_IMPROPER_ACTION,,
2315406,2,ANGLE_FRONT_TO_SIDE,-111.618194281863,35.2162023362213,4,FOUR_WAY_INTERSECTION,ANGLE_FRONT_TO_SIDE,FLAGSTAFF,"2009-06-27 08:17:00",INATTENTION_DISTRACTION,NO_IMPROPER_ACTION,,
2315413,2,ANGLE_FRONT_TO_SIDE,-111.063301557449,32.376438942263,1,T_INTERSECTION,ANGLE_FRONT_TO_SIDE,UNSPECIFIED_999,"2009-06-11 16:55:00",NO_IMPROPER_ACTION,FAILED_TO_YIELD_RIGHT_OF_WAY_103,,
2315496,2,OTHER_97,-112.186738099654,33.672515931768,5,FOUR_WAY_INTERSECTION,OTHER_97,GLENDALE,"2009-06-23 18:24:00",NO_IMPROPER_ACTION,DISREGARDED_TRAFFIC_SIGNAL,,
2315528,2,HEAD_ON,-111.042992543784,32.1628538920079,4,NOT_AT_INTERSECTION_0,HEAD_ON,UNSPECIFIED_999,"2009-06-16 14:14:00",DROVE_RODE_IN_OPPOSING_TRAFFIC_LANE,NO_IMPROPER_ACTION+NOT_APPLICABLE_MINUS_1,,
2315558,2,OTHER_97,-111.857001955884,33.4003555895518,4,FOUR_WAY_INTERSECTION,OTHER_97,MESA,"2009-06-22 09:58:00",OTHER_97,UNKNOWN_99,,
2315584,2,ANGLE_FRONT_TO_SIDE,-111.663986132638,33.3934043399008,3,FOUR_WAY_INTERSECTION,ANGLE_FRONT_TO_SIDE,MESA,"2009-06-05 18:43:00",FAILED_TO_YIELD_RIGHT_OF_WAY_103,NO_IMPROPER_ACTION,,
2315673,2,ANGLE_FRONT_TO_SIDE,-112.182300440486,33.6721139945169,4,T_INTERSECTION,ANGLE_FRONT_TO_SIDE,GLENDALE,"2009-06-10 14:40:00",FAILED_TO_YIELD_RIGHT_OF_WAY_103,NO_IMPROPER_ACTION,,
2315674,2,OTHER_97,-112.230119403674,33.5985361389327,2,NOT_AT_INTERSECTION_0,OTHER_97,PEORIA,"2009-06-27 03:00:00",DROVE_RODE_IN_OPPOSING_TRAFFIC_LANE,OTHER_97,,
2315867,2,REAR_END,-111.936824719506,33.320002205683,2,FOUR_WAY_INTERSECTION,REAR_END,CHANDLER,"2009-06-05 13:19:00",NO_IMPROPER_ACTION,FAILED_TO_YIELD_RIGHT_OF_WAY_103,,
2315881,2,ANGLE_FRONT_TO_SIDE,-112.186176375827,33.5530353689156,4,FOUR_WAY_INTERSECTION,ANGLE_FRONT_TO_SIDE,GLENDALE,"2009-06-17 13:21:00",OTHER_97,NO_IMPROPER_ACTION,,
2315889,2,ANGLE_FRONT_TO_SIDE,0,0,3,T_INTERSECTION,ANGLE_FRONT_TO_SIDE,UNSPECIFIED_999,"2009-06-06 12:15:00",UNKNOWN_99,INATTENTION_DISTRACTION,,
2315954,2,ANGLE_FRONT_TO_SIDE,-112.164502419309,33.5819027292944,4,NOT_AT_INTERSECTION_0,ANGLE_FRONT_TO_SIDE,GLENDALE,"2009-05-21 22:22:00",FAILED_TO_YIELD_RIGHT_OF_WAY_103,NO_IMPROPER_ACTION,,
2316046,2,LEFT_TURN,-111.841681548363,33.291543876993,1,FOUR_WAY_INTERSECTION,LEFT_TURN,CHANDLER,"2009-06-27 16:09:00",OTHER_97,FAILED_TO_YIELD_RIGHT_OF_WAY_103,,
2316063,2,ANGLE_FRONT_TO_SIDE,-111.806283526586,33.3353759209869,3,NOT_AT_INTERSECTION_0,ANGLE_FRONT_TO_SIDE,GILBERT,"2009-06-18 13:00:00",OTHER_97,FAILED_TO_YIELD_RIGHT_OF_WAY_103,,
2316147,2,ANGLE_FRONT_TO_SIDE,-112.168901174621,33.5747095128189,1,FOUR_WAY_INTERSECTION,ANGLE_FRONT_TO_SIDE,GLENDALE,"2009-05-08 18:23:00",NO_IMPROPER_ACTION,FAILED_TO_YIELD_RIGHT_OF_WAY_103+NOT_APPLICABLE_MINUS_1,,
2316160,2,ANGLE_FRONT_TO_SIDE,-111.930619794984,33.3346952175167,2,FOUR_WAY_INTERSECTION,ANGLE_FRONT_TO_SIDE,TEMPE,"2009-06-25 07:45:00",OTHER_97,INATTENTION_DISTRACTION,,
2316213,2,ANGLE_FRONT_TO_SIDE,-111.858098570837,33.2585424385762,3,FOUR_WAY_INTERSECTION,ANGLE_FRONT_TO_SIDE,CHANDLER,"2009-06-07 11:41:00",NO_IMPROPER_ACTION,INATTENTION_DISTRACTION,,
2316281,2,ANGLE_FRONT_TO_SIDE,-111.95249141211,33.3783357031764,3,FOUR_WAY_INTERSECTION,ANGLE_FRONT_TO_SIDE,TEMPE,"2009-06-20 13:50:00",DROVE_RODE_IN_OPPOSING_TRAFFIC_LANE,NO_IMPROPER_ACTION,,
2316298,2,ANGLE_FRONT_TO_SIDE,-111.910090975478,33.4075106802413,3,NOT_AT_INTERSECTION_0,ANGLE_FRONT_TO_SIDE,TEMPE,"2009-06-12 13:25:00",DROVE_RODE_IN_OPPOSING_TRAFFIC_LANE,NO_IMPROPER_ACTION,159,0.000987036960392613
2316339,2,ANGLE_FRONT_TO_SIDE,-112.047697846992,33.4514071611704,3,FOUR_WAY_INTERSECTION,ANGLE_FRONT_TO_SIDE,PHOENIX,"2009-06-09 23:59:00",DISREGARDED_TRAFFIC_SIGNAL,NO_IMPROPER_ACTION,,
2316356,2,,-112.025616347339,33.6548409976648,4,NOT_AT_INTERSECTION_0,,PHOENIX,"2009-06-10 10:56:00",NO_IMPROPER_ACTION,SPEED_TOO_FAST_FOR_CONDITIONS,,