IncidentID,num_vehicles_involved,eCollisionManner,Longitude,Latitude,InjurySeverity,eIntersectionType,eCollisionManner,city_name,IncidentDateTime,cyclist_citations,driver_citations,nearest_count_site,distance_to_nearest_count_site
2316412,2,ANGLE_FRONT_TO_SIDE,-111.942414960221,33.422065609296,2,FOUR_WAY_INTERSECTION,ANGLE_FRONT_TO_SIDE,TEMPE,"2009-06-20 16:39:00",DROVE_RODE_IN_OPPOSING_TRAFFIC_LANE,UNKNOWN_99,119,0.00024735686635866
2316462,2,OTHER_97,-110.927316103146,32.2069022503487,3,NOT_AT_INTERSECTION_0,OTHER_97,TUCSON,"2009-06-01 11:13:00",DROVE_RODE_IN_OPPOSING_TRAFFIC_LANE,NO_IMPROPER_ACTION,,
2316512,2,UNKNOWN_99,-110.977547412231,32.1486877671941,3,FOUR_WAY_INTERSECTION,UNKNOWN_99,TUCSON,"2009-06-02 21:27:00",UNKNOWN_99,UNKNOWN_99,,
2316551,2,SIDESWIPE_SAME_DIRECTION,-112.073743322015,33.5074742291978,1,NOT_AT_INTERSECTION_0,SIDESWIPE_SAME_DIRECTION,PHOENIX,"2009-06-10 17:26:00",NO_IMPROPER_ACTION,FAILED_TO_YIELD_RIGHT_OF_WAY_103,,
2316587,2,ANGLE_FRONT_TO_SIDE,-112.13470158264,33.6813168143865,3,FOUR_WAY_INTERSECTION,ANGLE_FRONT_TO_SIDE,PHOENIX,"2009-06-01 06:29:00",DROVE_RODE_IN_OPPOSING_TRAFFIC_LANE,NO_IMPROPER_ACTION,,
2316620,2,ANGLE_FRONT_TO_SIDE,-110.943952550459,32.2373536250727,3,T_INTERSECTION,ANGLE_FRONT_TO_SIDE,TUCSON,"2009-06-09 07:44:00",WALKED_ON_WRONG_SIDE_OF_ROAD,NO_IMPROPER_ACTION,,
2316625,2,REAR_END,-110.971250248571,32.2218993942275,4,FOUR_WAY_INTERSECTION,REAR_END,TUCSON,"2009-06-09 15:29:00",NO_IMPROPER_ACTION,SPEED_TOO_FAST_FOR_CONDITIONS,,
2316709,2,SIDESWIPE_SAME_DIRECTION,-111.016617930531,32.2068567741664,3,NOT_AT_INTERSECTION_0,SIDESWIPE_SAME_DIRECTION,TUCSON,"2009-06-10 08:15:00",NO_IMPROPER_ACTION,FAILED_TO_KEEP_IN_PROPER_LANE,,
2316765,2,ANGLE_FRONT_TO_SIDE,-112.08257954274,33.4547402344936,4,T_INTERSECTION,ANGLE_FRONT_TO_SIDE,PHOENIX,"2009-06-08 11:56:00",UNKNOWN_99,UNKNOWN_99,,
2316825,2,SIDESWIPE_SAME_DIRECTION,-110.971747572872,32.2576064953126,1,NOT_AT_INTERSECTION_0,SIDESWIPE_SAME_DIRECTION,TUCSON,"2009-06-11 08:06:00",NO_IMPROPER_ACTION,NOT_APPLICABLE_MINUS_1+FAILED_TO_YIELD_RIGHT_OF_WAY_103,,
2316854,2,ANGLE_FRONT_TO_SIDE,0,0,1,FOUR_WAY_INTERSECTION,ANGLE_FRONT_TO_SIDE,PHOENIX,"2009-06-17 19:45:00",NO_IMPROPER_ACTION,FAILED_TO_YIELD_RIGHT_OF_WAY_103,,
2316880,2,ANGLE_FRONT_TO_SIDE,-110.969638771439,32.2865479908401,3,FOUR_WAY_INTERSECTION,ANGLE_FRONT_TO_SIDE,TUCSON,"2009-06-12 18:22:00",NO_IMPROPER_ACTION,FAILED_TO_YIELD_RIGHT_OF_WAY_103+NOT_APPLICABLE_MINUS_1+NOT_APPLICABLE_MINUS_1,,
2317023,2,LEFT_TURN,-111.978328368413,33.3927631602965,3,FOUR_WAY_INTERSECTION,LEFT_TURN,TEMPE,"2009-06-12 18:34:00",NOT_APPLICABLE_MINUS_1+NO_IMPROPER_ACTION,DROVE_RODE_IN_OPPOSING_TRAFFIC_LANE,,
2317176,2,HEAD_ON,0,0,3,NOT_AT_INTERSECTION_0,HEAD_ON,KINGMAN,"2009-06-28 15:56:00",NO_IMPROPER_ACTION,RAN_STOP_SIGN+NOT_APPLICABLE_MINUS_1,,
2317266,2,OTHER_97,-112.116960959674,33.5585508474037,3,T_INTERSECTION,OTHER_97,PHOENIX,"2009-06-13 19:30:00",NO_IMPROPER_ACTION,UNKNOWN_99,,
2317269,2,LEFT_TURN,-111.028850144906,32.3062887796277,3,NOT_AT_INTERSECTION_0,LEFT_TURN,UNSPECIFIED_999,"2009-06-20 20:27:00",NO_IMPROPER_ACTION,INATTENTION_DISTRACTION,,
2317288,2,OTHER_97,-111.671065024119,32.7773541876516,3,NOT_AT_INTERSECTION_0,OTHER_97,UNSPECIFIED_999,"2009-06-21 04:16:00",OTHER_97,NO_IMPROPER_ACTION,,
2317375,2,REAR_END,-110.943818454995,32.2855606283384,2,NOT_AT_INTERSECTION_0,REAR_END,TUCSON,"2009-06-16 08:28:00",INATTENTION_DISTRACTION,NO_IMPROPER_ACTION,,
2317410,2,OTHER_97,-110.978003303605,32.2459484775942,1,FOUR_WAY_INTERSECTION,OTHER_97,TUCSON,"2009-06-16 07:12:00",NO_IMPROPER_ACTION,INATTENTION_DISTRACTION,,
2317412,2,ANGLE_FRONT_TO_SIDE,-112.013713005374,33.4951227604949,3,NOT_AT_INTERSECTION_0,ANGLE_FRONT_TO_SIDE,PHOENIX,"2009-07-02 21:53:00",DID_NOT_USE_CROSSWALK+NOT_APPLICABLE_MINUS_1,SPEED_TOO_FAST_FOR_CONDITIONS,,
2317426,2,OTHER_97,-110.959463459787,32.227743450456,3,FOUR_WAY_INTERSECTION,OTHER_97,TUCSON,"2009-06-17 12:59:00",NO_IMPROPER_ACTION,FAILED_TO_YIELD_RIGHT_OF_WAY_103,,
2317445,2,OTHER_97,-110.979127248893,32.2448681429158,3,T_INTERSECTION,OTHER_97,TUCSON,"2009-06-15 14:49:00",NO_IMPROPER_ACTION,FAILED_TO_YIELD_RIGHT_OF_WAY_103,,
2317447,2,ANGLE_FRONT_TO_SIDE,-110.961722060174,32.1778834272446,3,T_INTERSECTION,ANGLE_FRONT_TO_SIDE,TUCSON,"2009-06-16 15:05:00",OTHER_97,NO_IMPROPER_ACTION,,
2317449,2,ANGLE_FRONT_TO_SIDE,-112.185911693656,33.5855497625381,3,T_INTERSECTION,ANGLE_FRONT_TO_SIDE,GLENDALE,"2009-06-30 08:08:00",DROVE_RODE_IN_OPPOSING_TRAFFIC_LANE,NO_IMPROPER_ACTION,,
2317615,2,ANGLE_FRONT_TO_SIDE,-112.204093265086,33.5238132532358,3,NOT_AT_INTERSECTION_0,ANGLE_FRONT_TO_SIDE,GLENDALE,"2009-06-24 10:50:00",NO_IMPROPER_ACTION,FAILED_TO_YIELD_RIGHT_OF_WAY_103,,
2317639,2,OTHER_97,-112.195076126461,33.5094926327543,2,FOUR_WAY_INTERSECTION,OTHER_97,GLENDALE,"2009-06-24 15:40:00",NO_IMPROPER_ACTION,SPEED_TOO_FAST_FOR_CONDITIONS,,
2317694,2,ANGLE_FRONT_TO_SIDE,-112.097587409036,33.553056982023,2,NOT_AT_INTERSECTION_0,ANGLE_FRONT_TO_SIDE,PHOENIX,"2009-06-20 13:17:00",INATTENTION_DISTRACTION,INATTENTION_DISTRACTION+NOT_APPLICABLE_MINUS_1,,
2317723,2,ANGLE_FRONT_TO_SIDE,-111.005556258138,32.226362890677,3,FOUR_WAY_INTERSECTION,ANGLE_FRONT_TO_SIDE,TUCSON,"2009-06-24 18:46:00",NO_IMPROPER_ACTION,FAILED_TO_YIELD_RIGHT_OF_WAY_103,,
2317794,2,REAR_END,-110.772682743465,32.1187177023089,4,NOT_AT_INTERSECTION_0,REAR_END,TUCSON,"2009-06-27 12:20:00",UNSAFE_LANE_CHANGE,NO_IMPROPER_ACTION+NOT_APPLICABLE_MINUS_1+NOT_APPLICABLE_MINUS_1+NOT_APPLICABLE_MINUS_1,,
2317875,2,ANGLE_FRONT_TO_SIDE,-112.168576527504,33.5448935234477,2,NOT_AT_INTERSECTION_0,ANGLE_FRONT_TO_SIDE,GLENDALE,"2009-06-30 13:04:00",NO_IMPROPER_ACTION,FAILED_TO_YIELD_RIGHT_OF_WAY_103+NOT_APPLICABLE_MINUS_1+NOT_APPLICABLE_MINUS_1+NOT_APPLICABLE_MINUS_1,,
2317918,2,OTHER_97,-112.203109438085,33.5238208598217,2,FOUR_WAY_INTERSECTION,OTHER_97,GLENDALE,"2009-06-21 14:00:00",NO_IMPROPER_ACTION,INATTENTION_DISTRACTION,,
2317928,2,ANGLE_FRONT_TO_SIDE,-112.358133478396,33.4716039035299,2,FOUR_WAY_INTERSECTION,ANGLE_FRONT_TO_SIDE,GOODYEAR,"2009-06-11 16:22:00",NO_IMPROPER_ACTION,NO_IMPROPER_ACTION,,
2317961,2,REAR_END,-110.956823850812,32.2456767919705,3,NOT_AT_INTERSECTION_0,REAR_END,TUCSON,"2009-06-19 16:21:00",NO_IMPROPER_ACTION,INATTENTION_DISTRACTION,,
2317977,2,LEFT_TURN,-110.935238213686,32.2649255950706,3,FOUR_WAY_INTERSECTION,LEFT_TURN,TUCSON,"2009-06-06 15:50:00",NO_IMPROPER_ACTION,DISREGARDED_TRAFFIC_SIGNAL,,
2318027,2,LEFT_TURN,-110.857982831521,32.206760622433,1,FOUR_WAY_INTERSECTION,LEFT_TURN,TUCSON,"2009-06-26 14:47:00",FAILED_TO_YIELD_RIGHT_OF_WAY_103,NO_IMPROPER_ACTION,,
2318089,2,ANGLE_FRONT_TO_SIDE,-110.971432640496,32.2492287093239,3,NOT_AT_INTERSECTION_0,ANGLE_FRONT_TO_SIDE,TUCSON,"2009-06-22 08:15:00",FAILED_TO_YIELD_RIGHT_OF_WAY_103,NOT_APPLICABLE_MINUS_1+NO_IMPROPER_ACTION,,
2318217,2,OTHER_97,-112.073717288472,33.46943103441,3,FOUR_WAY_INTERSECTION,OTHER_97,PHOENIX,"2009-06-10 12:44:00",DISREGARDED_TRAFFIC_SIGNAL,NO_IMPROPER_ACTION+NOT_APPLICABLE_MINUS_1+NOT_APPLICABLE_MINUS_1,,
2318260,2,ANGLE_FRONT_TO_SIDE,-112.45368978876,34.7601043952443,1,FOUR_WAY_INTERSECTION,ANGLE_FRONT_TO_SIDE,"CHINO VALLEY","2009-06-19 13:30:00",DISREGARDED_TRAFFIC_SIGNAL,NO_IMPROPER_ACTION+NOT_APPLICABLE_MINUS_1,,
2318262,3,ANGLE_FRONT_TO_SIDE,-110.968012558899,32.144925276912,1,FOUR_WAY_INTERSECTION,ANGLE_FRONT_TO_SIDE,TUCSON,"2009-06-14 16:45:00",NO_IMPROPER_ACTION+NO_IMPROPER_ACTION,FAILED_TO_YIELD_RIGHT_OF_WAY_103,,
2318348,2,ANGLE_FRONT_TO_SIDE,-112.06144300666,33.4874342385805,3,NOT_AT_INTERSECTION_0,ANGLE_FRONT_TO_SIDE,UNSPECIFIED_999,"2009-07-15 06:21:00",OTHER_97,NO_IMPROPER_ACTION,,
2318371,2,ANGLE_FRONT_TO_SIDE,-112.073273590461,33.3797920201367,1,NOT_AT_INTERSECTION_0,ANGLE_FRONT_TO_SIDE,PHOENIX,"2009-06-26 13:07:00",DROVE_RODE_IN_OPPOSING_TRAFFIC_LANE,NOT_APPLICABLE_MINUS_1+FAILED_TO_YIELD_RIGHT_OF_WAY_103,,
2318539,3,SIDESWIPE_SAME_DIRECTION,-112.100551650105,33.2905001791131,3,NOT_AT_INTERSECTION_0,SIDESWIPE_SAME_DIRECTION,PHOENIX,"2009-06-26 10:54:00",SPEED_TOO_FAST_FOR_CONDITIONS,NO_IMPROPER_ACTION+NO_IMPROPER_ACTION,,
2318600,2,ANGLE_FRONT_TO_SIDE,-112.134289023877,33.546838143785,1,NOT_AT_INTERSECTION_0,ANGLE_FRONT_TO_SIDE,PHOENIX,"2009-07-10 13:46:00",NO_IMPROPER_ACTION,INATTENTION_DISTRACTION,,
2318602,2,ANGLE_FRONT_TO_SIDE,-112.169531305416,33.4949458377852,1,NOT_AT_INTERSECTION_0,ANGLE_FRONT_TO_SIDE,PHOENIX,"2009-07-11 10:31:00",DID_NOT_USE_CROSSWALK,NO_IMPROPER_ACTION,,
2318636,2,SIDESWIPE_SAME_DIRECTION,-111.719373996144,33.3864525119503,2,INTERSECTION_AS_PART_OF_INTERCHANGE,SIDESWIPE_SAME_DIRECTION,MESA,"2009-06-22 15:47:00",INATTENTION_DISTRACTION,INATTENTION_DISTRACTION,,
2318685,2,OTHER_97,-111.995429445561,33.4951151708153,2,FOUR_WAY_INTERSECTION,OTHER_97,PHOENIX,"2009-06-24 19:00:00",NO_IMPROPER_ACTION,INATTENTION_DISTRACTION,,
2318751,2,ANGLE_FRONT_TO_SIDE,-112.412099847477,33.6866805329121,5,FOUR_WAY_INTERSECTION,ANGLE_FRONT_TO_SIDE,SURPRISE,"2009-12-04 06:00:00",FAILED_TO_YIELD_RIGHT_OF_WAY_103,NO_IMPROPER_ACTION+NOT_APPLICABLE_MINUS_1,,
2318779,2,ANGLE_FRONT_TO_SIDE,-112.036163978869,33.6091536206901,2,FOUR_WAY_INTERSECTION,ANGLE_FRONT_TO_SIDE,PHOENIX,"2009-07-01 22:24:00",KNOWINGLY_OPERATED_WITH_FAULTY_MISSING_EQUIPMENT,FAILED_TO_YIELD_RIGHT_OF_WAY_103,,
2318895,2,OTHER_97,-112.08309442839,33.4839688468079,2,T_INTERSECTION,OTHER_97,PHOENIX,"2009-07-13 19:28:00",DISREGARDED_PAVEMENT_MARKINGS,NOT_APPLICABLE_MINUS_1+NO_IMPROPER_ACTION,,
2319000,2,ANGLE_FRONT_TO_SIDE,-112.03021867494,33.4585646990186,2,FOUR_WAY_INTERSECTION,ANGLE_FRONT_TO_SIDE,PHOENIX,"2009-07-26 14:10:00",INATTENTION_DISTRACTION,NOT_APPLICABLE_MINUS_1+FAILED_TO_YIELD_RIGHT_OF_WAY_103,,
2319163,2,HEAD_ON,0,0,2,NOT_AT_INTERSECTION_0,HEAD_ON,PHOENIX,"2009-06-16 10:48:00",DROVE_RODE_IN_OPPOSING_TRAFFIC_LANE,NO_IMPROPER_ACTION+NOT_APPLICABLE_MINUS_1+NOT_APPLICABLE_MINUS_1,,
2319198,2,ANGLE_FRONT_TO_SIDE,-111.805559289945,33.3856081219201,3,FOUR_WAY_INTERSECTION,ANGLE_FRONT_TO_SIDE,MESA,"2009-07-10 18:43:00",DROVE_RODE_IN_OPPOSING_TRAFFIC_LANE,INATTENTION_DISTRACTION,,
2319255,2,ANGLE_FRONT_TO_SIDE,-112.099503501318,33.5722045549154,2,FOUR_WAY_INTERSECTION,ANGLE_FRONT_TO_SIDE,PHOENIX,"2009-07-20 09:39:00",INATTENTION_DISTRACTION,INATTENTION_DISTRACTION,,
2319257,2,SIDESWIPE_SAME_DIRECTION,-111.805354137144,33.4079222696528,3,FOUR_WAY_INTERSECTION,SIDESWIPE_SAME_DIRECTION,MESA,"2009-07-07 17:26:00",NO_IMPROPER_ACTION,FAILED_TO_YIELD_RIGHT_OF_WAY_103,,
2319338,2,OTHER_97,-112.069830608076,33.6400763598756,3,FOUR_WAY_INTERSECTION,OTHER_97,PHOENIX,"2009-07-25 12:46:00",NO_IMPROPER_ACTION,UNKNOWN_99,,
2319445,2,ANGLE_FRONT_TO_SIDE,-112.065105945415,33.4262390558476,5,NOT_AT_INTERSECTION_0,ANGLE_FRONT_TO_SIDE,PHOENIX,"2009-07-31 04:37:00",KNOWINGLY_OPERATED_WITH_FAULTY_MISSING_EQUIPMENT,NO_IMPROPER_ACTION,,
2319536,2,ANGLE_FRONT_TO_SIDE,-111.627527087286,35.1921418721529,4,NOT_AT_INTERSECTION_0,ANGLE_FRONT_TO_SIDE,FLAGSTAFF,"2009-07-10 13:37:00",NO_IMPROPER_ACTION,FAILED_TO_YIELD_RIGHT_OF_WAY_103,,
2319545,7,UNKNOWN_99,-112.154530937406,33.4949144122973,4,NOT_AT_INTERSECTION_0,UNKNOWN_99,PHOENIX,"2009-06-27 10:48:00",DID_NOT_USE_CROSSWALK,NO_IMPROPER_ACTION,,
2319731,2,SIDESWIPE_OPPOSITE_DIRECTION,-111.659184061503,35.1922991399544,3,NOT_AT_INTERSECTION_0,SIDESWIPE_OPPOSITE_DIRECTION,FLAGSTAFF,"2009-07-07 16:04:00",INATTENTION_DISTRACTION,NO_IMPROPER_ACTION,,
2319769,2,ANGLE_FRONT_TO_SIDE,-111.657742623804,35.1845045510433,3,NOT_AT_INTERSECTION_0,ANGLE_FRONT_TO_SIDE,FLAGSTAFF,"2009-07-06 20:39:00",KNOWINGLY_OPERATED_WITH_FAULTY_MISSING_EQUIPMENT,NO_IMPROPER_ACTION,,
2319825,2,SIDESWIPE_SAME_DIRECTION,-112.099520234873,33.5820739925509,3,FOUR_WAY_INTERSECTION,SIDESWIPE_SAME_DIRECTION,PHOENIX,"2009-07-26 12:56:00",NO_IMPROPER_ACTION,NOT_APPLICABLE_MINUS_1+FAILED_TO_YIELD_RIGHT_OF_WAY_103,,
2319861,2,SIDESWIPE_SAME_DIRECTION,-111.92153316957,33.6039458061865,2,ROUNDABOUT,SIDESWIPE_SAME_DIRECTION,SCOTTSDALE,"2009-07-05 08:34:00",NO_IMPROPER_ACTION,INATTENTION_DISTRACTION,,
2319866,2,ANGLE_FRONT_TO_SIDE,-111.898555901925,33.5543369687949,3,FOUR_WAY_INTERSECTION,ANGLE_FRONT_TO_SIDE,SCOTTSDALE,"2009-07-04 09:25:00",DROVE_RODE_IN_OPPOSING_TRAFFIC_LANE,NO_IMPROPER_ACTION,,
2319884,2,REAR_END,-112.284311269324,33.4936526085632,2,NOT_AT_INTERSECTION_0,REAR_END,UNSPECIFIED_999,"2009-07-01 22:49:00",NO_IMPROPER_ACTION,UNKNOWN_99,,
2319907,2,UNKNOWN_99,-111.031046272474,32.129679682957,3,T_INTERSECTION,UNKNOWN_99,UNSPECIFIED_999,"2009-06-25 20:18:00",UNKNOWN_99,UNKNOWN_99,,
2319924,2,OTHER_97,0,0,2,FOUR_WAY_INTERSECTION,OTHER_97,PHOENIX,"2009-07-08 07:57:00",OTHER_97,SPEED_TOO_FAST_FOR_CONDITIONS,,
2319947,2,ANGLE_FRONT_TO_SIDE,-111.877324521713,33.4148353907127,2,NOT_AT_INTERSECTION_0,ANGLE_FRONT_TO_SIDE,MESA,"2009-07-13 12:39:00",OTHER_97,NO_IMPROPER_ACTION,,
2320164,2,ANGLE_FRONT_TO_SIDE,-112.12558084875,33.5093160176892,3,FOUR_WAY_INTERSECTION,ANGLE_FRONT_TO_SIDE,PHOENIX,"2009-07-10 19:19:00",FAILED_TO_YIELD_RIGHT_OF_WAY_103,FAILED_TO_YIELD_RIGHT_OF_WAY_103,,
2320240,2,ANGLE_FRONT_TO_SIDE,-111.839979112771,33.4260267961544,2,FOUR_WAY_INTERSECTION,ANGLE_FRONT_TO_SIDE,MESA,"2009-07-10 10:48:00",DROVE_RODE_IN_OPPOSING_TRAFFIC_LANE,DISREGARDED_TRAFFIC_SIGNAL,,
2320343,2,OTHER_97,-112.065479523583,33.6548387968141,3,FOUR_WAY_INTERSECTION,OTHER_97,PHOENIX,"2009-06-27 19:10:00",NO_IMPROPER_ACTION,SPEED_TOO_FAST_FOR_CONDITIONS,,
2320359,2,ANGLE_FRONT_TO_SIDE,-111.874559451218,33.4050614700933,1,NOT_AT_INTERSECTION_0,ANGLE_FRONT_TO_SIDE,MESA,"2009-07-02 07:12:00",DROVE_RODE_IN_OPPOSING_TRAFFIC_LANE,NO_IMPROPER_ACTION,,
2320379,2,LEFT_TURN,-111.701628103586,33.444606211456,2,FOUR_WAY_INTERSECTION,LEFT_TURN,MESA,"2009-07-01 08:10:00",OTHER_97,NO_IMPROPER_ACTION,,
2320500,2,ANGLE_FRONT_TO_SIDE,-111.67586404799,33.328244089027,4,FIVE_POINT_OR_MORE,ANGLE_FRONT_TO_SIDE,MESA,"2009-07-05 17:30:00",DROVE_RODE_IN_OPPOSING_TRAFFIC_LANE,SPEED_TOO_FAST_FOR_CONDITIONS,,
2320818,2,ANGLE_FRONT_TO_SIDE,-112.482277484179,34.5654521834742,3,T_INTERSECTION,ANGLE_FRONT_TO_SIDE,PRESCOTT,"2009-07-16 10:43:00",DROVE_RODE_IN_OPPOSING_TRAFFIC_LANE,INATTENTION_DISTRACTION,,
2321330,2,ANGLE_FRONT_TO_SIDE,-112.099839462993,33.5124716038944,2,NOT_AT_INTERSECTION_0,ANGLE_FRONT_TO_SIDE,PHOENIX,"2009-07-21 12:52:00",NO_IMPROPER_ACTION,OTHER_97,,
2321512,2,OTHER_97,-111.661514628144,35.1893118041765,2,FOUR_WAY_INTERSECTION,OTHER_97,FLAGSTAFF,"2009-06-10 16:23:00",OTHER_97,FAILED_TO_YIELD_RIGHT_OF_WAY_103,,
2321532,2,ANGLE_FRONT_TO_SIDE,-111.63394843825,35.1937157627862,4,T_INTERSECTION,ANGLE_FRONT_TO_SIDE,FLAGSTAFF,"2009-06-15 21:11:00",DISREGARDED_TRAFFIC_SIGNAL,NO_IMPROPER_ACTION,,
2321545,2,SIDESWIPE_SAME_DIRECTION,-111.65454060211,35.1967092921549,3,NOT_AT_INTERSECTION_0,SIDESWIPE_SAME_DIRECTION,FLAGSTAFF,"2009-06-16 11:03:00",NO_IMPROPER_ACTION,INATTENTION_DISTRACTION,,
2321711,2,ANGLE_FRONT_TO_SIDE,-111.755389451987,33.2631733423496,3,FOUR_WAY_INTERSECTION,ANGLE_FRONT_TO_SIDE,GILBERT,"2009-07-04 06:43:00",NO_IMPROPER_ACTION,NOT_APPLICABLE_MINUS_1+NO_IMPROPER_ACTION,,
2321926,2,ANGLE_FRONT_TO_SIDE,-111.722664816842,32.9089563423836,1,FOUR_WAY_INTERSECTION,ANGLE_FRONT_TO_SIDE,"CASA GRANDE","2009-07-10 06:31:00",NO_IMPROPER_ACTION,FAILED_TO_YIELD_RIGHT_OF_WAY_103,,
2322008,2,ANGLE_FRONT_TO_SIDE,-111.82365885663,33.4355144435388,2,NOT_AT_INTERSECTION_0,ANGLE_FRONT_TO_SIDE,MESA,"2009-07-15 19:53:00",DROVE_RODE_IN_OPPOSING_TRAFFIC_LANE,NOT_APPLICABLE_MINUS_1+NOT_APPLICABLE_MINUS_1+NO_IMPROPER_ACTION+NOT_APPLICABLE_MINUS_1+NOT_APPLICABLE_MINUS_1,,
2322037,2,ANGLE_FRONT_TO_SIDE,-111.814076931944,33.4223781327062,2,FOUR_WAY_INTERSECTION,ANGLE_FRONT_TO_SIDE,MESA,"2009-07-22 11:57:00",INATTENTION_DISTRACTION,NO_IMPROPER_ACTION,,
2322089,2,ANGLE_FRONT_TO_SIDE,-109.551396703583,31.3433993576981,1,FOUR_WAY_INTERSECTION,ANGLE_FRONT_TO_SIDE,DOUGLAS,"2009-08-20 08:06:00",OTHER_97,NOT_APPLICABLE_MINUS_1+FAILED_TO_YIELD_RIGHT_OF_WAY_103,,
2323054,2,ANGLE_FRONT_TO_SIDE,-112.125749634224,33.4949361670593,5,FOUR_WAY_INTERSECTION,ANGLE_FRONT_TO_SIDE,PHOENIX,"2009-09-17 07:36:00",DISREGARDED_TRAFFIC_SIGNAL,DISREGARDED_TRAFFIC_SIGNAL,,
2323555,2,ANGLE_FRONT_TO_SIDE,-111.871380745497,33.5716697950097,3,FOUR_WAY_INTERSECTION,ANGLE_FRONT_TO_SIDE,SCOTTSDALE,"2009-07-11 19:21:00",FAILED_TO_YIELD_RIGHT_OF_WAY_103,NO_IMPROPER_ACTION,,
2323725,2,LEFT_TURN,-111.908896558845,33.4802861575686,3,FOUR_WAY_INTERSECTION,LEFT_TURN,SCOTTSDALE,"2009-07-21 15:34:00",UNKNOWN_99,NOT_APPLICABLE_MINUS_1+UNKNOWN_99+NOT_APPLICABLE_MINUS_1,,
2323793,2,OTHER_97,-111.857263711255,33.3919420382272,3,NOT_AT_INTERSECTION_0,OTHER_97,MESA,"2009-07-14 09:39:00",OTHER_97,NO_IMPROPER_ACTION,,
2323856,2,ANGLE_FRONT_TO_SIDE,-111.761375231084,33.3936412019465,3,FOUR_WAY_INTERSECTION,ANGLE_FRONT_TO_SIDE,MESA,"2009-07-18 22:23:00",DISREGARDED_TRAFFIC_SIGNAL,NO_IMPROPER_ACTION+NOT_APPLICABLE_MINUS_1,,
2323900,2,LEFT_TURN,-111.684593628345,33.4129029337657,3,NOT_AT_INTERSECTION_0,LEFT_TURN,UNSPECIFIED_999,"2009-07-16 13:32:00",NO_IMPROPER_ACTION,FAILED_TO_YIELD_RIGHT_OF_WAY_103+NOT_APPLICABLE_MINUS_1,,
2323993,2,ANGLE_FRONT_TO_SIDE,-111.969538151315,33.4091162968317,3,FOUR_WAY_INTERSECTION,ANGLE_FRONT_TO_SIDE,TEMPE,"2009-07-09 22:40:00",UNKNOWN_99,NO_IMPROPER_ACTION,,
2324048,2,ANGLE_FRONT_TO_SIDE,-111.945692671393,33.3574358107074,2,T_INTERSECTION,ANGLE_FRONT_TO_SIDE,TEMPE,"2009-07-15 13:04:00",DROVE_RODE_IN_OPPOSING_TRAFFIC_LANE,NO_IMPROPER_ACTION,,
2324109,2,LEFT_TURN,-111.73577503496,32.8795785708221,2,FOUR_WAY_INTERSECTION,LEFT_TURN,"CASA GRANDE","2009-07-22 15:27:00",DISREGARDED_TRAFFIC_SIGNAL,NO_IMPROPER_ACTION,,
2324174,2,OTHER_97,-112.237251406277,33.5829257715156,3,FOUR_WAY_INTERSECTION,OTHER_97,PEORIA,"2009-07-23 09:18:00",OTHER_97,INATTENTION_DISTRACTION,,
2324263,2,ANGLE_FRONT_TO_SIDE,-111.926227231561,33.402810830395,3,T_INTERSECTION,ANGLE_FRONT_TO_SIDE,TEMPE,"2009-07-21 19:06:00",OTHER_97,NO_IMPROPER_ACTION+NOT_APPLICABLE_MINUS_1,129,0.00256808406237994
2324310,2,ANGLE_FRONT_TO_SIDE,0,0,3,Y_INTERSECTION,ANGLE_FRONT_TO_SIDE,ELOY,"2009-07-14 21:15:00",OTHER_97,NO_IMPROPER_ACTION,,
2324399,2,ANGLE_FRONT_TO_SIDE,-110.955264828452,32.4653250456994,1,T_INTERSECTION,ANGLE_FRONT_TO_SIDE,"ORO VALLEY","2009-07-19 07:11:00",NO_IMPROPER_ACTION,RAN_STOP_SIGN,,
2324433,2,ANGLE_FRONT_TO_SIDE,-111.945973452457,33.378032777686,3,T_INTERSECTION,ANGLE_FRONT_TO_SIDE,TEMPE,"2009-07-20 18:33:00",DROVE_RODE_IN_OPPOSING_TRAFFIC_LANE,NOT_APPLICABLE_MINUS_1+NO_IMPROPER_ACTION+NOT_APPLICABLE_MINUS_1,126,0.000530746631537921
2324457,2,ANGLE_FRONT_TO_SIDE,-111.789908711688,33.3655461328506,2,NOT_AT_INTERSECTION_0,ANGLE_FRONT_TO_SIDE,GILBERT,"2009-07-11 08:50:00",NO_IMPROPER_ACTION,FAILED_TO_YIELD_RIGHT_OF_WAY_103,,
2324470,2,LEFT_TURN,0,0,2,T_INTERSECTION,LEFT_TURN,UNSPECIFIED_999,"2009-07-28 14:45:00",NO_IMPROPER_ACTION,FAILED_TO_YIELD_RIGHT_OF_WAY_103,,
2324530,2,OTHER_97,-111.765237562441,33.4518228103793,3,NOT_AT_INTERSECTION_0,OTHER_97,MESA,"2009-07-22 20:13:00",NO_IMPROPER_ACTION,UNKNOWN_99,,
2324570,2,REAR_TO_SIDE,-111.924269993961,33.4978924219952,2,NOT_AT_INTERSECTION_0,REAR_TO_SIDE,SCOTTSDALE,"2009-07-24 01:25:00",NO_IMPROPER_ACTION+NOT_APPLICABLE_MINUS_1+NOT_APPLICABLE_MINUS_1+NOT_APPLICABLE_MINUS_1,NOT_APPLICABLE_MINUS_1+INATTENTION_DISTRACTION+NOT_APPLICABLE_MINUS_1,,