IncidentID,num_vehicles_involved,eCollisionManner,Longitude,Latitude,InjurySeverity,eIntersectionType,eCollisionManner,city_name,IncidentDateTime,cyclist_citations,driver_citations,nearest_count_site,distance_to_nearest_count_site
2324644,2,LEFT_TURN,-111.930406324796,33.4946915188564,4,FOUR_WAY_INTERSECTION,LEFT_TURN,SCOTTSDALE,"2009-07-15 14:18:00",FAILED_TO_YIELD_RIGHT_OF_WAY_103,NO_IMPROPER_ACTION,,
2324693,3,REAR_END,-111.785917584535,33.3992982256274,3,NOT_AT_INTERSECTION_0,REAR_END,MESA,"2009-07-16 19:05:00",DID_NOT_USE_CROSSWALK,NO_IMPROPER_ACTION+INATTENTION_DISTRACTION+NOT_APPLICABLE_MINUS_1,,
2324707,2,LEFT_TURN,-111.663391682911,33.4876741377587,2,FOUR_WAY_INTERSECTION,LEFT_TURN,MESA,"2009-07-11 11:57:00",NO_IMPROPER_ACTION,FAILED_TO_YIELD_RIGHT_OF_WAY_103,,
2324747,2,LEFT_TURN,-111.790542904486,34.8635802816283,3,FOUR_WAY_INTERSECTION,LEFT_TURN,SEDONA,"2009-07-29 12:54:00",INATTENTION_DISTRACTION,NO_IMPROPER_ACTION,,
2324750,2,OTHER_97,0,0,3,T_INTERSECTION,OTHER_97,GILBERT,"2009-07-18 09:27:00",DROVE_RODE_IN_OPPOSING_TRAFFIC_LANE,NO_IMPROPER_ACTION,,
2324789,2,ANGLE_FRONT_TO_SIDE,0,0,3,T_INTERSECTION,ANGLE_FRONT_TO_SIDE,YUMA,"2009-07-30 16:21:00",OTHER_97,INATTENTION_DISTRACTION,,
2324836,2,REAR_END,-111.759695753547,33.2776513992595,3,FOUR_WAY_INTERSECTION,REAR_END,GILBERT,"2009-07-04 20:34:00",NO_IMPROPER_ACTION,UNKNOWN_99,,
2324919,2,ANGLE_FRONT_TO_SIDE,-110.274351151561,31.5569835204752,3,FOUR_WAY_INTERSECTION,ANGLE_FRONT_TO_SIDE,"SIERRA VISTA","2009-07-30 10:44:00",NO_IMPROPER_ACTION,FAILED_TO_YIELD_RIGHT_OF_WAY_103,,
2324979,2,ANGLE_FRONT_TO_SIDE,-111.64963801744,35.2113136337128,3,T_INTERSECTION,ANGLE_FRONT_TO_SIDE,FLAGSTAFF,"2009-07-29 12:43:00",NO_IMPROPER_ACTION,NOT_APPLICABLE_MINUS_1+FAILED_TO_YIELD_RIGHT_OF_WAY_103,,
2324985,2,SIDESWIPE_SAME_DIRECTION,0,0,4,Y_INTERSECTION,SIDESWIPE_SAME_DIRECTION,TUCSON,"2009-07-05 16:19:00",MADE_IMPROPER_TURN,NO_IMPROPER_ACTION,,
2325014,2,LEFT_TURN,-111.613496199486,35.2087942838994,3,T_INTERSECTION,LEFT_TURN,FLAGSTAFF,"2009-07-25 14:44:00",DROVE_RODE_IN_OPPOSING_TRAFFIC_LANE,NO_IMPROPER_ACTION+NOT_APPLICABLE_MINUS_1+NOT_APPLICABLE_MINUS_1,,
2325043,2,ANGLE_FRONT_TO_SIDE,-111.665089197967,35.1686171214951,1,T_INTERSECTION,ANGLE_FRONT_TO_SIDE,FLAGSTAFF,"2009-07-16 23:00:00",UNKNOWN_99,UNKNOWN_99,,
2325153,2,SIDESWIPE_SAME_DIRECTION,-109.940487138558,34.1259216598592,2,T_INTERSECTION,SIDESWIPE_SAME_DIRECTION,PINETOP,"2009-07-26 10:04:00",NO_IMPROPER_ACTION,NOT_APPLICABLE_MINUS_1+NOT_APPLICABLE_MINUS_1+INATTENTION_DISTRACTION+NOT_APPLICABLE_MINUS_1+NOT_APPLICABLE_MINUS_1,,
2325182,4,ANGLE_FRONT_TO_SIDE,-110.896617237431,32.1997473354732,3,T_INTERSECTION,ANGLE_FRONT_TO_SIDE,TUCSON,"2009-07-02 14:15:00",NO_IMPROPER_ACTION+NO_IMPROPER_ACTION+NO_IMPROPER_ACTION,FAILED_TO_YIELD_RIGHT_OF_WAY_103,,
2325380,2,ANGLE_FRONT_TO_SIDE,-110.973369271695,32.1321801285892,1,FOUR_WAY_INTERSECTION,ANGLE_FRONT_TO_SIDE,TUCSON,"2009-07-08 19:44:00",NO_IMPROPER_ACTION,RAN_STOP_SIGN,,
2325410,2,ANGLE_FRONT_TO_SIDE,-111.0128043269,32.337253431355,1,FOUR_WAY_INTERSECTION,ANGLE_FRONT_TO_SIDE,UNSPECIFIED_999,"2009-07-07 19:57:00",DISREGARDED_TRAFFIC_SIGNAL,NO_IMPROPER_ACTION+NOT_APPLICABLE_MINUS_1,,
2325422,2,SIDESWIPE_OPPOSITE_DIRECTION,0,0,3,FOUR_WAY_INTERSECTION,SIDESWIPE_OPPOSITE_DIRECTION,UNSPECIFIED_999,"2009-07-10 16:40:00",DROVE_RODE_IN_OPPOSING_TRAFFIC_LANE,NO_IMPROPER_ACTION,,
2327100,2,OTHER_97,-112.11274639405,33.538450591414,3,NOT_AT_INTERSECTION_0,OTHER_97,PHOENIX,"2009-09-22 10:51:00",FAILED_TO_YIELD_RIGHT_OF_WAY_103,NO_IMPROPER_ACTION,,
2327462,2,REAR_END,-111.619778426217,33.1997020372593,5,NOT_AT_INTERSECTION_0,REAR_END,UNSPECIFIED_999,"2009-09-14 05:57:00",NO_IMPROPER_ACTION,INATTENTION_DISTRACTION,,
2328202,2,REAR_END,-110.944367846959,32.1811466417178,1,INTERSECTION_AS_PART_OF_INTERCHANGE,REAR_END,TUCSON,"2009-07-09 12:37:00",INATTENTION_DISTRACTION,NO_IMPROPER_ACTION,,
2329335,2,LEFT_TURN,0,0,3,INTERSECTION_AS_PART_OF_INTERCHANGE,LEFT_TURN,PHOENIX,"2009-08-26 07:40:00",OTHER_97,NO_IMPROPER_ACTION,,
2329609,2,OTHER_97,-112.269362991032,33.4647892625912,2,NOT_AT_INTERSECTION_0,OTHER_97,PHOENIX,"2009-08-17 16:38:00",NO_IMPROPER_ACTION,FAILED_TO_YIELD_RIGHT_OF_WAY_103,,
2329944,2,ANGLE_FRONT_TO_SIDE,-111.546097432004,33.4126996654021,1,NOT_AT_INTERSECTION_0,ANGLE_FRONT_TO_SIDE,"APACHE JUNCTION","2009-07-31 07:06:00",DROVE_RODE_IN_OPPOSING_TRAFFIC_LANE,NO_IMPROPER_ACTION,,
2330058,2,ANGLE_FRONT_TO_SIDE,-112.126715814151,33.538510024727,5,NOT_AT_INTERSECTION_0,ANGLE_FRONT_TO_SIDE,PHOENIX,"2009-12-07 09:14:00",INATTENTION_DISTRACTION,NO_IMPROPER_ACTION+NOT_APPLICABLE_MINUS_1+NOT_APPLICABLE_MINUS_1,,
2330112,2,ANGLE_FRONT_TO_SIDE,-111.841920881297,33.2970498919819,1,NOT_AT_INTERSECTION_0,ANGLE_FRONT_TO_SIDE,CHANDLER,"2009-07-25 13:18:00",FAILED_TO_YIELD_RIGHT_OF_WAY_103,NO_IMPROPER_ACTION,,
2330132,2,ANGLE_FRONT_TO_SIDE,-111.856485809511,33.4221256193658,2,FOUR_WAY_INTERSECTION,ANGLE_FRONT_TO_SIDE,MESA,"2009-07-12 20:43:00",NO_IMPROPER_ACTION,FAILED_TO_YIELD_RIGHT_OF_WAY_103,,
2330178,2,ANGLE_FRONT_TO_SIDE,-112.168456100784,33.6113756876749,2,NOT_AT_INTERSECTION_0,ANGLE_FRONT_TO_SIDE,PHOENIX,"2009-07-15 13:08:00",NO_IMPROPER_ACTION,FAILED_TO_YIELD_RIGHT_OF_WAY_103,,
2330271,2,OTHER_97,-112.229046363847,33.5377444416023,2,FOUR_WAY_INTERSECTION,OTHER_97,GLENDALE,"2009-07-02 10:47:00",INATTENTION_DISTRACTION,NO_IMPROPER_ACTION,,
2330272,2,ANGLE_FRONT_TO_SIDE,-111.909041302348,33.427463453251,2,NOT_AT_INTERSECTION_0,ANGLE_FRONT_TO_SIDE,TEMPE,"2009-07-14 05:01:00",DROVE_RODE_IN_OPPOSING_TRAFFIC_LANE,INATTENTION_DISTRACTION,104,0.00168764185537368
2330312,2,OTHER_97,0,0,1,FOUR_WAY_INTERSECTION,OTHER_97,YUMA,"2009-08-03 13:12:00",OTHER_97,FAILED_TO_YIELD_RIGHT_OF_WAY_103,,
2330666,2,ANGLE_FRONT_TO_SIDE,-111.77965542175,33.4081512007921,5,FOUR_WAY_INTERSECTION,ANGLE_FRONT_TO_SIDE,MESA,"2009-11-18 05:40:00",DISREGARDED_TRAFFIC_SIGNAL,NO_IMPROPER_ACTION,,
2330745,2,LEFT_TURN,-111.841648857539,33.2915442029527,3,FOUR_WAY_INTERSECTION,LEFT_TURN,CHANDLER,"2009-07-26 14:16:00",DISREGARDED_TRAFFIC_SIGNAL,NO_IMPROPER_ACTION+NOT_APPLICABLE_MINUS_1,,
2330783,2,SIDESWIPE_SAME_DIRECTION,-112.150536070591,33.5239357493253,3,NOT_AT_INTERSECTION_0,SIDESWIPE_SAME_DIRECTION,PHOENIX,"2009-07-06 01:08:00",UNKNOWN_99,NOT_APPLICABLE_MINUS_1+UNKNOWN_99,,
2330916,2,ANGLE_FRONT_TO_SIDE,-112.117040531396,33.4949532913272,3,FOUR_WAY_INTERSECTION,ANGLE_FRONT_TO_SIDE,PHOENIX,"2009-07-13 13:00:00",DISREGARDED_TRAFFIC_SIGNAL,NO_IMPROPER_ACTION,,
2331084,2,ANGLE_FRONT_TO_SIDE,-112.082526938035,33.4375519076901,2,NOT_AT_INTERSECTION_0,ANGLE_FRONT_TO_SIDE,PHOENIX,"2009-07-31 20:10:00",DROVE_RODE_IN_OPPOSING_TRAFFIC_LANE,OTHER_97,,
2331178,2,ANGLE_FRONT_TO_SIDE,-112.030867019947,33.6914551712261,2,T_INTERSECTION,ANGLE_FRONT_TO_SIDE,PHOENIX,"2009-07-27 18:17:00",NO_IMPROPER_ACTION,FAILED_TO_YIELD_RIGHT_OF_WAY_103,,
2331348,2,ANGLE_FRONT_TO_SIDE,0,0,1,T_INTERSECTION,ANGLE_FRONT_TO_SIDE,TEMPE,"2009-08-12 18:06:00",NO_IMPROPER_ACTION+NOT_APPLICABLE_MINUS_1,FAILED_TO_YIELD_RIGHT_OF_WAY_103+NOT_APPLICABLE_MINUS_1+NOT_APPLICABLE_MINUS_1,,
2331356,2,ANGLE_FRONT_TO_SIDE,-111.909101751776,33.4076694599999,1,FOUR_WAY_INTERSECTION,ANGLE_FRONT_TO_SIDE,TEMPE,"2009-08-12 19:24:00",FAILED_TO_YIELD_RIGHT_OF_WAY_103,NO_IMPROPER_ACTION,159,0.000236518234835669
2331370,2,ANGLE_FRONT_TO_SIDE,-111.917605931265,33.4147844759706,3,T_INTERSECTION,ANGLE_FRONT_TO_SIDE,TEMPE,"2009-08-10 09:43:00",DISREGARDED_TRAFFIC_SIGNAL,NO_IMPROPER_ACTION,132,0.000100174868200661
2331810,2,SIDESWIPE_SAME_DIRECTION,-111.926359437154,33.3943242591321,3,NOT_AT_INTERSECTION_0,SIDESWIPE_SAME_DIRECTION,TEMPE,"2009-08-03 10:23:00",OTHER_97,NO_IMPROPER_ACTION,142,0.00138768158808128
2331846,2,SIDESWIPE_SAME_DIRECTION,-110.943936792197,32.2214539492878,2,FOUR_WAY_INTERSECTION,SIDESWIPE_SAME_DIRECTION,TUCSON,"2009-07-16 08:52:00",NO_IMPROPER_ACTION,FAILED_TO_YIELD_RIGHT_OF_WAY_103,,
2331859,2,ANGLE_FRONT_TO_SIDE,-112.150885049843,33.3920321720435,3,FOUR_WAY_INTERSECTION,ANGLE_FRONT_TO_SIDE,UNSPECIFIED_999,"2009-07-30 17:34:00",NO_IMPROPER_ACTION,FAILED_TO_YIELD_RIGHT_OF_WAY_103,,
2331863,2,ANGLE_FRONT_TO_SIDE,-110.771531750818,32.1691089669499,3,T_INTERSECTION,ANGLE_FRONT_TO_SIDE,TUCSON,"2009-07-16 17:42:00",FAILED_TO_YIELD_RIGHT_OF_WAY_103,NO_IMPROPER_ACTION,,
2331866,2,LEFT_TURN,-110.980053861163,32.2720061816255,3,NOT_AT_INTERSECTION_0,LEFT_TURN,TUCSON,"2009-07-16 13:41:00",DROVE_RODE_IN_OPPOSING_TRAFFIC_LANE,FAILED_TO_YIELD_RIGHT_OF_WAY_103,,
2331876,2,OTHER_97,-111.607773967417,33.4150774003655,3,NOT_AT_INTERSECTION_0,OTHER_97,MESA,"2009-07-20 16:30:00",FAILED_TO_YIELD_RIGHT_OF_WAY_103,NO_IMPROPER_ACTION,,
2331910,2,REAR_END,-111.92614317546,33.4878977434445,2,Y_INTERSECTION,REAR_END,SCOTTSDALE,"2009-08-01 02:37:00",NO_IMPROPER_ACTION,SPEED_TOO_FAST_FOR_CONDITIONS,,
2331977,2,ANGLE_FRONT_TO_SIDE,0,0,1,NOT_AT_INTERSECTION_0,ANGLE_FRONT_TO_SIDE,MESA,"2009-08-17 18:20:00",DROVE_RODE_IN_OPPOSING_TRAFFIC_LANE,NO_IMPROPER_ACTION,,
2331980,2,LEFT_TURN,-111.719035691523,33.4317811458808,2,T_INTERSECTION,LEFT_TURN,MESA,"2009-08-06 15:05:00",NO_IMPROPER_ACTION,NO_IMPROPER_ACTION,,
2331989,2,ANGLE_FRONT_TO_SIDE,-111.753862389088,33.3900668874675,2,FOUR_WAY_INTERSECTION,ANGLE_FRONT_TO_SIDE,MESA,"2009-08-06 16:24:00",FAILED_TO_YIELD_RIGHT_OF_WAY_103,NO_IMPROPER_ACTION,,
2332012,3,SIDESWIPE_SAME_DIRECTION,-111.856631699729,33.4134056583477,3,NOT_AT_INTERSECTION_0,SIDESWIPE_SAME_DIRECTION,MESA,"2009-08-04 11:24:00",DROVE_RODE_IN_OPPOSING_TRAFFIC_LANE,NO_IMPROPER_ACTION+NOT_APPLICABLE_MINUS_1+SPEED_TOO_FAST_FOR_CONDITIONS,,
2332027,2,ANGLE_FRONT_TO_SIDE,-111.863700757075,33.6121819186515,3,FOUR_WAY_INTERSECTION,ANGLE_FRONT_TO_SIDE,SCOTTSDALE,"2009-08-09 19:30:00",NO_IMPROPER_ACTION,NO_IMPROPER_ACTION,,
2332036,2,ANGLE_FRONT_TO_SIDE,0,0,2,NOT_AT_INTERSECTION_0,ANGLE_FRONT_TO_SIDE,MESA,"2009-08-13 21:35:00",DROVE_RODE_IN_OPPOSING_TRAFFIC_LANE,NO_IMPROPER_ACTION,,
2332066,2,ANGLE_FRONT_TO_SIDE,-111.952228149867,33.7992412983241,3,T_INTERSECTION,ANGLE_FRONT_TO_SIDE,SCOTTSDALE,"2009-08-07 07:41:00",NO_IMPROPER_ACTION,FAILED_TO_YIELD_RIGHT_OF_WAY_103,,
2332094,2,SIDESWIPE_SAME_DIRECTION,0,0,1,T_INTERSECTION,SIDESWIPE_SAME_DIRECTION,FLAGSTAFF,"2009-08-03 19:50:00",NO_IMPROPER_ACTION,FAILED_TO_YIELD_RIGHT_OF_WAY_103,,
2332123,2,OTHER_97,-112.34187213365,33.5928254646707,3,T_INTERSECTION,OTHER_97,"EL MIRAGE","2009-08-14 07:22:00",DROVE_RODE_IN_OPPOSING_TRAFFIC_LANE,FAILED_TO_YIELD_RIGHT_OF_WAY_103,,
2332127,3,OTHER_97,-111.788365740512,33.3833668705671,1,T_INTERSECTION,OTHER_97,MESA,"2009-08-11 19:40:00",DROVE_RODE_IN_OPPOSING_TRAFFIC_LANE+DROVE_RODE_IN_OPPOSING_TRAFFIC_LANE,RAN_STOP_SIGN+NOT_APPLICABLE_MINUS_1+NOT_APPLICABLE_MINUS_1,,
2332130,2,ANGLE_FRONT_TO_SIDE,0,0,1,T_INTERSECTION,ANGLE_FRONT_TO_SIDE,GILBERT,"2009-08-10 07:30:00",SPEED_TOO_FAST_FOR_CONDITIONS,NO_IMPROPER_ACTION,,
2332190,2,SIDESWIPE_SAME_DIRECTION,-111.896717505967,33.6400055664283,4,FOUR_WAY_INTERSECTION,SIDESWIPE_SAME_DIRECTION,SCOTTSDALE,"2009-07-30 06:56:00",NO_IMPROPER_ACTION,FAILED_TO_YIELD_RIGHT_OF_WAY_103,,
2332223,2,OTHER_97,-110.926291019827,32.1631914398632,3,FOUR_WAY_INTERSECTION,OTHER_97,UNSPECIFIED_999,"2009-07-13 06:35:00",NO_IMPROPER_ACTION,FAILED_TO_YIELD_RIGHT_OF_WAY_103,,
2332238,2,ANGLE_FRONT_TO_SIDE,-111.667581197938,33.3792598956182,1,FOUR_WAY_INTERSECTION,ANGLE_FRONT_TO_SIDE,MESA,"2009-07-27 16:40:00",NO_IMPROPER_ACTION,FAILED_TO_YIELD_RIGHT_OF_WAY_103,,
2332262,2,ANGLE_FRONT_TO_SIDE,-111.621229562846,35.2063596949561,3,FOUR_WAY_INTERSECTION,ANGLE_FRONT_TO_SIDE,FLAGSTAFF,"2009-08-08 09:34:00",RAN_STOP_SIGN,NOT_APPLICABLE_MINUS_1+NO_IMPROPER_ACTION,,
2332284,2,ANGLE_FRONT_TO_SIDE,0,0,4,FOUR_WAY_INTERSECTION,ANGLE_FRONT_TO_SIDE,FLAGSTAFF,"2009-08-07 06:51:00",DROVE_RODE_IN_OPPOSING_TRAFFIC_LANE,NO_IMPROPER_ACTION,,
2332305,2,ANGLE_FRONT_TO_SIDE,-112.23781798163,33.6781203011872,3,FOUR_WAY_INTERSECTION,ANGLE_FRONT_TO_SIDE,PEORIA,"2009-08-12 14:25:00",FAILED_TO_YIELD_RIGHT_OF_WAY_103,NOT_APPLICABLE_MINUS_1+NO_IMPROPER_ACTION+NOT_APPLICABLE_MINUS_1,,
2332330,2,SIDESWIPE_SAME_DIRECTION,-112.22883827107,33.6124223638554,2,NOT_AT_INTERSECTION_0,SIDESWIPE_SAME_DIRECTION,PEORIA,"2009-08-06 17:43:00",INATTENTION_DISTRACTION,NO_IMPROPER_ACTION,,
2332358,2,ANGLE_FRONT_TO_SIDE,0,0,3,FOUR_WAY_INTERSECTION,ANGLE_FRONT_TO_SIDE,PEORIA,"2009-08-04 13:44:00",NO_IMPROPER_ACTION,FAILED_TO_YIELD_RIGHT_OF_WAY_103,,
2332450,2,ANGLE_FRONT_TO_SIDE,-111.939827751674,33.4069697127876,2,NOT_AT_INTERSECTION_0,ANGLE_FRONT_TO_SIDE,TEMPE,"2009-07-30 16:30:00",OTHER_97,FAILED_TO_YIELD_RIGHT_OF_WAY_103,146,0.00039675872435014
2332781,2,LEFT_TURN,-112.360865170157,33.6091603797008,4,NOT_AT_INTERSECTION_0,LEFT_TURN,SURPRISE,"2009-08-12 15:43:00",DROVE_RODE_IN_OPPOSING_TRAFFIC_LANE,NO_IMPROPER_ACTION,,
2332824,2,ANGLE_FRONT_TO_SIDE,-111.911273545588,33.3597067715401,3,FOUR_WAY_INTERSECTION,ANGLE_FRONT_TO_SIDE,TEMPE,"2009-08-13 18:54:00",NO_IMPROPER_ACTION,FAILED_TO_YIELD_RIGHT_OF_WAY_103,124,0.00294794775126193
2332845,2,ANGLE_FRONT_TO_SIDE,-112.246440430886,33.6671306151241,2,T_INTERSECTION,ANGLE_FRONT_TO_SIDE,PEORIA,"2009-08-20 07:42:00",OTHER_97,NO_IMPROPER_ACTION,,
2332930,2,ANGLE_FRONT_TO_SIDE,-111.911175716819,33.3503136541805,3,NOT_AT_INTERSECTION_0,ANGLE_FRONT_TO_SIDE,TEMPE,"2009-08-15 14:54:00",DROVE_RODE_IN_OPPOSING_TRAFFIC_LANE,NO_IMPROPER_ACTION,127,0.00117294142516804
2332944,2,ANGLE_FRONT_TO_SIDE,-111.943027997527,33.4073724091712,4,NOT_AT_INTERSECTION_0,ANGLE_FRONT_TO_SIDE,TEMPE,"2009-08-05 17:18:00",DROVE_RODE_IN_OPPOSING_TRAFFIC_LANE,NO_IMPROPER_ACTION,146,0.00332911036125076
2332947,2,ANGLE_FRONT_TO_SIDE,-111.897557145623,33.3637704178855,2,INTERSECTION_AS_PART_OF_INTERCHANGE,ANGLE_FRONT_TO_SIDE,TEMPE,"2009-08-11 17:43:00",FAILED_TO_YIELD_RIGHT_OF_WAY_103,NO_IMPROPER_ACTION,,
2332987,2,ANGLE_FRONT_TO_SIDE,-111.865342890501,33.6042514846251,3,FOUR_WAY_INTERSECTION,ANGLE_FRONT_TO_SIDE,SCOTTSDALE,"2009-08-20 20:30:00",NO_IMPROPER_ACTION,NO_IMPROPER_ACTION,,
2333031,2,ANGLE_FRONT_TO_SIDE,-112.46883073042,34.5419008816514,4,FOUR_WAY_INTERSECTION,ANGLE_FRONT_TO_SIDE,PRESCOTT,"2009-08-18 17:03:00",DROVE_RODE_IN_OPPOSING_TRAFFIC_LANE,NO_IMPROPER_ACTION,,
2333628,2,ANGLE_FRONT_TO_SIDE,-111.002638859318,32.2882830959117,1,T_INTERSECTION,ANGLE_FRONT_TO_SIDE,UNSPECIFIED_999,"2009-08-14 13:12:00",DISREGARDED_TRAFFIC_SIGNAL,NO_IMPROPER_ACTION,,
2333662,2,UNKNOWN_99,-110.73812558109,32.1828625826825,4,T_INTERSECTION,UNKNOWN_99,UNSPECIFIED_999,"2009-08-15 09:12:00",NO_IMPROPER_ACTION,FAILED_TO_YIELD_RIGHT_OF_WAY_103,,
2333768,2,ANGLE_FRONT_TO_SIDE,-111.319882849914,34.2469425031177,2,FOUR_WAY_INTERSECTION,ANGLE_FRONT_TO_SIDE,PAYSON,"2009-08-10 09:10:00",NO_IMPROPER_ACTION,RAN_STOP_SIGN,,
2333775,2,ANGLE_FRONT_TO_SIDE,-111.787821981367,33.440889409478,3,NOT_AT_INTERSECTION_0,ANGLE_FRONT_TO_SIDE,MESA,"2009-08-24 16:12:00",FAILED_TO_YIELD_RIGHT_OF_WAY_103,NO_IMPROPER_ACTION,,
2333782,2,OTHER_97,-111.753979992866,33.3791476011669,3,FOUR_WAY_INTERSECTION,OTHER_97,MESA,"2009-08-25 07:01:00",OTHER_97,NOT_APPLICABLE_MINUS_1+INATTENTION_DISTRACTION+NOT_APPLICABLE_MINUS_1+NOT_APPLICABLE_MINUS_1,,
2333785,2,OTHER_97,-112.302294737633,33.4303514197736,4,T_INTERSECTION,OTHER_97,AVONDALE,"2009-08-25 18:12:00",NO_IMPROPER_ACTION,DROVE_RODE_IN_OPPOSING_TRAFFIC_LANE,,
2333886,2,REAR_END,-111.628646572756,33.4513566082906,4,NOT_AT_INTERSECTION_0,REAR_END,MESA,"2009-08-24 18:33:00",NO_IMPROPER_ACTION,FAILED_TO_KEEP_IN_PROPER_LANE,,
2333899,2,OTHER_97,0,0,3,T_INTERSECTION,OTHER_97,BUCKEYE,"2009-08-07 18:15:00",NO_IMPROPER_ACTION,SPEED_TOO_FAST_FOR_CONDITIONS,,
2333948,2,OTHER_97,-111.755822252639,33.3571422062269,2,T_INTERSECTION,OTHER_97,GILBERT,"2009-08-20 08:30:00",NO_IMPROPER_ACTION,FAILED_TO_YIELD_RIGHT_OF_WAY_103,,
2334025,2,SIDESWIPE_SAME_DIRECTION,-111.744532653867,33.4227547818059,2,T_INTERSECTION,SIDESWIPE_SAME_DIRECTION,MESA,"2009-08-12 21:46:00",KNOWINGLY_OPERATED_WITH_FAULTY_MISSING_EQUIPMENT,NO_IMPROPER_ACTION,,
2334043,2,SIDESWIPE_OPPOSITE_DIRECTION,-112.340495217396,33.6665508593806,1,FOUR_WAY_INTERSECTION,SIDESWIPE_OPPOSITE_DIRECTION,UNSPECIFIED_999,"2009-08-04 07:16:00",DID_NOT_USE_CROSSWALK,NO_IMPROPER_ACTION,,
2334073,2,REAR_END,0,0,1,T_INTERSECTION,REAR_END,UNSPECIFIED_999,"2009-08-30 17:56:00",SPEED_TOO_FAST_FOR_CONDITIONS,NO_IMPROPER_ACTION,,
2334080,2,ANGLE_FRONT_TO_SIDE,-112.464651772701,34.5453936681401,3,FOUR_WAY_INTERSECTION,ANGLE_FRONT_TO_SIDE,PRESCOTT,"2009-08-27 17:33:00",DROVE_RODE_IN_OPPOSING_TRAFFIC_LANE,NO_IMPROPER_ACTION,,
2334143,2,OTHER_97,-112.298519462691,33.4933065083694,1,FOUR_WAY_INTERSECTION,OTHER_97,UNSPECIFIED_999,"2009-08-13 20:30:00",UNKNOWN_99,UNKNOWN_99,,
2334155,2,UNKNOWN_99,-111.637116626849,35.1938249435285,3,T_INTERSECTION,UNKNOWN_99,FLAGSTAFF,"2009-08-10 12:14:00",NO_IMPROPER_ACTION,FAILED_TO_YIELD_RIGHT_OF_WAY_103,,
2334163,2,LEFT_TURN,-111.863039971034,33.3642881231125,3,T_INTERSECTION,LEFT_TURN,MESA,"2009-08-17 07:44:00",DROVE_RODE_IN_OPPOSING_TRAFFIC_LANE,NO_IMPROPER_ACTION,,
2334175,2,SIDESWIPE_SAME_DIRECTION,-111.859426391463,33.3715285587508,1,FOUR_WAY_INTERSECTION,SIDESWIPE_SAME_DIRECTION,MESA,"2009-08-18 17:41:00",NO_IMPROPER_ACTION,FAILED_TO_YIELD_RIGHT_OF_WAY_103+NOT_APPLICABLE_MINUS_1,,
2334649,2,OTHER_97,-112.185682001614,33.6267970785421,1,NOT_AT_INTERSECTION_0,OTHER_97,GLENDALE,"2009-07-23 19:40:00",DROVE_RODE_IN_OPPOSING_TRAFFIC_LANE,NO_IMPROPER_ACTION,,
2334736,2,ANGLE_FRONT_TO_SIDE,-111.65357501794,35.1988729283607,2,FOUR_WAY_INTERSECTION,ANGLE_FRONT_TO_SIDE,FLAGSTAFF,"2009-08-17 15:25:00",FAILED_TO_YIELD_RIGHT_OF_WAY_103,NO_IMPROPER_ACTION,,
2334781,2,ANGLE_FRONT_TO_SIDE,-111.661502420816,35.1835140038367,3,FOUR_WAY_INTERSECTION,ANGLE_FRONT_TO_SIDE,FLAGSTAFF,"2009-08-24 09:58:00",DROVE_RODE_IN_OPPOSING_TRAFFIC_LANE,NO_IMPROPER_ACTION,,
2334804,2,LEFT_TURN,-111.792133877035,33.4225935114225,1,NOT_AT_INTERSECTION_0,LEFT_TURN,MESA,"2009-08-16 09:55:00",FAILED_TO_YIELD_RIGHT_OF_WAY_103,NO_IMPROPER_ACTION,,
2334817,2,SIDESWIPE_SAME_DIRECTION,-111.546080967817,33.3933738295854,3,FOUR_WAY_INTERSECTION,SIDESWIPE_SAME_DIRECTION,"APACHE JUNCTION","2009-08-26 06:37:00",DROVE_RODE_IN_OPPOSING_TRAFFIC_LANE,NO_IMPROPER_ACTION,,
2334821,2,SIDESWIPE_SAME_DIRECTION,-111.554679320467,33.3947261763818,1,NOT_AT_INTERSECTION_0,SIDESWIPE_SAME_DIRECTION,"APACHE JUNCTION","2009-08-19 14:19:00",INATTENTION_DISTRACTION,NO_IMPROPER_ACTION+NOT_APPLICABLE_MINUS_1,,
2334824,2,OTHER_97,-111.65289285888,35.1945165104073,3,FOUR_WAY_INTERSECTION,OTHER_97,FLAGSTAFF,"2009-08-21 16:26:00",FAILED_TO_YIELD_RIGHT_OF_WAY_103,NO_IMPROPER_ACTION,,
2334849,2,ANGLE_FRONT_TO_SIDE,-111.572013860979,33.4223321162794,3,FOUR_WAY_INTERSECTION,ANGLE_FRONT_TO_SIDE,"APACHE JUNCTION","2009-08-17 14:25:00",NO_IMPROPER_ACTION,DROVE_RODE_IN_OPPOSING_TRAFFIC_LANE,,
2334928,2,ANGLE_FRONT_TO_SIDE,-111.684744117417,33.393948513604,1,FOUR_WAY_INTERSECTION,ANGLE_FRONT_TO_SIDE,MESA,"2009-08-10 18:15:00",FAILED_TO_YIELD_RIGHT_OF_WAY_103,NO_IMPROPER_ACTION,,
2334945,2,ANGLE_FRONT_TO_SIDE,-110.989566333796,32.2296152268419,1,FOUR_WAY_INTERSECTION,ANGLE_FRONT_TO_SIDE,TUCSON,"2009-07-29 18:53:00",DISREGARDED_TRAFFIC_SIGNAL,NO_IMPROPER_ACTION,,
2334963,2,OTHER_97,-110.857930940074,32.2251602023501,1,NOT_AT_INTERSECTION_0,OTHER_97,TUCSON,"2009-07-30 11:18:00",NO_IMPROPER_ACTION,FAILED_TO_YIELD_RIGHT_OF_WAY_103,,