IncidentID,num_vehicles_involved,eCollisionManner,Longitude,Latitude,InjurySeverity,eIntersectionType,eCollisionManner,city_name,IncidentDateTime,cyclist_citations,driver_citations,nearest_count_site,distance_to_nearest_count_site
2340799,2,LEFT_TURN,-111.939585238971,33.3924391188088,2,NOT_AT_INTERSECTION_0,LEFT_TURN,TEMPE,"2009-09-09 13:31:00",OTHER_97,NO_IMPROPER_ACTION,144,0.000415920021001481
2340811,2,ANGLE_FRONT_TO_SIDE,-111.806940359066,33.3316495063043,3,T_INTERSECTION,ANGLE_FRONT_TO_SIDE,GILBERT,"2009-09-08 15:29:00",FAILED_TO_YIELD_RIGHT_OF_WAY_103,NO_IMPROPER_ACTION,,
2340816,2,ANGLE_FRONT_TO_SIDE,-111.939226667716,33.3782317216182,2,FOUR_WAY_INTERSECTION,ANGLE_FRONT_TO_SIDE,TEMPE,"2009-09-06 19:41:00",NO_IMPROPER_ACTION,INATTENTION_DISTRACTION,147,0.000111519014371507
2340817,2,OTHER_97,-112.204039539173,33.4120319206476,4,NOT_AT_INTERSECTION_0,OTHER_97,UNSPECIFIED_999,"2009-08-29 23:38:00",NO_IMPROPER_ACTION,INATTENTION_DISTRACTION,,
2340823,2,REAR_END,-112.171382980026,33.6035657261832,1,NOT_AT_INTERSECTION_0,REAR_END,GLENDALE,"2009-08-10 13:59:00",INATTENTION_DISTRACTION,NO_IMPROPER_ACTION,,
2340835,2,LEFT_TURN,-111.66146734431,35.1821429575613,3,NOT_AT_INTERSECTION_0,LEFT_TURN,FLAGSTAFF,"2009-09-03 12:17:00",OTHER_97,FAILED_TO_YIELD_RIGHT_OF_WAY_103,,
2340851,2,HEAD_ON,-111.619467342699,33.3596861880581,2,T_INTERSECTION,HEAD_ON,MESA,"2009-09-16 16:06:00",DROVE_RODE_IN_OPPOSING_TRAFFIC_LANE,NO_IMPROPER_ACTION,,
2341117,2,SIDESWIPE_SAME_DIRECTION,0,0,2,NOT_AT_INTERSECTION_0,SIDESWIPE_SAME_DIRECTION,UNSPECIFIED_999,"2009-09-12 08:20:00",FAILED_TO_YIELD_RIGHT_OF_WAY_103,NO_IMPROPER_ACTION,,
2341140,2,ANGLE_FRONT_TO_SIDE,-112.073245031987,33.3963072314454,3,NOT_AT_INTERSECTION_0,ANGLE_FRONT_TO_SIDE,PHOENIX,"2009-08-03 20:07:00",KNOWINGLY_OPERATED_WITH_FAULTY_MISSING_EQUIPMENT,INATTENTION_DISTRACTION,,
2341164,2,ANGLE_FRONT_TO_SIDE,0,0,3,T_INTERSECTION,ANGLE_FRONT_TO_SIDE,GILBERT,"2009-09-22 18:45:00",NO_IMPROPER_ACTION,FAILED_TO_YIELD_RIGHT_OF_WAY_103,,
2341181,2,ANGLE_FRONT_TO_SIDE,-112.152388536415,33.5311771830397,2,NOT_AT_INTERSECTION_0,ANGLE_FRONT_TO_SIDE,GLENDALE,"2009-08-11 15:30:00",NO_IMPROPER_ACTION,FAILED_TO_YIELD_RIGHT_OF_WAY_103,,
2341200,2,SIDESWIPE_SAME_DIRECTION,-111.721429720771,33.350382444183,3,NOT_AT_INTERSECTION_0,SIDESWIPE_SAME_DIRECTION,GILBERT,"2009-09-24 06:40:00",UNKNOWN_99,UNKNOWN_99,,
2341328,2,REAR_END,-111.706856250647,33.287668785259,3,NOT_AT_INTERSECTION_0,REAR_END,GILBERT,"2009-09-17 08:26:00",INATTENTION_DISTRACTION,NO_IMPROPER_ACTION,,
2341332,2,ANGLE_FRONT_TO_SIDE,-111.121939313707,32.3744948466015,1,FOUR_WAY_INTERSECTION,ANGLE_FRONT_TO_SIDE,MARANA,"2009-09-10 15:42:00",FAILED_TO_YIELD_RIGHT_OF_WAY_103,NO_IMPROPER_ACTION,,
2341377,2,SIDESWIPE_SAME_DIRECTION,-111.773020595154,33.3211461092422,3,FOUR_WAY_INTERSECTION,SIDESWIPE_SAME_DIRECTION,GILBERT,"2009-09-16 17:56:00",NO_IMPROPER_ACTION,NOT_APPLICABLE_MINUS_1+INATTENTION_DISTRACTION,,
2341425,2,ANGLE_FRONT_TO_SIDE,-111.992860239209,33.3050467307156,3,FOUR_WAY_INTERSECTION,ANGLE_FRONT_TO_SIDE,PHOENIX,"2009-08-06 10:21:00",OTHER_97,NO_IMPROPER_ACTION,,
2341475,2,ANGLE_FRONT_TO_SIDE,-111.813639821875,33.4514749895789,4,FOUR_WAY_INTERSECTION,ANGLE_FRONT_TO_SIDE,MESA,"2009-09-04 17:27:00",DISREGARDED_TRAFFIC_SIGNAL,NO_IMPROPER_ACTION,,
2341481,2,SIDESWIPE_OPPOSITE_DIRECTION,-111.856485809511,33.4221256193658,2,FOUR_WAY_INTERSECTION,SIDESWIPE_OPPOSITE_DIRECTION,MESA,"2009-09-10 15:27:00",OTHER_97,NO_IMPROPER_ACTION,,
2341773,2,OTHER_97,-112.040089438159,33.5128876334575,3,NOT_AT_INTERSECTION_0,OTHER_97,PHOENIX,"2009-08-14 20:32:00",NO_IMPROPER_ACTION,OTHER_97,,
2341849,2,OTHER_97,-111.006907465264,31.4831519710688,2,NOT_AT_INTERSECTION_0,OTHER_97,UNSPECIFIED_999,"2009-09-20 18:29:00",UNKNOWN_99,NOT_APPLICABLE_MINUS_1+UNKNOWN_99+NOT_APPLICABLE_MINUS_1,,
2341910,2,ANGLE_FRONT_TO_SIDE,-111.928288589003,33.4982480597445,3,T_INTERSECTION,ANGLE_FRONT_TO_SIDE,SCOTTSDALE,"2009-09-17 17:04:00",INATTENTION_DISTRACTION,UNKNOWN_99,,
2341919,2,LEFT_TURN,0,0,2,T_INTERSECTION,LEFT_TURN,UNSPECIFIED_999,"2009-09-16 12:00:00",OTHER_97,FAILED_TO_YIELD_RIGHT_OF_WAY_103,,
2341946,2,ANGLE_FRONT_TO_SIDE,-111.662928859441,35.177165053055,3,FOUR_WAY_INTERSECTION,ANGLE_FRONT_TO_SIDE,FLAGSTAFF,"2009-09-20 16:40:00",UNKNOWN_99,UNKNOWN_99,,
2342068,2,ANGLE_FRONT_TO_SIDE,-112.108237301959,33.5385978104031,1,T_INTERSECTION,ANGLE_FRONT_TO_SIDE,PHOENIX,"2009-08-21 16:49:00",NO_IMPROPER_ACTION,NOT_APPLICABLE_MINUS_1+DISREGARDED_TRAFFIC_SIGNAL,,
2342113,2,LEFT_TURN,-112.058550582285,33.4674212336066,3,FOUR_WAY_INTERSECTION,LEFT_TURN,PHOENIX,"2009-08-17 13:48:00",DROVE_RODE_IN_OPPOSING_TRAFFIC_LANE,NO_IMPROPER_ACTION,,
2342148,2,HEAD_ON,-112.13024796591,33.4513417472626,2,FOUR_WAY_INTERSECTION,HEAD_ON,PHOENIX,"2009-08-19 10:50:00",NO_IMPROPER_ACTION,FAILED_TO_YIELD_RIGHT_OF_WAY_103,,
2342412,2,ANGLE_FRONT_TO_SIDE,-112.220547763595,33.4800910335844,2,FOUR_WAY_INTERSECTION,ANGLE_FRONT_TO_SIDE,PHOENIX,"2009-08-23 17:20:00",DROVE_RODE_IN_OPPOSING_TRAFFIC_LANE,NO_IMPROPER_ACTION+NOT_APPLICABLE_MINUS_1+NOT_APPLICABLE_MINUS_1,,
2342465,2,ANGLE_FRONT_TO_SIDE,-112.084696924831,33.4408800330164,3,T_INTERSECTION,ANGLE_FRONT_TO_SIDE,PHOENIX,"2009-08-21 16:56:00",FAILED_TO_YIELD_RIGHT_OF_WAY_103,NO_IMPROPER_ACTION,,
2342653,2,OTHER_97,-113.994921370141,35.1800469021752,3,T_INTERSECTION,OTHER_97,KINGMAN,"2009-09-07 15:18:00",FAILED_TO_YIELD_RIGHT_OF_WAY_103,NO_IMPROPER_ACTION,,
2342691,2,LEFT_TURN,-112.298528502678,33.6525010524531,1,T_INTERSECTION,LEFT_TURN,PEORIA,"2009-09-17 08:10:00",NO_IMPROPER_ACTION,FAILED_TO_YIELD_RIGHT_OF_WAY_103,,
2342698,2,OTHER_97,-112.151795640907,33.4659435210478,3,FOUR_WAY_INTERSECTION,OTHER_97,PHOENIX,"2009-08-29 13:49:00",OTHER_97,UNKNOWN_99,,
2342708,2,REAR_END,-111.650165937925,35.1988849226956,3,NOT_AT_INTERSECTION_0,REAR_END,FLAGSTAFF,"2009-09-19 02:37:00",INATTENTION_DISTRACTION,NO_IMPROPER_ACTION,,
2342724,2,ANGLE_FRONT_TO_SIDE,0,0,3,NOT_AT_INTERSECTION_0,ANGLE_FRONT_TO_SIDE,UNSPECIFIED_999,"2009-09-20 16:39:00",DROVE_RODE_IN_OPPOSING_TRAFFIC_LANE,NO_IMPROPER_ACTION,,
2342725,2,ANGLE_FRONT_TO_SIDE,-111.874652608898,33.3936135599006,3,NOT_AT_INTERSECTION_0,ANGLE_FRONT_TO_SIDE,MESA,"2009-09-17 12:54:00",OTHER_97,FAILED_TO_YIELD_RIGHT_OF_WAY_103,,
2342731,2,HEAD_ON,-111.580617006012,33.4078254516064,2,FOUR_WAY_INTERSECTION,HEAD_ON,UNSPECIFIED_999,"2009-09-23 16:45:00",NO_IMPROPER_ACTION,FAILED_TO_YIELD_RIGHT_OF_WAY_103,,
2342735,2,ANGLE_FRONT_TO_SIDE,-112.125954654461,33.4369061679855,4,FOUR_WAY_INTERSECTION,ANGLE_FRONT_TO_SIDE,PHOENIX,"2009-08-29 19:25:00",NO_IMPROPER_ACTION,DISREGARDED_TRAFFIC_SIGNAL,,
2342805,2,LEFT_TURN,0,0,2,T_INTERSECTION,LEFT_TURN,MESA,"2009-09-15 07:14:00",FAILED_TO_YIELD_RIGHT_OF_WAY_103,NO_IMPROPER_ACTION,,
2342829,2,ANGLE_FRONT_TO_SIDE,-113.984988393242,35.2545205958032,2,FOUR_WAY_INTERSECTION,ANGLE_FRONT_TO_SIDE,UNSPECIFIED_999,"2009-09-24 10:25:00",RAN_STOP_SIGN,NO_IMPROPER_ACTION,,
2342868,2,ANGLE_FRONT_TO_SIDE,-112.082516015681,33.4363927433912,3,NOT_AT_INTERSECTION_0,ANGLE_FRONT_TO_SIDE,PHOENIX,"2009-08-28 13:08:00",OTHER_97,FAILED_TO_YIELD_RIGHT_OF_WAY_103,,
2342894,2,OTHER_97,-112.078168490259,33.5028678918837,3,NOT_AT_INTERSECTION_0,OTHER_97,PHOENIX,"2009-08-26 13:31:00",DROVE_RODE_IN_OPPOSING_TRAFFIC_LANE,NOT_APPLICABLE_MINUS_1+NO_IMPROPER_ACTION,,
2342906,2,ANGLE_FRONT_TO_SIDE,-111.982893225728,33.4801722421509,3,NOT_AT_INTERSECTION_0,ANGLE_FRONT_TO_SIDE,PHOENIX,"2009-08-20 13:13:00",OTHER_97,NO_IMPROPER_ACTION,,
2343012,2,OTHER_97,-111.567777685604,33.4078422272332,2,T_INTERSECTION,OTHER_97,"APACHE JUNCTION","2009-09-30 15:27:00",OTHER_97,NO_IMPROPER_ACTION,,
2343014,2,ANGLE_FRONT_TO_SIDE,-112.470101636523,34.5438278988308,3,FOUR_WAY_INTERSECTION,ANGLE_FRONT_TO_SIDE,PRESCOTT,"2009-09-24 11:01:00",INATTENTION_DISTRACTION,NO_IMPROPER_ACTION,,
2343018,2,HEAD_ON,0,0,2,FOUR_WAY_INTERSECTION,HEAD_ON,PRESCOTT,"2009-09-15 12:30:00",DROVE_RODE_IN_OPPOSING_TRAFFIC_LANE+NOT_APPLICABLE_MINUS_1,NO_IMPROPER_ACTION,,
2343019,2,LEFT_TURN,-111.935083621242,33.4146978084742,1,FOUR_WAY_INTERSECTION,LEFT_TURN,TEMPE,"2009-09-26 14:43:00",NO_IMPROPER_ACTION,FAILED_TO_YIELD_RIGHT_OF_WAY_103,133,0.000413864627131724
2343051,2,SIDESWIPE_SAME_DIRECTION,-111.909592718562,33.4147760050764,3,FOUR_WAY_INTERSECTION,SIDESWIPE_SAME_DIRECTION,TEMPE,"2009-09-25 17:15:00",NO_IMPROPER_ACTION,FAILED_TO_YIELD_RIGHT_OF_WAY_103,,
2343114,2,HEAD_ON,-111.991123110411,33.3325209083777,3,NOT_AT_INTERSECTION_0,HEAD_ON,PHOENIX,"2009-08-27 19:45:00",UNKNOWN_99,UNKNOWN_99,,
2343121,2,ANGLE_FRONT_TO_SIDE,-112.151220086645,33.5963195846364,4,NOT_AT_INTERSECTION_0,ANGLE_FRONT_TO_SIDE,PHOENIX,"2009-08-27 20:04:00",OTHER_97,INATTENTION_DISTRACTION,,
2343141,2,ANGLE_FRONT_TO_SIDE,-112.233412870886,33.5955584973862,3,FOUR_WAY_INTERSECTION,ANGLE_FRONT_TO_SIDE,PEORIA,"2009-09-25 07:23:00",NO_IMPROPER_ACTION,INATTENTION_DISTRACTION,,
2343181,2,OTHER_97,-111.323025841703,34.2405570338702,3,FOUR_WAY_INTERSECTION,OTHER_97,PAYSON,"2009-09-06 15:14:00",DROVE_RODE_IN_OPPOSING_TRAFFIC_LANE,NO_IMPROPER_ACTION,,
2343194,2,LEFT_TURN,0,0,2,FOUR_WAY_INTERSECTION,LEFT_TURN,MESA,"2009-09-30 14:30:00",DISREGARDED_TRAFFIC_SIGNAL,NOT_APPLICABLE_MINUS_1+NO_IMPROPER_ACTION,,
2343236,2,OTHER_97,-111.719006865397,33.4373574067543,3,FOUR_WAY_INTERSECTION,OTHER_97,MESA,"2009-09-28 18:05:00",NO_IMPROPER_ACTION,INATTENTION_DISTRACTION,,
2343244,2,OTHER_97,-111.772943160138,33.3066259725189,1,FOUR_WAY_INTERSECTION,OTHER_97,GILBERT,"2009-09-22 07:33:00",DISREGARDED_TRAFFIC_SIGNAL,NO_IMPROPER_ACTION,,
2343247,2,ANGLE_FRONT_TO_SIDE,-111.7742676008,33.4081598699137,3,T_INTERSECTION,ANGLE_FRONT_TO_SIDE,MESA,"2009-09-27 19:41:00",INATTENTION_DISTRACTION,NOT_APPLICABLE_MINUS_1+NO_IMPROPER_ACTION+NOT_APPLICABLE_MINUS_1,,
2343249,2,OTHER_97,-111.767641550477,33.3500363950659,3,NOT_AT_INTERSECTION_0,OTHER_97,GILBERT,"2009-09-29 15:25:00",DID_NOT_USE_CROSSWALK,NOT_APPLICABLE_MINUS_1+INATTENTION_DISTRACTION,,
2343296,2,ANGLE_FRONT_TO_SIDE,-112.350504428954,33.6386407547541,1,FOUR_WAY_INTERSECTION,ANGLE_FRONT_TO_SIDE,SURPRISE,"2009-09-28 18:31:00",UNKNOWN_99,NO_IMPROPER_ACTION,,
2343298,2,ANGLE_FRONT_TO_SIDE,0,0,2,FOUR_WAY_INTERSECTION,ANGLE_FRONT_TO_SIDE,MESA,"2009-09-14 06:56:00",DISREGARDED_TRAFFIC_SIGNAL,NO_IMPROPER_ACTION,,
2343303,2,OTHER_97,-112.1362374014,33.509416089004,2,NOT_AT_INTERSECTION_0,OTHER_97,PHOENIX,"2009-08-18 04:41:00",INATTENTION_DISTRACTION,NO_IMPROPER_ACTION,,
2343524,2,SIDESWIPE_SAME_DIRECTION,-110.964343574634,32.3881486259992,2,FOUR_WAY_INTERSECTION,SIDESWIPE_SAME_DIRECTION,"ORO VALLEY","2009-09-29 12:17:00",NO_IMPROPER_ACTION,FAILED_TO_YIELD_RIGHT_OF_WAY_103,,
2343525,2,ANGLE_FRONT_TO_SIDE,0,0,3,T_INTERSECTION,ANGLE_FRONT_TO_SIDE,UNSPECIFIED_999,"2009-09-30 15:54:00",OTHER_97,UNKNOWN_99,,
2343536,2,SIDESWIPE_SAME_DIRECTION,-111.632656507918,33.4421390644917,3,T_INTERSECTION,SIDESWIPE_SAME_DIRECTION,MESA,"2009-09-30 12:33:00",NO_IMPROPER_ACTION,FAILED_TO_YIELD_RIGHT_OF_WAY_103,,
2343615,2,OTHER_97,-111.977429479916,33.6741476633924,1,NOT_AT_INTERSECTION_0,OTHER_97,PHOENIX,"2009-08-15 16:01:00",NO_IMPROPER_ACTION,NO_IMPROPER_ACTION+NOT_APPLICABLE_MINUS_1+NOT_APPLICABLE_MINUS_1+NOT_APPLICABLE_MINUS_1,,
2343691,2,SIDESWIPE_SAME_DIRECTION,-111.932910831735,33.422013853182,2,NOT_AT_INTERSECTION_0,SIDESWIPE_SAME_DIRECTION,TEMPE,"2009-09-29 13:50:00",NO_IMPROPER_ACTION,FAILED_TO_YIELD_RIGHT_OF_WAY_103,115,0.00189570324524088
2343699,2,ANGLE_FRONT_TO_SIDE,0,0,3,NOT_AT_INTERSECTION_0,ANGLE_FRONT_TO_SIDE,TEMPE,"2009-09-29 18:12:00",NO_IMPROPER_ACTION,FAILED_TO_YIELD_RIGHT_OF_WAY_103,,
2343707,2,ANGLE_FRONT_TO_SIDE,-111.902816790211,33.3782745631636,4,T_INTERSECTION,ANGLE_FRONT_TO_SIDE,TEMPE,"2009-09-30 12:07:00",FAILED_TO_YIELD_RIGHT_OF_WAY_103,NO_IMPROPER_ACTION,,
2343728,2,ANGLE_FRONT_TO_SIDE,0,0,2,FOUR_WAY_INTERSECTION,ANGLE_FRONT_TO_SIDE,TEMPE,"2009-09-27 18:47:00",FAILED_TO_YIELD_RIGHT_OF_WAY_103,DISREGARDED_TRAFFIC_SIGNAL,,
2343760,2,ANGLE_FRONT_TO_SIDE,-112.112835187827,33.5094907585224,3,INTERSECTION_AS_PART_OF_INTERCHANGE,ANGLE_FRONT_TO_SIDE,PHOENIX,"2009-08-23 21:58:00",NO_IMPROPER_ACTION,UNKNOWN_99,,
2343770,2,SIDESWIPE_SAME_DIRECTION,0,0,2,TRAFFIC_CIRCLE,SIDESWIPE_SAME_DIRECTION,UNSPECIFIED_999,"2009-09-15 10:14:00",NO_IMPROPER_ACTION,FAILED_TO_YIELD_RIGHT_OF_WAY_103,,
2343784,2,ANGLE_FRONT_TO_SIDE,-111.926399118689,33.4288538621704,3,FOUR_WAY_INTERSECTION,ANGLE_FRONT_TO_SIDE,TEMPE,"2009-09-30 17:28:00",FAILED_TO_YIELD_RIGHT_OF_WAY_103,NO_IMPROPER_ACTION,103,0.000493011185715089
2343800,2,ANGLE_FRONT_TO_SIDE,-111.935970253095,33.4074344165094,1,T_INTERSECTION,ANGLE_FRONT_TO_SIDE,TEMPE,"2009-09-29 21:35:00",DROVE_RODE_IN_OPPOSING_TRAFFIC_LANE,NO_IMPROPER_ACTION,139,0.00127129714929912
2343819,2,REAR_END,-111.002912634096,31.8737028569599,3,NOT_AT_INTERSECTION_0,REAR_END,UNSPECIFIED_999,"2009-09-20 06:54:00",NO_IMPROPER_ACTION,INATTENTION_DISTRACTION+NOT_APPLICABLE_MINUS_1,,
2343841,2,ANGLE_FRONT_TO_SIDE,-111.940031598003,33.4273296360411,3,FOUR_WAY_INTERSECTION,ANGLE_FRONT_TO_SIDE,TEMPE,"2009-09-19 01:50:00",NO_IMPROPER_ACTION,SPEED_TOO_FAST_FOR_CONDITIONS,106,0.00189893518541519
2343848,2,ANGLE_FRONT_TO_SIDE,-111.878326335217,33.5970071516457,2,FOUR_WAY_INTERSECTION,ANGLE_FRONT_TO_SIDE,SCOTTSDALE,"2009-09-22 15:09:00",FAILED_TO_YIELD_RIGHT_OF_WAY_103,UNKNOWN_99,,
2343882,2,ANGLE_FRONT_TO_SIDE,-111.926158094552,33.5841950655653,3,T_INTERSECTION,ANGLE_FRONT_TO_SIDE,SCOTTSDALE,"2009-09-24 12:25:00",NO_IMPROPER_ACTION,INATTENTION_DISTRACTION,,
2343908,2,LEFT_TURN,-111.96522571416,33.4219381534159,3,FOUR_WAY_INTERSECTION,LEFT_TURN,TEMPE,"2009-09-19 00:46:00",NO_IMPROPER_ACTION,FAILED_TO_YIELD_RIGHT_OF_WAY_103,,
2343943,2,ANGLE_FRONT_TO_SIDE,-111.926172844434,33.4147767983951,2,FOUR_WAY_INTERSECTION,ANGLE_FRONT_TO_SIDE,TEMPE,"2009-09-26 11:44:00",DISREGARDED_TRAFFIC_SIGNAL,NO_IMPROPER_ACTION,131,0.000151566837579837
2344022,2,LEFT_TURN,-111.952229064657,33.422516698261,2,NOT_AT_INTERSECTION_0,LEFT_TURN,TEMPE,"2009-09-28 12:17:00",OTHER_97,NO_IMPROPER_ACTION,121,0.000672370758907391
2344031,2,UNKNOWN_99,-111.856683119838,33.4078118431759,3,NOT_AT_INTERSECTION_0,UNKNOWN_99,MESA,"2009-09-25 11:03:00",NO_IMPROPER_ACTION,UNKNOWN_99,,
2344041,2,ANGLE_FRONT_TO_SIDE,-111.822881845478,33.4150053686634,3,FOUR_WAY_INTERSECTION,ANGLE_FRONT_TO_SIDE,MESA,"2009-09-24 17:24:00",UNKNOWN_99,NO_IMPROPER_ACTION+NOT_APPLICABLE_MINUS_1+NOT_APPLICABLE_MINUS_1,,
2344051,2,ANGLE_FRONT_TO_SIDE,-111.928579898506,33.3346927614209,3,FOUR_WAY_INTERSECTION,ANGLE_FRONT_TO_SIDE,TEMPE,"2009-09-30 07:24:00",UNKNOWN_99,UNKNOWN_99,,
2344079,2,LEFT_TURN,-111.940028633504,33.4243613005549,2,FOUR_WAY_INTERSECTION,LEFT_TURN,TEMPE,"2009-09-29 15:45:00",FAILED_TO_YIELD_RIGHT_OF_WAY_103,NO_IMPROPER_ACTION+NOT_APPLICABLE_MINUS_1+NOT_APPLICABLE_MINUS_1,106,0.00110776172233954
2344119,2,ANGLE_FRONT_TO_SIDE,-111.926339562703,33.3931574745533,3,FOUR_WAY_INTERSECTION,ANGLE_FRONT_TO_SIDE,TEMPE,"2009-09-22 18:46:00",UNKNOWN_99,UNKNOWN_99+NOT_APPLICABLE_MINUS_1,142,0.000254482780506985
2344150,2,LEFT_TURN,-112.125692957263,33.48716741694,2,NOT_AT_INTERSECTION_0,LEFT_TURN,PHOENIX,"2009-08-12 22:53:00",NO_IMPROPER_ACTION,NO_IMPROPER_ACTION,,
2344157,2,OTHER_97,0,0,3,NOT_AT_INTERSECTION_0,OTHER_97,FLAGSTAFF,"2009-09-30 14:32:00",NO_IMPROPER_ACTION,FAILED_TO_YIELD_RIGHT_OF_WAY_103+NOT_APPLICABLE_MINUS_1,,
2344158,2,SIDESWIPE_SAME_DIRECTION,-111.934922596945,33.4040596479952,2,NOT_AT_INTERSECTION_0,SIDESWIPE_SAME_DIRECTION,TEMPE,"2009-09-25 07:53:00",NO_IMPROPER_ACTION,INATTENTION_DISTRACTION,139,0.00339272807490615
2344174,2,OTHER_97,-111.911513903629,33.3784058745521,3,FOUR_WAY_INTERSECTION,OTHER_97,TEMPE,"2009-09-22 20:15:00",DROVE_RODE_IN_OPPOSING_TRAFFIC_LANE,INATTENTION_DISTRACTION,,
2344206,2,ANGLE_FRONT_TO_SIDE,-112.099604543,33.5684112842241,1,NOT_AT_INTERSECTION_0,ANGLE_FRONT_TO_SIDE,PHOENIX,"2009-08-23 12:02:00",NO_IMPROPER_ACTION,INATTENTION_DISTRACTION,,
2344272,2,ANGLE_FRONT_TO_SIDE,-110.254964763126,31.5328051595167,2,FOUR_WAY_INTERSECTION,ANGLE_FRONT_TO_SIDE,"SIERRA VISTA","2009-09-03 12:50:00",NOT_APPLICABLE_MINUS_1+DROVE_RODE_IN_OPPOSING_TRAFFIC_LANE,FAILED_TO_YIELD_RIGHT_OF_WAY_103+NOT_APPLICABLE_MINUS_1,,
2344345,2,LEFT_TURN,0,0,2,NOT_AT_INTERSECTION_0,LEFT_TURN,"PRESCOTT VALLEY","2009-09-27 11:23:00",UNKNOWN_99,FAILED_TO_YIELD_RIGHT_OF_WAY_103,,
2344359,2,HEAD_ON,-110.256213645792,31.5585643043886,3,NOT_AT_INTERSECTION_0,HEAD_ON,"SIERRA VISTA","2009-09-19 12:10:00",DROVE_RODE_IN_OPPOSING_TRAFFIC_LANE,NO_IMPROPER_ACTION,,
2344511,2,ANGLE_FRONT_TO_SIDE,-110.936962678263,32.1632407125496,2,T_INTERSECTION,ANGLE_FRONT_TO_SIDE,TUCSON,"2009-09-05 17:43:00",DROVE_RODE_IN_OPPOSING_TRAFFIC_LANE,NO_IMPROPER_ACTION,,
2344555,2,HEAD_ON,-112.335211243449,34.6006143743045,3,NOT_AT_INTERSECTION_0,HEAD_ON,UNSPECIFIED_999,"2009-09-29 14:27:00",OTHER_97,NO_IMPROPER_ACTION+NOT_APPLICABLE_MINUS_1,,
2344591,2,LEFT_TURN,-112.152011631533,33.5239412487581,4,NOT_AT_INTERSECTION_0,LEFT_TURN,GLENDALE,"2009-09-15 07:35:00",NO_IMPROPER_ACTION,FAILED_TO_YIELD_RIGHT_OF_WAY_103,,
2344628,2,OTHER_97,-111.926186170919,33.4710409888219,3,UNKNOWN_99,OTHER_97,SCOTTSDALE,"2009-09-19 12:59:00",OTHER_97,OTHER_97,,
2344639,2,SIDESWIPE_SAME_DIRECTION,-110.858014366532,32.2180782560244,2,T_INTERSECTION,SIDESWIPE_SAME_DIRECTION,TUCSON,"2009-09-05 14:44:00",NO_IMPROPER_ACTION,FAILED_TO_YIELD_RIGHT_OF_WAY_103,,
2344718,2,ANGLE_FRONT_TO_SIDE,-110.952422945833,32.2575689229609,2,FOUR_WAY_INTERSECTION,ANGLE_FRONT_TO_SIDE,TUCSON,"2009-09-17 18:56:00",RAN_STOP_SIGN,NO_IMPROPER_ACTION,,
2344747,2,ANGLE_FRONT_TO_SIDE,-110.966231548097,32.2211994760373,3,FOUR_WAY_INTERSECTION,ANGLE_FRONT_TO_SIDE,TUCSON,"2009-09-01 08:37:00",NO_IMPROPER_ACTION,FAILED_TO_YIELD_RIGHT_OF_WAY_103,,
2344794,2,ANGLE_FRONT_TO_SIDE,-111.684132244188,33.4516518862798,4,FOUR_WAY_INTERSECTION,ANGLE_FRONT_TO_SIDE,MESA,"2009-09-16 09:59:00",NO_IMPROPER_ACTION,FAILED_TO_YIELD_RIGHT_OF_WAY_103,,
2344849,2,LEFT_TURN,-110.901223783395,32.2486123398742,4,NOT_AT_INTERSECTION_0,LEFT_TURN,TUCSON,"2009-09-18 22:14:00",NO_IMPROPER_ACTION,FAILED_TO_YIELD_RIGHT_OF_WAY_103,,
2344863,2,ANGLE_FRONT_TO_SIDE,-110.960964290326,32.2506673624572,3,NOT_AT_INTERSECTION_0,ANGLE_FRONT_TO_SIDE,TUCSON,"2009-09-18 18:20:00",FAILED_TO_KEEP_IN_PROPER_LANE,NO_IMPROPER_ACTION,,
2344915,2,LEFT_TURN,-111.03023919586,32.2359688784883,3,FOUR_WAY_INTERSECTION,LEFT_TURN,TUCSON,"2009-09-21 18:00:00",NO_IMPROPER_ACTION,FAILED_TO_YIELD_RIGHT_OF_WAY_103,,
2344945,2,ANGLE_FRONT_TO_SIDE,-110.952941896242,32.2557420140306,4,NOT_AT_INTERSECTION_0,ANGLE_FRONT_TO_SIDE,TUCSON,"2009-09-20 17:51:00",NO_IMPROPER_ACTION,FAILED_TO_YIELD_RIGHT_OF_WAY_103,,
2345167,2,ANGLE_FRONT_TO_SIDE,-112.18631721847,33.6375268936962,3,NOT_AT_INTERSECTION_0,ANGLE_FRONT_TO_SIDE,GLENDALE,"2009-09-30 07:45:00",OTHER_97,OTHER_97,,
2345168,2,ANGLE_FRONT_TO_SIDE,-112.16861510055,33.5384510405503,2,FOUR_WAY_INTERSECTION,ANGLE_FRONT_TO_SIDE,GLENDALE,"2009-09-30 08:28:00",DROVE_RODE_IN_OPPOSING_TRAFFIC_LANE,FAILED_TO_YIELD_RIGHT_OF_WAY_103,,
2345221,2,ANGLE_FRONT_TO_SIDE,-110.806812040044,32.2237958051678,3,T_INTERSECTION,ANGLE_FRONT_TO_SIDE,TUCSON,"2009-09-08 08:14:00",OTHER_97,FAILED_TO_YIELD_RIGHT_OF_WAY_103,,