IncidentID,num_vehicles_involved,eCollisionManner,Longitude,Latitude,InjurySeverity,eIntersectionType,eCollisionManner,city_name,IncidentDateTime,cyclist_citations,driver_citations,nearest_count_site,distance_to_nearest_count_site
2345349,2,SIDESWIPE_SAME_DIRECTION,-110.992177891087,32.2356417883234,4,T_INTERSECTION,SIDESWIPE_SAME_DIRECTION,TUCSON,"2009-09-24 15:22:00",NO_IMPROPER_ACTION,FAILED_TO_YIELD_RIGHT_OF_WAY_103,,
2345351,2,OTHER_97,-112.186178700543,33.5422205056984,1,FOUR_WAY_INTERSECTION,OTHER_97,GLENDALE,"2009-09-08 17:47:00",FAILED_TO_YIELD_RIGHT_OF_WAY_103,UNKNOWN_99,,
2345356,2,ANGLE_FRONT_TO_SIDE,-110.860164299028,32.2433764839469,2,FOUR_WAY_INTERSECTION,ANGLE_FRONT_TO_SIDE,TUCSON,"2009-09-24 17:28:00",NO_IMPROPER_ACTION,FAILED_TO_YIELD_RIGHT_OF_WAY_103,,
2345408,2,ANGLE_FRONT_TO_SIDE,-112.163612665789,33.5661464809459,3,T_INTERSECTION,ANGLE_FRONT_TO_SIDE,GLENDALE,"2009-09-09 17:47:00",FAILED_TO_YIELD_RIGHT_OF_WAY_103,NO_IMPROPER_ACTION,,
2345414,2,REAR_END,-112.161428418111,33.517795259535,3,NOT_AT_INTERSECTION_0,REAR_END,GLENDALE,"2009-09-09 19:51:00",NO_IMPROPER_ACTION,UNKNOWN_99,,
2345415,2,ANGLE_FRONT_TO_SIDE,-110.787431673436,32.1100390540761,1,NOT_AT_INTERSECTION_0,ANGLE_FRONT_TO_SIDE,TUCSON,"2009-09-16 07:29:00",NO_IMPROPER_ACTION,FAILED_TO_YIELD_RIGHT_OF_WAY_103,,
2345429,2,SIDESWIPE_SAME_DIRECTION,-110.879863076236,32.2434194935904,2,FOUR_WAY_INTERSECTION,SIDESWIPE_SAME_DIRECTION,TUCSON,"2009-09-16 08:09:00",SPEED_TOO_FAST_FOR_CONDITIONS,NO_IMPROPER_ACTION,,
2345437,2,LEFT_TURN,-110.935254075683,32.2612724781942,3,FOUR_WAY_INTERSECTION,LEFT_TURN,TUCSON,"2009-09-16 13:02:00",NO_IMPROPER_ACTION,FAILED_TO_YIELD_RIGHT_OF_WAY_103,,
2345449,2,ANGLE_FRONT_TO_SIDE,-110.94379715092,32.2637457493355,4,NOT_AT_INTERSECTION_0,ANGLE_FRONT_TO_SIDE,TUCSON,"2009-09-09 15:36:00",FAILED_TO_KEEP_IN_PROPER_LANE,UNKNOWN_99,,
2345454,2,OTHER_97,-110.943677838894,32.2055775316755,4,T_INTERSECTION,OTHER_97,TUCSON,"2009-09-09 16:23:00",FAILED_TO_YIELD_RIGHT_OF_WAY_103,NO_IMPROPER_ACTION,,
2345465,2,ANGLE_FRONT_TO_SIDE,-110.952343947492,32.264113491714,3,NOT_AT_INTERSECTION_0,ANGLE_FRONT_TO_SIDE,TUCSON,"2009-09-03 06:03:00",NO_IMPROPER_ACTION,FAILED_TO_YIELD_RIGHT_OF_WAY_103,,
2345489,2,SIDESWIPE_SAME_DIRECTION,-110.952523054066,32.2498572248115,3,FOUR_WAY_INTERSECTION,SIDESWIPE_SAME_DIRECTION,TUCSON,"2009-09-03 15:23:00",NO_IMPROPER_ACTION,FAILED_TO_YIELD_RIGHT_OF_WAY_103,,
2345544,2,OTHER_97,-112.211724086951,33.5337990916831,2,T_INTERSECTION,OTHER_97,GLENDALE,"2009-09-18 08:31:00",INATTENTION_DISTRACTION,NOT_APPLICABLE_MINUS_1+NO_IMPROPER_ACTION,,
2345551,2,ANGLE_FRONT_TO_SIDE,-110.911987837547,32.2578467539361,3,FOUR_WAY_INTERSECTION,ANGLE_FRONT_TO_SIDE,TUCSON,"2009-09-16 14:44:00",UNKNOWN_99,UNKNOWN_99,,
2345552,2,ANGLE_FRONT_TO_SIDE,-111.894959715642,33.3058462565124,3,INTERSECTION_AS_PART_OF_INTERCHANGE,ANGLE_FRONT_TO_SIDE,CHANDLER,"2009-09-11 10:58:00",NO_IMPROPER_ACTION,FAILED_TO_YIELD_RIGHT_OF_WAY_103,,
2345620,2,UNKNOWN_99,-110.969935734843,32.2145327763396,3,NOT_AT_INTERSECTION_0,UNKNOWN_99,TUCSON,"2009-09-16 09:07:00",NO_IMPROPER_ACTION,UNKNOWN_99,,
2345635,2,ANGLE_FRONT_TO_SIDE,-111.827741570368,33.2916441081755,3,NOT_AT_INTERSECTION_0,ANGLE_FRONT_TO_SIDE,CHANDLER,"2009-09-30 14:30:00",FAILED_TO_YIELD_RIGHT_OF_WAY_103,NOT_APPLICABLE_MINUS_1+NO_IMPROPER_ACTION+NOT_APPLICABLE_MINUS_1+NOT_APPLICABLE_MINUS_1,,
2345670,2,ANGLE_FRONT_TO_SIDE,-110.991395340769,32.1631883279703,3,FOUR_WAY_INTERSECTION,ANGLE_FRONT_TO_SIDE,TUCSON,"2009-09-29 06:03:00",DROVE_RODE_IN_OPPOSING_TRAFFIC_LANE,NO_IMPROPER_ACTION,,
2345831,2,ANGLE_FRONT_TO_SIDE,-110.890206627394,32.2009755124851,3,T_INTERSECTION,ANGLE_FRONT_TO_SIDE,TUCSON,"2009-09-29 09:05:00",NO_IMPROPER_ACTION,INATTENTION_DISTRACTION,,
2345879,2,OTHER_97,0,0,3,NOT_AT_INTERSECTION_0,OTHER_97,TUCSON,"2009-09-30 17:09:00",FAILED_TO_YIELD_RIGHT_OF_WAY_103,SPEED_TOO_FAST_FOR_CONDITIONS,,
2345886,2,ANGLE_FRONT_TO_SIDE,-110.959486619303,32.2360079448924,3,FOUR_WAY_INTERSECTION,ANGLE_FRONT_TO_SIDE,TUCSON,"2009-09-30 16:59:00",NO_IMPROPER_ACTION,DISREGARDED_TRAFFIC_SIGNAL,,
2345896,2,ANGLE_FRONT_TO_SIDE,-110.892702709295,32.2506373879474,3,FOUR_WAY_INTERSECTION,ANGLE_FRONT_TO_SIDE,TUCSON,"2009-09-30 21:00:00",DISREGARDED_TRAFFIC_SIGNAL,NO_IMPROPER_ACTION+NOT_APPLICABLE_MINUS_1,,
2345945,2,REAR_TO_SIDE,-109.552951151836,31.3455175660677,1,FOUR_WAY_INTERSECTION,REAR_TO_SIDE,DOUGLAS,"2009-09-02 12:53:00",DISREGARDED_TRAFFIC_SIGNAL,NO_IMPROPER_ACTION,,
2345969,2,ANGLE_FRONT_TO_SIDE,-111.632717102968,33.4151177585302,3,FOUR_WAY_INTERSECTION,ANGLE_FRONT_TO_SIDE,UNSPECIFIED_999,"2009-09-16 19:32:00",UNKNOWN_99,UNKNOWN_99,,
2345998,2,ANGLE_FRONT_TO_SIDE,-111.923731258627,33.3031792049156,2,T_INTERSECTION,ANGLE_FRONT_TO_SIDE,CHANDLER,"2009-09-03 15:38:00",NO_IMPROPER_ACTION,FAILED_TO_YIELD_RIGHT_OF_WAY_103,,
2346058,2,REAR_END,-110.952454466369,32.24015811359,3,NOT_AT_INTERSECTION_0,REAR_END,TUCSON,"2009-09-22 17:30:00",UNKNOWN_99,UNKNOWN_99+NOT_APPLICABLE_MINUS_1,,
2346059,2,REAR_END,-110.971824908092,32.240032185125,3,NOT_AT_INTERSECTION_0,REAR_END,TUCSON,"2009-09-22 10:53:00",NO_IMPROPER_ACTION,UNKNOWN_99,,
2346077,2,ANGLE_FRONT_TO_SIDE,-111.934941030649,33.3759240159063,2,T_INTERSECTION,ANGLE_FRONT_TO_SIDE,TEMPE,"2009-09-18 07:33:00",NO_IMPROPER_ACTION,FAILED_TO_YIELD_RIGHT_OF_WAY_103,,
2346079,2,ANGLE_FRONT_TO_SIDE,0,0,3,FOUR_WAY_INTERSECTION,ANGLE_FRONT_TO_SIDE,KINGMAN,"2009-09-23 16:11:00",INATTENTION_DISTRACTION,NO_IMPROPER_ACTION,,
2346120,8,SIDESWIPE_SAME_DIRECTION,-111.592166675221,32.0239994602634,2,NOT_AT_INTERSECTION_0,SIDESWIPE_SAME_DIRECTION,UNSPECIFIED_999,"2009-09-05 06:21:00",NO_IMPROPER_ACTION+NO_IMPROPER_ACTION+NO_IMPROPER_ACTION+NO_IMPROPER_ACTION+NO_IMPROPER_ACTION+NO_IMPROPER_ACTION+NO_IMPROPER_ACTION,OTHER_97,,
2346193,2,ANGLE_FRONT_TO_SIDE,-111.853857337845,33.2528759381088,3,FOUR_WAY_INTERSECTION,ANGLE_FRONT_TO_SIDE,CHANDLER,"2009-09-19 08:51:00",RAN_STOP_SIGN,NO_IMPROPER_ACTION+NOT_APPLICABLE_MINUS_1,,
2346219,2,SIDESWIPE_OPPOSITE_DIRECTION,-112.204748950915,33.5238063344835,2,NOT_AT_INTERSECTION_0,SIDESWIPE_OPPOSITE_DIRECTION,GLENDALE,"2009-09-23 18:04:00",NO_IMPROPER_ACTION+NOT_APPLICABLE_MINUS_1,INATTENTION_DISTRACTION+NOT_APPLICABLE_MINUS_1+NOT_APPLICABLE_MINUS_1,,
2346278,2,SIDESWIPE_SAME_DIRECTION,-112.290237276398,33.4936039556892,2,FOUR_WAY_INTERSECTION,SIDESWIPE_SAME_DIRECTION,UNSPECIFIED_999,"2009-09-24 07:51:00",UNKNOWN_99,FAILED_TO_YIELD_RIGHT_OF_WAY_103,,
2346315,2,ANGLE_FRONT_TO_SIDE,0,0,2,NOT_AT_INTERSECTION_0,ANGLE_FRONT_TO_SIDE,GLENDALE,"2009-09-18 08:59:00",NO_IMPROPER_ACTION,FAILED_TO_YIELD_RIGHT_OF_WAY_103,,
2346320,2,OTHER_97,-112.157922514987,33.5384175382877,2,T_INTERSECTION,OTHER_97,GLENDALE,"2009-09-18 13:28:00",DROVE_RODE_IN_OPPOSING_TRAFFIC_LANE,NO_IMPROPER_ACTION,,
2346507,2,ANGLE_FRONT_TO_SIDE,-111.996186140797,33.6442519746026,4,T_INTERSECTION,ANGLE_FRONT_TO_SIDE,PHOENIX,"2009-09-05 11:36:00",FAILED_TO_YIELD_RIGHT_OF_WAY_103,NOT_APPLICABLE_MINUS_1+NO_IMPROPER_ACTION+NOT_APPLICABLE_MINUS_1,,
2346556,2,OTHER_97,-112.073263125103,33.4067128674522,2,FOUR_WAY_INTERSECTION,OTHER_97,PHOENIX,"2009-09-03 14:09:00",DISREGARDED_TRAFFIC_SIGNAL,NO_IMPROPER_ACTION,,
2346590,2,ANGLE_FRONT_TO_SIDE,-111.916905281365,33.5602965857602,3,T_INTERSECTION,ANGLE_FRONT_TO_SIDE,SCOTTSDALE,"2009-09-28 13:43:00",DROVE_RODE_IN_OPPOSING_TRAFFIC_LANE,NO_IMPROPER_ACTION,,
2346616,2,ANGLE_FRONT_TO_SIDE,-111.141502364499,32.3907881309648,3,T_INTERSECTION,ANGLE_FRONT_TO_SIDE,MARANA,"2009-09-30 06:21:00",NO_IMPROPER_ACTION,FAILED_TO_YIELD_RIGHT_OF_WAY_103,,
2346705,2,ANGLE_FRONT_TO_SIDE,-112.03005654951,33.4948488381205,3,FOUR_WAY_INTERSECTION,ANGLE_FRONT_TO_SIDE,PHOENIX,"2009-09-07 18:19:00",DISREGARDED_TRAFFIC_SIGNAL,NO_IMPROPER_ACTION,,
2346752,2,SIDESWIPE_SAME_DIRECTION,-111.653784472481,35.1982444663631,1,T_INTERSECTION,SIDESWIPE_SAME_DIRECTION,FLAGSTAFF,"2009-09-22 09:28:00",OTHER_97,INATTENTION_DISTRACTION,,
2346760,2,LEFT_TURN,-110.989180814169,32.1778510952438,4,T_INTERSECTION,LEFT_TURN,TUCSON,"2009-09-13 17:35:00",NO_IMPROPER_ACTION,NOT_APPLICABLE_MINUS_1+FAILED_TO_YIELD_RIGHT_OF_WAY_103,,
2346815,2,LEFT_TURN,-111.942866265207,33.6379679074338,3,T_INTERSECTION,LEFT_TURN,PHOENIX,"2009-09-12 07:43:00",NO_IMPROPER_ACTION,INATTENTION_DISTRACTION,,
2346822,2,OTHER_97,-110.988453865658,32.250269425995,3,T_INTERSECTION,OTHER_97,TUCSON,"2009-09-14 13:11:00",NO_IMPROPER_ACTION,FAILED_TO_YIELD_RIGHT_OF_WAY_103,,
2346835,2,ANGLE_FRONT_TO_SIDE,-112.143602663793,33.6982792720542,2,T_INTERSECTION,ANGLE_FRONT_TO_SIDE,PHOENIX,"2009-09-05 09:56:00",NO_IMPROPER_ACTION,FAILED_TO_YIELD_RIGHT_OF_WAY_103,,
2347459,2,ANGLE_FRONT_TO_SIDE,-112.168543936678,33.5963259264448,2,FOUR_WAY_INTERSECTION,ANGLE_FRONT_TO_SIDE,PHOENIX,"2009-09-12 19:30:00",OTHER_97,NO_IMPROPER_ACTION,,
2347632,2,OTHER_97,-111.986903970928,33.4948399800506,3,FOUR_WAY_INTERSECTION,OTHER_97,PHOENIX,"2009-09-17 18:33:00",OTHER_97,NO_IMPROPER_ACTION,,
2347670,2,LEFT_TURN,-112.013392993805,33.6260847848392,3,FOUR_WAY_INTERSECTION,LEFT_TURN,PHOENIX,"2009-09-06 16:33:00",FAILED_TO_YIELD_RIGHT_OF_WAY_103,NOT_APPLICABLE_MINUS_1+NO_IMPROPER_ACTION,,
2347731,2,REAR_END,-112.015204746959,33.6405123086177,4,NOT_AT_INTERSECTION_0,REAR_END,PHOENIX,"2009-09-07 12:00:00",OTHER_97,NO_IMPROPER_ACTION,,
2347829,2,OTHER_97,-111.841345679175,33.3045881954617,1,NOT_AT_INTERSECTION_0,OTHER_97,CHANDLER,"2009-09-30 13:38:00",OTHER_97,NO_IMPROPER_ACTION,,
2347891,2,ANGLE_FRONT_TO_SIDE,-112.10007649228,33.4491914288027,2,FOUR_WAY_INTERSECTION,ANGLE_FRONT_TO_SIDE,PHOENIX,"2009-09-18 00:20:00",NO_IMPROPER_ACTION,FAILED_TO_YIELD_RIGHT_OF_WAY_103,,
2347954,2,ANGLE_FRONT_TO_SIDE,-112.030235243017,33.502211827797,3,FOUR_WAY_INTERSECTION,ANGLE_FRONT_TO_SIDE,PHOENIX,"2009-09-16 15:30:00",DISREGARDED_PAVEMENT_MARKINGS,DISREGARDED_PAVEMENT_MARKINGS,,
2348063,2,ANGLE_FRONT_TO_SIDE,-111.996032509558,33.4804157133681,3,NOT_AT_INTERSECTION_0,ANGLE_FRONT_TO_SIDE,PHOENIX,"2009-09-26 11:40:00",NO_IMPROPER_ACTION,SPEED_TOO_FAST_FOR_CONDITIONS,,
2348098,2,OTHER_97,-112.08345465909,33.4948930068797,4,FOUR_WAY_INTERSECTION,OTHER_97,PHOENIX,"2009-09-22 22:47:00",INATTENTION_DISTRACTION,NOT_APPLICABLE_MINUS_1+FAILED_TO_YIELD_RIGHT_OF_WAY_103,,
2348271,2,OTHER_97,-112.151278967406,33.603536049368,3,FOUR_WAY_INTERSECTION,OTHER_97,PHOENIX,"2009-09-24 16:42:00",NO_IMPROPER_ACTION,FAILED_TO_YIELD_RIGHT_OF_WAY_103,,
2348286,2,ANGLE_FRONT_TO_SIDE,-112.15984411193,33.4805163275496,3,T_INTERSECTION,ANGLE_FRONT_TO_SIDE,PHOENIX,"2009-09-13 12:34:00",DROVE_RODE_IN_OPPOSING_TRAFFIC_LANE,NO_IMPROPER_ACTION+NOT_APPLICABLE_MINUS_1,,
2348397,2,ANGLE_FRONT_TO_SIDE,-112.242379048946,33.4979715049659,2,FOUR_WAY_INTERSECTION,ANGLE_FRONT_TO_SIDE,PHOENIX,"2009-09-03 23:00:00",NO_IMPROPER_ACTION,UNKNOWN_99,,
2348464,2,ANGLE_FRONT_TO_SIDE,-112.069384929062,33.4599847792658,3,FOUR_WAY_INTERSECTION,ANGLE_FRONT_TO_SIDE,PHOENIX,"2009-09-27 14:00:00",UNKNOWN_99,NO_IMPROPER_ACTION,,
2348483,2,OTHER_97,0,0,2,T_INTERSECTION,OTHER_97,PHOENIX,"2009-09-26 16:26:00",FAILED_TO_YIELD_RIGHT_OF_WAY_103,NO_IMPROPER_ACTION,,
2348516,2,ANGLE_FRONT_TO_SIDE,-112.030201866952,33.4657736339138,3,FOUR_WAY_INTERSECTION,ANGLE_FRONT_TO_SIDE,PHOENIX,"2009-09-05 17:17:00",NO_IMPROPER_ACTION,DISREGARDED_TRAFFIC_SIGNAL,,
2348542,2,ANGLE_FRONT_TO_SIDE,-112.057837880868,33.2950356261417,3,T_INTERSECTION,ANGLE_FRONT_TO_SIDE,PHOENIX,"2009-09-29 07:36:00",OTHER_97,FAILED_TO_YIELD_RIGHT_OF_WAY_103,,
2348555,2,ANGLE_FRONT_TO_SIDE,-112.026079887674,33.3933410619214,3,NOT_AT_INTERSECTION_0,ANGLE_FRONT_TO_SIDE,PHOENIX,"2009-09-28 04:44:00",FAILED_TO_YIELD_RIGHT_OF_WAY_103,NOT_APPLICABLE_MINUS_1+NO_IMPROPER_ACTION,,
2348559,2,LEFT_TURN,-112.125629377557,33.5348924031089,3,T_INTERSECTION,LEFT_TURN,PHOENIX,"2009-09-11 15:36:00",FAILED_TO_YIELD_RIGHT_OF_WAY_103,NO_IMPROPER_ACTION+NOT_APPLICABLE_MINUS_1,,
2348721,2,SIDESWIPE_SAME_DIRECTION,-112.1476614279,33.6473215067119,3,NOT_AT_INTERSECTION_0,SIDESWIPE_SAME_DIRECTION,PHOENIX,"2009-09-19 14:53:00",MADE_IMPROPER_TURN,NO_IMPROPER_ACTION,,
2348730,2,LEFT_TURN,-112.030755107763,33.6405143460298,3,FOUR_WAY_INTERSECTION,LEFT_TURN,PHOENIX,"2009-09-23 23:50:00",NO_IMPROPER_ACTION,FAILED_TO_YIELD_RIGHT_OF_WAY_103,,
2348892,2,ANGLE_FRONT_TO_SIDE,-112.0302075051,33.4625539189027,2,INTERSECTION_AS_PART_OF_INTERCHANGE,ANGLE_FRONT_TO_SIDE,PHOENIX,"2009-10-06 17:32:00",DROVE_RODE_IN_OPPOSING_TRAFFIC_LANE,NO_IMPROPER_ACTION,,
2348956,2,ANGLE_FRONT_TO_SIDE,-112.134349757936,33.5387001550626,4,NOT_AT_INTERSECTION_0,ANGLE_FRONT_TO_SIDE,PHOENIX,"2009-11-12 19:34:00",NOT_APPLICABLE_MINUS_1+KNOWINGLY_OPERATED_WITH_FAULTY_MISSING_EQUIPMENT+NOT_APPLICABLE_MINUS_1+NOT_APPLICABLE_MINUS_1,NO_IMPROPER_ACTION,,
2348989,2,ANGLE_FRONT_TO_SIDE,-111.986942106054,33.3315604508294,3,T_INTERSECTION,ANGLE_FRONT_TO_SIDE,PHOENIX,"2009-09-28 07:18:00",FAILED_TO_YIELD_RIGHT_OF_WAY_103,NO_IMPROPER_ACTION,,
2349015,2,LEFT_TURN,-112.012793916961,33.4613581112263,2,NOT_AT_INTERSECTION_0,LEFT_TURN,PHOENIX,"2009-09-01 16:41:00",DROVE_RODE_IN_OPPOSING_TRAFFIC_LANE,NO_IMPROPER_ACTION,,
2349103,2,OTHER_97,-111.858456555839,33.2338990736391,3,NOT_AT_INTERSECTION_0,OTHER_97,CHANDLER,"2009-10-23 06:59:00",NO_IMPROPER_ACTION,FAILED_TO_YIELD_RIGHT_OF_WAY_103,,
2349241,2,REAR_END,-111.996186227239,33.6442272478366,2,T_INTERSECTION,REAR_END,PHOENIX,"2009-10-07 17:21:00",UNKNOWN_99,NOT_APPLICABLE_MINUS_1+UNKNOWN_99+NOT_APPLICABLE_MINUS_1,,
2349326,2,ANGLE_FRONT_TO_SIDE,-112.063530976768,33.5641418397844,2,T_INTERSECTION,ANGLE_FRONT_TO_SIDE,PHOENIX,"2009-10-01 17:35:00",FAILED_TO_YIELD_RIGHT_OF_WAY_103,NO_IMPROPER_ACTION,,
2349425,2,LEFT_TURN,-111.997347204714,33.3050330289394,2,FOUR_WAY_INTERSECTION,LEFT_TURN,PHOENIX,"2009-10-01 20:26:00",DROVE_RODE_IN_OPPOSING_TRAFFIC_LANE,NO_IMPROPER_ACTION,,
2349527,2,HEAD_ON,-112.228667415147,33.5041054716372,3,T_INTERSECTION,HEAD_ON,PHOENIX,"2009-10-08 07:39:00",NOT_APPLICABLE_MINUS_1+UNKNOWN_99,NO_IMPROPER_ACTION,,
2349549,2,ANGLE_FRONT_TO_SIDE,-112.047506434654,33.4548117175658,3,FOUR_WAY_INTERSECTION,ANGLE_FRONT_TO_SIDE,PHOENIX,"2009-10-13 07:20:00",INATTENTION_DISTRACTION,NO_IMPROPER_ACTION,,
2349594,2,OTHER_97,-111.648967091021,35.2007503055889,1,NOT_AT_INTERSECTION_0,OTHER_97,FLAGSTAFF,"2009-10-06 08:08:00",NO_IMPROPER_ACTION,NOT_APPLICABLE_MINUS_1+NOT_APPLICABLE_MINUS_1+INATTENTION_DISTRACTION+NOT_APPLICABLE_MINUS_1,,
2349699,2,SIDESWIPE_SAME_DIRECTION,-111.995463797939,33.3380704801523,3,T_INTERSECTION,SIDESWIPE_SAME_DIRECTION,PHOENIX,"2009-10-08 08:07:00",SPEED_TOO_FAST_FOR_CONDITIONS,NO_IMPROPER_ACTION,,
2349705,2,ANGLE_FRONT_TO_SIDE,-111.980331350962,33.3054403755468,3,FOUR_WAY_INTERSECTION,ANGLE_FRONT_TO_SIDE,PHOENIX,"2009-10-08 10:23:00",FAILED_TO_YIELD_RIGHT_OF_WAY_103,NO_IMPROPER_ACTION,,
2349786,2,OTHER_97,-112.099579506016,33.5354503064612,2,NOT_AT_INTERSECTION_0,OTHER_97,PHOENIX,"2009-10-10 13:00:00",DROVE_RODE_IN_OPPOSING_TRAFFIC_LANE,NO_IMPROPER_ACTION,,
2349921,2,ANGLE_FRONT_TO_SIDE,-112.049491188747,33.5092087637844,3,NOT_AT_INTERSECTION_0,ANGLE_FRONT_TO_SIDE,PHOENIX,"2009-10-18 12:56:00",NO_IMPROPER_ACTION,FAILED_TO_YIELD_RIGHT_OF_WAY_103,,
2349930,2,OTHER_97,-112.880659302419,32.5175327068634,1,NOT_AT_INTERSECTION_0,OTHER_97,UNSPECIFIED_999,"2009-10-21 18:51:00",UNKNOWN_99,UNKNOWN_99,,
2349949,2,ANGLE_FRONT_TO_SIDE,-112.091100211945,33.5109989662727,4,NOT_AT_INTERSECTION_0,ANGLE_FRONT_TO_SIDE,PHOENIX,"2009-10-16 08:43:00",OTHER_97,NO_IMPROPER_ACTION,,
2350153,2,ANGLE_FRONT_TO_SIDE,-112.091228865761,33.4564157847358,3,NOT_AT_INTERSECTION_0,ANGLE_FRONT_TO_SIDE,PHOENIX,"2009-10-18 11:15:00",OTHER_97,NOT_APPLICABLE_MINUS_1+NO_IMPROPER_ACTION,,
2350188,2,ANGLE_FRONT_TO_SIDE,-112.038938212489,33.5056494720537,4,FOUR_WAY_INTERSECTION,ANGLE_FRONT_TO_SIDE,PHOENIX,"2009-10-14 16:49:00",NO_IMPROPER_ACTION,FAILED_TO_YIELD_RIGHT_OF_WAY_103,,
2350246,2,ANGLE_FRONT_TO_SIDE,-111.995569485865,33.466955852675,3,NOT_AT_INTERSECTION_0,ANGLE_FRONT_TO_SIDE,PHOENIX,"2009-10-16 17:32:00",MADE_IMPROPER_TURN,NO_IMPROPER_ACTION,,
2350254,2,ANGLE_FRONT_TO_SIDE,-112.001251601847,33.6126262280215,2,FOUR_WAY_INTERSECTION,ANGLE_FRONT_TO_SIDE,PHOENIX,"2009-10-15 18:57:00",OTHER_97,FAILED_TO_YIELD_RIGHT_OF_WAY_103,,
2350262,2,LEFT_TURN,-111.839603184714,33.4557447820026,1,INTERSECTION_AS_PART_OF_INTERCHANGE,LEFT_TURN,MESA,"2009-10-15 08:00:00",DROVE_RODE_IN_OPPOSING_TRAFFIC_LANE,NO_IMPROPER_ACTION,,
2350266,2,LEFT_TURN,-112.065108906314,33.4657862797287,2,NOT_AT_INTERSECTION_0,LEFT_TURN,PHOENIX,"2009-10-16 14:00:00",NO_IMPROPER_ACTION,NO_IMPROPER_ACTION,,
2350346,2,SIDESWIPE_SAME_DIRECTION,-112.073475193162,33.567715565436,2,NOT_AT_INTERSECTION_0,SIDESWIPE_SAME_DIRECTION,PHOENIX,"2009-10-21 20:50:00",KNOWINGLY_OPERATED_WITH_FAULTY_MISSING_EQUIPMENT,NO_IMPROPER_ACTION,,
2350727,2,SIDESWIPE_SAME_DIRECTION,-111.832829451046,33.3039182871763,4,T_INTERSECTION,SIDESWIPE_SAME_DIRECTION,CHANDLER,"2009-10-23 19:37:00",OTHER_97,NOT_APPLICABLE_MINUS_1+NO_IMPROPER_ACTION,,
2350754,2,ANGLE_FRONT_TO_SIDE,0,0,3,T_INTERSECTION,ANGLE_FRONT_TO_SIDE,UNSPECIFIED_999,"2009-10-01 11:00:00",NO_IMPROPER_ACTION,FAILED_TO_YIELD_RIGHT_OF_WAY_103,,
2350840,2,ANGLE_FRONT_TO_SIDE,-111.939622729743,33.3943025683909,3,NOT_AT_INTERSECTION_0,ANGLE_FRONT_TO_SIDE,TEMPE,"2009-10-05 17:36:00",NO_IMPROPER_ACTION,FAILED_TO_YIELD_RIGHT_OF_WAY_103,144,0.00146181412179186
2350850,2,ANGLE_FRONT_TO_SIDE,-111.947300411583,33.421924604752,2,T_INTERSECTION,ANGLE_FRONT_TO_SIDE,TEMPE,"2009-10-05 16:38:00",DROVE_RODE_IN_OPPOSING_TRAFFIC_LANE,NO_IMPROPER_ACTION,120,0.000216572256557875
2350853,2,LEFT_TURN,-112.125346513461,33.5963874233865,2,FOUR_WAY_INTERSECTION,LEFT_TURN,PHOENIX,"2009-10-30 07:51:00",NO_IMPROPER_ACTION,NOT_APPLICABLE_MINUS_1+FAILED_TO_YIELD_RIGHT_OF_WAY_103+NOT_APPLICABLE_MINUS_1,,
2350854,2,HEAD_ON,-112.069358196031,33.4647665761099,2,NOT_AT_INTERSECTION_0,HEAD_ON,PHOENIX,"2009-10-15 17:16:00",INATTENTION_DISTRACTION,NO_IMPROPER_ACTION+NOT_APPLICABLE_MINUS_1,,
2350957,2,ANGLE_FRONT_TO_SIDE,-112.099724103453,33.6473903263998,2,T_INTERSECTION,ANGLE_FRONT_TO_SIDE,PHOENIX,"2009-10-26 16:24:00",OTHER_97,NO_IMPROPER_ACTION,,
2350969,2,OTHER_97,-110.986390920058,31.9056762042059,3,FOUR_WAY_INTERSECTION,OTHER_97,SAHUARITA,"2009-10-11 22:38:00",DROVE_RODE_IN_OPPOSING_TRAFFIC_LANE,DISREGARDED_TRAFFIC_SIGNAL+NOT_APPLICABLE_MINUS_1,,
2350980,2,ANGLE_FRONT_TO_SIDE,-110.951005529196,32.2284362024977,3,NOT_AT_INTERSECTION_0,ANGLE_FRONT_TO_SIDE,TUCSON,"2009-10-08 12:26:00",INATTENTION_DISTRACTION,NO_IMPROPER_ACTION,,
2351023,2,OTHER_97,-112.099416495758,33.6400996884525,2,FOUR_WAY_INTERSECTION,OTHER_97,PHOENIX,"2009-10-24 09:28:00",NO_IMPROPER_ACTION,FAILED_TO_YIELD_RIGHT_OF_WAY_103,,
2351050,2,SIDESWIPE_SAME_DIRECTION,-111.824220859986,33.304236426532,2,NOT_AT_INTERSECTION_0,SIDESWIPE_SAME_DIRECTION,CHANDLER,"2009-10-22 18:01:00",NO_IMPROPER_ACTION,INATTENTION_DISTRACTION,,
2351054,2,ANGLE_FRONT_TO_SIDE,-112.134205562676,33.563882674041,3,T_INTERSECTION,ANGLE_FRONT_TO_SIDE,PHOENIX,"2009-10-25 10:27:00",NO_IMPROPER_ACTION,INATTENTION_DISTRACTION,,
2351076,2,ANGLE_FRONT_TO_SIDE,0,0,3,FOUR_WAY_INTERSECTION,ANGLE_FRONT_TO_SIDE,UNSPECIFIED_999,"2009-10-08 07:22:00",DROVE_RODE_IN_OPPOSING_TRAFFIC_LANE,NOT_APPLICABLE_MINUS_1+SPEED_TOO_FAST_FOR_CONDITIONS,,
2351102,2,OTHER_97,-110.028625052007,34.2508057942353,2,NOT_AT_INTERSECTION_0,OTHER_97,"SHOW LOW","2009-10-06 10:45:00",NO_IMPROPER_ACTION,FAILED_TO_YIELD_RIGHT_OF_WAY_103,,