IncidentID,num_vehicles_involved,eCollisionManner,Longitude,Latitude,InjurySeverity,eIntersectionType,eCollisionManner,city_name,IncidentDateTime,cyclist_citations,driver_citations,nearest_count_site,distance_to_nearest_count_site
2355085,2,LEFT_TURN,-110.852102346192,32.2466900116418,3,NOT_AT_INTERSECTION_0,LEFT_TURN,TUCSON,"2009-10-08 18:13:00",OTHER_97,NOT_APPLICABLE_MINUS_1+NOT_APPLICABLE_MINUS_1+NOT_APPLICABLE_MINUS_1+NO_IMPROPER_ACTION+NOT_APPLICABLE_MINUS_1+NOT_APPLICABLE_MINUS_1,,
2355131,2,ANGLE_FRONT_TO_SIDE,-110.961082635129,32.2822995194332,3,NOT_AT_INTERSECTION_0,ANGLE_FRONT_TO_SIDE,TUCSON,"2009-10-08 09:28:00",NO_IMPROPER_ACTION,NOT_APPLICABLE_MINUS_1+FAILED_TO_YIELD_RIGHT_OF_WAY_103+NOT_APPLICABLE_MINUS_1,,
2355254,2,ANGLE_FRONT_TO_SIDE,-110.988803998331,32.2720671986101,3,NOT_AT_INTERSECTION_0,ANGLE_FRONT_TO_SIDE,TUCSON,"2009-10-01 13:42:00",DROVE_RODE_IN_OPPOSING_TRAFFIC_LANE,NO_IMPROPER_ACTION,,
2355264,2,ANGLE_FRONT_TO_SIDE,-110.935363497892,32.2427370326026,2,FOUR_WAY_INTERSECTION,ANGLE_FRONT_TO_SIDE,TUCSON,"2009-10-01 17:16:00",NO_IMPROPER_ACTION,NO_IMPROPER_ACTION,,
2355266,2,REAR_END,0,0,3,NOT_AT_INTERSECTION_0,REAR_END,BUCKEYE,"2009-10-26 15:17:00",OTHER_97,INATTENTION_DISTRACTION,,
2355299,2,ANGLE_FRONT_TO_SIDE,-110.954696032439,32.2068858192164,3,FOUR_WAY_INTERSECTION,ANGLE_FRONT_TO_SIDE,TUCSON,"2009-10-01 17:25:00",NO_IMPROPER_ACTION,MADE_IMPROPER_TURN,,
2355341,2,ANGLE_FRONT_TO_SIDE,-111.90451810819,33.3201559790516,4,T_INTERSECTION,ANGLE_FRONT_TO_SIDE,CHANDLER,"2009-10-21 12:07:00",DROVE_RODE_IN_OPPOSING_TRAFFIC_LANE,NO_IMPROPER_ACTION,,
2355366,2,SIDESWIPE_SAME_DIRECTION,-110.891318531969,32.23620428907,4,NOT_AT_INTERSECTION_0,SIDESWIPE_SAME_DIRECTION,TUCSON,"2009-10-01 12:52:00",NO_IMPROPER_ACTION,FAILED_TO_YIELD_RIGHT_OF_WAY_103+NOT_APPLICABLE_MINUS_1,,
2355399,2,SIDESWIPE_SAME_DIRECTION,-110.879531999733,32.2361830382279,3,NOT_AT_INTERSECTION_0,SIDESWIPE_SAME_DIRECTION,TUCSON,"2009-10-02 17:52:00",FAILED_TO_YIELD_RIGHT_OF_WAY_103,KNOWINGLY_OPERATED_WITH_FAULTY_MISSING_EQUIPMENT,,
2355402,2,LEFT_TURN,-111.923748788987,33.3038582305341,2,NOT_AT_INTERSECTION_0,LEFT_TURN,CHANDLER,"2009-10-20 16:33:00",FAILED_TO_YIELD_RIGHT_OF_WAY_103,NO_IMPROPER_ACTION,,
2355424,2,OTHER_97,-110.909582201002,32.2288988937659,3,FOUR_WAY_INTERSECTION,OTHER_97,TUCSON,"2009-10-15 15:50:00",NO_IMPROPER_ACTION,FAILED_TO_YIELD_RIGHT_OF_WAY_103,,
2355425,2,ANGLE_FRONT_TO_SIDE,-110.965519444502,32.2212106979601,3,T_INTERSECTION,ANGLE_FRONT_TO_SIDE,TUCSON,"2009-10-03 14:39:00",FAILED_TO_YIELD_RIGHT_OF_WAY_103,NO_IMPROPER_ACTION,,
2355434,2,ANGLE_FRONT_TO_SIDE,-110.931074821348,32.2360540131461,3,FOUR_WAY_INTERSECTION,ANGLE_FRONT_TO_SIDE,TUCSON,"2009-10-09 16:16:00",FAILED_TO_YIELD_RIGHT_OF_WAY_103,NO_IMPROPER_ACTION,,
2355439,2,ANGLE_FRONT_TO_SIDE,-110.952518912492,32.2478195128664,4,FOUR_WAY_INTERSECTION,ANGLE_FRONT_TO_SIDE,TUCSON,"2009-10-02 05:21:00",NO_IMPROPER_ACTION,RAN_STOP_SIGN,,
2355445,2,ANGLE_FRONT_TO_SIDE,-110.79635542628,32.2037787225176,3,T_INTERSECTION,ANGLE_FRONT_TO_SIDE,TUCSON,"2009-10-15 07:31:00",FAILED_TO_KEEP_IN_PROPER_LANE,NO_IMPROPER_ACTION+NOT_APPLICABLE_MINUS_1,,
2355583,2,ANGLE_FRONT_TO_SIDE,-110.840961975568,32.1931775252093,3,NOT_AT_INTERSECTION_0,ANGLE_FRONT_TO_SIDE,TUCSON,"2009-10-16 17:40:00",NO_IMPROPER_ACTION,FAILED_TO_YIELD_RIGHT_OF_WAY_103,,
2355601,2,LEFT_TURN,0,0,3,NOT_AT_INTERSECTION_0,LEFT_TURN,UNSPECIFIED_999,"2009-10-05 19:02:00",FAILED_TO_YIELD_RIGHT_OF_WAY_103,NO_IMPROPER_ACTION,,
2355635,2,SIDESWIPE_OPPOSITE_DIRECTION,-112.211283673669,33.6926478303804,3,NOT_AT_INTERSECTION_0,SIDESWIPE_OPPOSITE_DIRECTION,GLENDALE,"2009-10-09 07:02:00",NO_IMPROPER_ACTION,DROVE_RODE_IN_OPPOSING_TRAFFIC_LANE,,
2355668,2,OTHER_97,-110.961030925241,32.272251402974,3,NOT_AT_INTERSECTION_0,OTHER_97,TUCSON,"2009-10-07 11:57:00",OTHER_97,NO_IMPROPER_ACTION,,
2355740,2,REAR_END,0,0,3,NOT_AT_INTERSECTION_0,REAR_END,TUCSON,"2009-10-18 13:36:00",INATTENTION_DISTRACTION,NO_IMPROPER_ACTION,,
2355810,2,ANGLE_FRONT_TO_SIDE,-110.956783793495,32.2395930228372,1,FOUR_WAY_INTERSECTION,ANGLE_FRONT_TO_SIDE,TUCSON,"2009-10-19 18:41:00",NO_IMPROPER_ACTION,FAILED_TO_YIELD_RIGHT_OF_WAY_103,,
2355821,2,ANGLE_FRONT_TO_SIDE,-110.97805401475,32.2647545327383,1,T_INTERSECTION,ANGLE_FRONT_TO_SIDE,TUCSON,"2009-10-19 15:40:00",NO_IMPROPER_ACTION,NOT_APPLICABLE_MINUS_1+FAILED_TO_YIELD_RIGHT_OF_WAY_103+NOT_APPLICABLE_MINUS_1,,
2355834,2,ANGLE_FRONT_TO_SIDE,0,0,2,UNKNOWN_99,ANGLE_FRONT_TO_SIDE,UNSPECIFIED_999,"2009-10-26 18:36:00",NO_IMPROPER_ACTION,UNKNOWN_99,,
2355898,2,ANGLE_FRONT_TO_SIDE,-112.195021439415,33.5383972490547,3,T_INTERSECTION,ANGLE_FRONT_TO_SIDE,GLENDALE,"2009-10-28 07:50:00",NO_IMPROPER_ACTION,INATTENTION_DISTRACTION,,
2355992,2,SIDESWIPE_OPPOSITE_DIRECTION,-110.935298221584,32.2360990803428,4,FOUR_WAY_INTERSECTION,SIDESWIPE_OPPOSITE_DIRECTION,TUCSON,"2009-10-21 16:19:00",NO_IMPROPER_ACTION,FAILED_TO_YIELD_RIGHT_OF_WAY_103,,
2356003,2,OTHER_97,-112.17760527003,33.5638273471563,3,FOUR_WAY_INTERSECTION,OTHER_97,GLENDALE,"2009-10-14 11:36:00",DROVE_RODE_IN_OPPOSING_TRAFFIC_LANE,NO_IMPROPER_ACTION,,
2356035,2,ANGLE_FRONT_TO_SIDE,-112.080733763494,33.5416714736809,1,T_INTERSECTION,ANGLE_FRONT_TO_SIDE,PHOENIX,"2009-10-21 13:01:00",NO_IMPROPER_ACTION,RAN_STOP_SIGN,,
2356060,2,ANGLE_FRONT_TO_SIDE,-110.9096326261,32.2343690278413,3,NOT_AT_INTERSECTION_0,ANGLE_FRONT_TO_SIDE,TUCSON,"2009-10-12 17:20:00",NOT_APPLICABLE_MINUS_1+DROVE_RODE_IN_OPPOSING_TRAFFIC_LANE,NO_IMPROPER_ACTION+NOT_APPLICABLE_MINUS_1,,
2356061,2,ANGLE_FRONT_TO_SIDE,-112.186176375827,33.5530353689156,4,FOUR_WAY_INTERSECTION,ANGLE_FRONT_TO_SIDE,GLENDALE,"2009-10-14 22:10:00",KNOWINGLY_OPERATED_WITH_FAULTY_MISSING_EQUIPMENT,FAILED_TO_YIELD_RIGHT_OF_WAY_103,,
2356117,2,LEFT_TURN,-110.955300231645,32.2405982670221,3,T_INTERSECTION,LEFT_TURN,TUCSON,"2009-10-23 09:00:00",INATTENTION_DISTRACTION,NO_IMPROPER_ACTION,,
2356154,2,ANGLE_FRONT_TO_SIDE,0,0,4,NOT_AT_INTERSECTION_0,ANGLE_FRONT_TO_SIDE,UNSPECIFIED_999,"2009-10-23 10:00:00",FAILED_TO_YIELD_RIGHT_OF_WAY_103,NO_IMPROPER_ACTION,,
2356174,2,LEFT_TURN,-110.815365577333,32.220985687352,3,FOUR_WAY_INTERSECTION,LEFT_TURN,TUCSON,"2009-10-13 15:25:00",INATTENTION_DISTRACTION,NO_IMPROPER_ACTION,,
2356192,2,ANGLE_FRONT_TO_SIDE,-110.948342196302,32.2509420989933,2,FOUR_WAY_INTERSECTION,ANGLE_FRONT_TO_SIDE,TUCSON,"2009-10-13 07:52:00",NO_IMPROPER_ACTION,FAILED_TO_YIELD_RIGHT_OF_WAY_103,,
2356211,2,SIDESWIPE_SAME_DIRECTION,0,0,2,T_INTERSECTION,SIDESWIPE_SAME_DIRECTION,GOODYEAR,"2009-10-22 17:20:00",UNSAFE_LANE_CHANGE,NO_IMPROPER_ACTION,,
2356234,2,REAR_END,-111.909134096504,33.4147741013891,3,FOUR_WAY_INTERSECTION,REAR_END,TEMPE,"2009-10-31 13:21:00",NO_IMPROPER_ACTION,SPEED_TOO_FAST_FOR_CONDITIONS,,
2356245,2,ANGLE_FRONT_TO_SIDE,-111.926371834245,33.44434403553,1,NOT_AT_INTERSECTION_0,ANGLE_FRONT_TO_SIDE,TEMPE,"2009-10-17 18:48:00",FAILED_TO_YIELD_RIGHT_OF_WAY_103,NO_IMPROPER_ACTION+NOT_APPLICABLE_MINUS_1,,
2356276,2,LEFT_TURN,-111.926255858914,33.4244895579252,3,FOUR_WAY_INTERSECTION,LEFT_TURN,TEMPE,"2009-10-23 17:10:00",NO_IMPROPER_ACTION,FAILED_TO_YIELD_RIGHT_OF_WAY_103,117,0.00244493856834224
2356409,2,ANGLE_FRONT_TO_SIDE,-110.978169463504,32.2864761396935,1,FOUR_WAY_INTERSECTION,ANGLE_FRONT_TO_SIDE,TUCSON,"2009-10-25 16:46:00",OTHER_97,NO_IMPROPER_ACTION+NOT_APPLICABLE_MINUS_1,,
2356416,2,ANGLE_FRONT_TO_SIDE,-110.956853897126,32.2498407236639,2,FOUR_WAY_INTERSECTION,ANGLE_FRONT_TO_SIDE,TUCSON,"2009-10-25 15:33:00",DISREGARDED_TRAFFIC_SIGNAL,NO_IMPROPER_ACTION,,
2356424,2,ANGLE_FRONT_TO_SIDE,-110.901189711982,32.2452638071731,3,NOT_AT_INTERSECTION_0,ANGLE_FRONT_TO_SIDE,TUCSON,"2009-10-26 07:56:00",NO_IMPROPER_ACTION,MADE_IMPROPER_TURN,,
2356457,2,SIDESWIPE_SAME_DIRECTION,-110.95100575806,32.2252229990258,2,NOT_AT_INTERSECTION_0,SIDESWIPE_SAME_DIRECTION,TUCSON,"2009-10-26 09:49:00",NO_IMPROPER_ACTION,INATTENTION_DISTRACTION+NOT_APPLICABLE_MINUS_1,,
2356508,2,ANGLE_FRONT_TO_SIDE,-111.8399482657,33.4296548317831,3,T_INTERSECTION,ANGLE_FRONT_TO_SIDE,MESA,"2009-03-27 17:14:00",NO_IMPROPER_ACTION,NOT_APPLICABLE_MINUS_1+NOT_APPLICABLE_MINUS_1+FAILED_TO_YIELD_RIGHT_OF_WAY_103+NOT_APPLICABLE_MINUS_1+NOT_APPLICABLE_MINUS_1,,
2356510,2,ANGLE_FRONT_TO_SIDE,-111.848248166837,33.4218633801277,2,NOT_AT_INTERSECTION_0,ANGLE_FRONT_TO_SIDE,MESA,"2009-10-22 08:02:00",NO_IMPROPER_ACTION,INATTENTION_DISTRACTION,,
2356529,2,OTHER_97,-111.926297854662,33.4191494121245,4,T_INTERSECTION,OTHER_97,TEMPE,"2009-10-25 04:44:00",FAILED_TO_YIELD_RIGHT_OF_WAY_103,NO_IMPROPER_ACTION+NOT_APPLICABLE_MINUS_1,154,0.000416557462976971
2356561,2,HEAD_ON,-112.373058487333,34.5688117742102,4,NOT_AT_INTERSECTION_0,HEAD_ON,UNSPECIFIED_999,"2009-10-23 18:05:00",INATTENTION_DISTRACTION,NO_IMPROPER_ACTION+NOT_APPLICABLE_MINUS_1,,
2356617,2,ANGLE_FRONT_TO_SIDE,-110.974882819644,32.2359447741477,1,FOUR_WAY_INTERSECTION,ANGLE_FRONT_TO_SIDE,TUCSON,"2009-10-31 14:39:00",DROVE_RODE_IN_OPPOSING_TRAFFIC_LANE,NO_IMPROPER_ACTION,,
2356622,2,ANGLE_FRONT_TO_SIDE,-112.20302213156,33.6719675817092,2,FOUR_WAY_INTERSECTION,ANGLE_FRONT_TO_SIDE,GLENDALE,"2009-10-25 15:21:00",NO_IMPROPER_ACTION,FAILED_TO_YIELD_RIGHT_OF_WAY_103,,
2356652,2,LEFT_TURN,-112.186381683766,33.6504687941558,3,T_INTERSECTION,LEFT_TURN,GLENDALE,"2009-10-28 14:20:00",DROVE_RODE_IN_OPPOSING_TRAFFIC_LANE,INATTENTION_DISTRACTION,,
2356665,2,ANGLE_FRONT_TO_SIDE,-110.909726514542,32.2511615245835,2,NOT_AT_INTERSECTION_0,ANGLE_FRONT_TO_SIDE,TUCSON,"2009-10-30 13:09:00",NO_IMPROPER_ACTION,FAILED_TO_YIELD_RIGHT_OF_WAY_103+NOT_APPLICABLE_MINUS_1,,
2356730,2,LEFT_TURN,-111.874404356654,33.4221410915812,2,FOUR_WAY_INTERSECTION,LEFT_TURN,MESA,"2009-10-15 10:58:00",INATTENTION_DISTRACTION,NO_IMPROPER_ACTION,,
2356847,2,OTHER_97,-112.069303184254,33.4675293474933,3,LEGACY_INTERSECTION_RELATED_PRIOR_2009_98,OTHER_97,PHOENIX,"2009-01-09 17:33:00",DROVE_RODE_IN_OPPOSING_TRAFFIC_LANE,NO_IMPROPER_ACTION,,
2356849,2,OTHER_97,-112.012717125998,33.6405124545319,3,UNKNOWN_99,OTHER_97,PHOENIX,"2009-01-12 09:11:00",OTHER_97,NO_IMPROPER_ACTION,,
2356857,2,OTHER_97,-112.073906704569,33.5617220707806,1,NOT_AT_INTERSECTION_0,OTHER_97,PHOENIX,"2009-01-23 11:23:00",OTHER_97,NO_IMPROPER_ACTION,,
2356858,2,OTHER_97,-112.047281635529,33.3996543886905,2,LEGACY_INTERSECTION_RELATED_PRIOR_2009_98,OTHER_97,PHOENIX,"2009-01-23 16:10:00",OTHER_97,NO_IMPROPER_ACTION,,
2356860,2,OTHER_97,-111.986667686066,33.5095678542776,1,LEGACY_INTERSECTION_RELATED_PRIOR_2009_98,OTHER_97,PHOENIX,"2009-01-22 11:59:00",OTHER_97,NO_IMPROPER_ACTION,,
2356862,2,OTHER_97,-112.196224390324,33.4658811465657,3,NOT_AT_INTERSECTION_0,OTHER_97,PHOENIX,"2009-01-15 15:36:00",NO_IMPROPER_ACTION,NO_IMPROPER_ACTION,,
2356864,2,OTHER_97,-112.065186957557,33.552157086378,3,UNKNOWN_99,OTHER_97,PHOENIX,"2009-01-12 18:15:00",INATTENTION_DISTRACTION,INATTENTION_DISTRACTION+NOT_APPLICABLE_MINUS_1,,
2356866,2,OTHER_97,-112.030241032872,33.4725348570114,4,NOT_AT_INTERSECTION_0,OTHER_97,PHOENIX,"2009-01-30 18:26:00",FAILED_TO_YIELD_RIGHT_OF_WAY_103,NO_IMPROPER_ACTION+NOT_APPLICABLE_MINUS_1,,
2356867,2,OTHER_97,-112.116890110252,33.5422284564257,3,LEGACY_INTERSECTION_RELATED_PRIOR_2009_98,OTHER_97,PHOENIX,"2009-01-30 09:36:00",FAILED_TO_YIELD_RIGHT_OF_WAY_103,NO_IMPROPER_ACTION,,
2356871,2,OTHER_97,-112.091533693811,33.6547614916069,3,LEGACY_INTERSECTION_RELATED_PRIOR_2009_98,OTHER_97,PHOENIX,"2009-02-04 17:55:00",OTHER_97,FAILED_TO_YIELD_RIGHT_OF_WAY_103,,
2356873,2,OTHER_97,-112.117469925633,33.449100700814,2,LEGACY_INTERSECTION_RELATED_PRIOR_2009_98,OTHER_97,PHOENIX,"2009-02-09 16:04:00",OTHER_97,NO_IMPROPER_ACTION,,
2356874,2,OTHER_97,-111.980435711915,33.3504176820117,3,NOT_AT_INTERSECTION_0,OTHER_97,PHOENIX,"2009-01-13 16:25:00",NO_IMPROPER_ACTION,NOT_APPLICABLE_MINUS_1+FAILED_TO_YIELD_RIGHT_OF_WAY_103,,
2356877,2,OTHER_97,-111.988193366758,33.5992956135077,4,UNKNOWN_99,OTHER_97,PHOENIX,"2009-02-06 17:13:00",OTHER_97,NOT_APPLICABLE_MINUS_1+INATTENTION_DISTRACTION+NOT_APPLICABLE_MINUS_1,,
2356880,2,OTHER_97,-112.099976347398,33.4502549071017,4,NOT_AT_INTERSECTION_0,OTHER_97,PHOENIX,"2009-02-06 13:10:00",INATTENTION_DISTRACTION,NO_IMPROPER_ACTION,,
2356881,2,OTHER_97,-112.065137314838,33.4498845867028,4,LEGACY_INTERSECTION_RELATED_PRIOR_2009_98,OTHER_97,PHOENIX,"2009-02-10 19:44:00",OTHER_97,INATTENTION_DISTRACTION,,
2356884,2,OTHER_97,-112.15136433462,33.5973430142574,2,UNKNOWN_99,OTHER_97,PHOENIX,"2009-02-12 13:02:00",OTHER_97,NO_IMPROPER_ACTION,,
2356885,2,OTHER_97,-112.028856711502,33.4948696491643,2,UNKNOWN_99,OTHER_97,PHOENIX,"2009-02-18 16:11:00",OTHER_97,NO_IMPROPER_ACTION,,
2356886,2,OTHER_97,-111.842859589038,33.2979968555998,2,NOT_AT_INTERSECTION_0,OTHER_97,CHANDLER,"2009-01-12 15:09:00",INATTENTION_DISTRACTION,NO_IMPROPER_ACTION,,
2356887,2,OTHER_97,-111.761886057046,33.207717305575,2,LEGACY_INTERSECTION_RELATED_PRIOR_2009_98,OTHER_97,CHANDLER,"2009-01-09 08:40:00",NO_IMPROPER_ACTION,FAILED_TO_YIELD_RIGHT_OF_WAY_103,,
2356888,2,OTHER_97,-111.832757200659,33.3061360317599,1,LEGACY_INTERSECTION_RELATED_PRIOR_2009_98,OTHER_97,CHANDLER,"2009-01-05 13:08:00",DROVE_RODE_IN_OPPOSING_TRAFFIC_LANE,NO_IMPROPER_ACTION,,
2356891,2,OTHER_97,-112.08285984079,33.6546404389209,4,LEGACY_INTERSECTION_RELATED_PRIOR_2009_98,OTHER_97,PHOENIX,"2009-02-24 07:20:00",OTHER_97,NO_IMPROPER_ACTION,,
2356893,2,OTHER_97,-112.127147396041,33.3921184352235,2,LEGACY_INTERSECTION_RELATED_PRIOR_2009_98,OTHER_97,UNSPECIFIED_999,"2009-01-09 16:39:00",NO_IMPROPER_ACTION,FAILED_TO_YIELD_RIGHT_OF_WAY_103,,
2356894,2,OTHER_97,-112.204577375508,33.4974879514691,4,LEGACY_INTERSECTION_RELATED_PRIOR_2009_98,OTHER_97,PHOENIX,"2009-01-30 16:06:00",FAILED_TO_YIELD_RIGHT_OF_WAY_103,NOT_APPLICABLE_MINUS_1+SPEED_TOO_FAST_FOR_CONDITIONS,,
2356896,2,OTHER_97,-112.117745575718,33.5689323544658,3,UNKNOWN_99,OTHER_97,PHOENIX,"2009-02-19 08:07:00",OTHER_97,INATTENTION_DISTRACTION,,
2356901,3,OTHER_97,-112.065428515002,33.63918066644,4,UNKNOWN_99,OTHER_97,PHOENIX,"2009-03-04 11:25:00",OTHER_97+OTHER_97,NO_IMPROPER_ACTION,,
2356902,2,OTHER_97,-112.102435056403,33.538617403235,4,UNKNOWN_99,OTHER_97,PHOENIX,"2009-03-05 11:59:00",OTHER_97,NO_IMPROPER_ACTION,,
2356904,2,OTHER_97,-112.220568697921,33.4892789102915,3,NOT_AT_INTERSECTION_0,OTHER_97,PHOENIX,"2009-03-05 17:00:00",OTHER_97,MADE_IMPROPER_TURN+NOT_APPLICABLE_MINUS_1+NOT_APPLICABLE_MINUS_1+NOT_APPLICABLE_MINUS_1,,
2356907,2,OTHER_97,-112.012866567153,33.5120029164323,4,NOT_AT_INTERSECTION_0,OTHER_97,PHOENIX,"2009-03-05 18:51:00",FAILED_TO_YIELD_RIGHT_OF_WAY_103,NO_IMPROPER_ACTION+NOT_APPLICABLE_MINUS_1+NOT_APPLICABLE_MINUS_1,,
2356913,2,OTHER_97,-112.05628172128,33.5311555389243,3,NOT_AT_INTERSECTION_0,OTHER_97,PHOENIX,"2009-03-11 07:47:00",NO_IMPROPER_ACTION,OTHER_UNSAFE_PASSING,,
2356914,2,OTHER_97,-112.025932214104,33.4657719514677,3,LEGACY_INTERSECTION_RELATED_PRIOR_2009_98,OTHER_97,PHOENIX,"2009-03-18 13:37:00",FAILED_TO_YIELD_RIGHT_OF_WAY_103,NO_IMPROPER_ACTION,,
2356915,2,OTHER_97,-112.00443637124,33.5826058573492,4,LEGACY_INTERSECTION_RELATED_PRIOR_2009_98,OTHER_97,PHOENIX,"2009-03-10 10:45:00",NO_IMPROPER_ACTION,FAILED_TO_YIELD_RIGHT_OF_WAY_103,,
2356916,2,OTHER_97,-112.065611819771,33.6330500857069,4,LEGACY_INTERSECTION_RELATED_PRIOR_2009_98,OTHER_97,PHOENIX,"2009-03-20 13:06:00",INATTENTION_DISTRACTION,INATTENTION_DISTRACTION,,
2356917,2,OTHER_97,-112.168580887526,33.5988328228228,2,LEGACY_INTERSECTION_RELATED_PRIOR_2009_98,OTHER_97,PHOENIX,"2009-03-25 10:02:00",FAILED_TO_YIELD_RIGHT_OF_WAY_103,INATTENTION_DISTRACTION+NOT_APPLICABLE_MINUS_1,,
2356918,2,OTHER_97,-112.067474116784,33.451488471527,2,LEGACY_INTERSECTION_RELATED_PRIOR_2009_98,OTHER_97,PHOENIX,"2009-03-31 17:11:00",OTHER_97,NO_IMPROPER_ACTION,,
2356921,2,OTHER_97,-112.065102777711,33.4313379574012,2,LEGACY_INTERSECTION_RELATED_PRIOR_2009_98,OTHER_97,PHOENIX,"2009-04-01 16:34:00",NO_IMPROPER_ACTION,INATTENTION_DISTRACTION,,
2356922,2,OTHER_97,-112.047641330469,33.4733477019288,2,UNKNOWN_99,OTHER_97,PHOENIX,"2009-04-03 15:38:00",NO_IMPROPER_ACTION,FAILED_TO_YIELD_RIGHT_OF_WAY_103,,
2356924,2,OTHER_97,-112.047620255451,33.4939964991853,2,UNKNOWN_99,OTHER_97,PHOENIX,"2009-04-07 10:58:00",INATTENTION_DISTRACTION,NO_IMPROPER_ACTION,,
2356925,2,OTHER_97,-112.082489305093,33.4332070990107,2,NOT_AT_INTERSECTION_0,OTHER_97,PHOENIX,"2009-04-06 14:48:00",FAILED_TO_YIELD_RIGHT_OF_WAY_103,FAILED_TO_YIELD_RIGHT_OF_WAY_103,,
2356927,2,OTHER_97,-112.046083966352,33.3927777515761,2,UNKNOWN_99,OTHER_97,PHOENIX,"2009-04-03 15:06:00",NO_IMPROPER_ACTION,FAILED_TO_YIELD_RIGHT_OF_WAY_103,,
2356937,2,OTHER_97,-112.028158414347,33.377785786684,3,NOT_AT_INTERSECTION_0,OTHER_97,PHOENIX,"2009-04-17 06:20:00",NO_IMPROPER_ACTION,FAILED_TO_YIELD_RIGHT_OF_WAY_103,,
2356942,2,OTHER_97,-112.046860875072,33.5382414196933,3,UNKNOWN_99,OTHER_97,PHOENIX,"2009-04-27 12:35:00",NO_IMPROPER_ACTION+NOT_APPLICABLE_MINUS_1,FAILED_TO_YIELD_RIGHT_OF_WAY_103,,
2356944,2,OTHER_97,-112.22165946023,33.5089643116839,1,UNKNOWN_99,OTHER_97,PHOENIX,"2009-04-30 15:16:00",NO_IMPROPER_ACTION,FAILED_TO_YIELD_RIGHT_OF_WAY_103,,
2356945,2,OTHER_97,-112.04755744967,33.5037037828695,3,LEGACY_INTERSECTION_RELATED_PRIOR_2009_98,OTHER_97,PHOENIX,"2009-05-06 16:13:00",FAILED_TO_YIELD_RIGHT_OF_WAY_103,NO_IMPROPER_ACTION,,
2356950,2,OTHER_97,-112.142972823145,33.4804022399468,2,LEGACY_INTERSECTION_RELATED_PRIOR_2009_98,OTHER_97,PHOENIX,"2009-05-14 07:25:00",NO_IMPROPER_ACTION,NOT_APPLICABLE_MINUS_1+FAILED_TO_YIELD_RIGHT_OF_WAY_103,,
2356951,2,OTHER_97,-112.14877023687,33.5819111639946,3,UNKNOWN_99,OTHER_97,PHOENIX,"2009-05-15 15:10:00",UNKNOWN_99,UNKNOWN_99,,
2356952,2,OTHER_97,-111.995761125534,33.5970285897663,2,LEGACY_INTERSECTION_RELATED_PRIOR_2009_98,OTHER_97,PHOENIX,"2009-05-14 15:32:00",OTHER_97,INATTENTION_DISTRACTION,,
2356953,2,OTHER_97,-112.041064473474,33.6403761543916,3,UNKNOWN_99,OTHER_97,PHOENIX,"2009-05-14 14:28:00",OTHER_97,NO_IMPROPER_ACTION,,
2356954,2,OTHER_97,-112.117621981634,33.5094425147672,2,UNKNOWN_99,OTHER_97,PHOENIX,"2009-05-15 10:04:00",INATTENTION_DISTRACTION,FAILED_TO_YIELD_RIGHT_OF_WAY_103,,
2356957,2,OTHER_97,-112.107990277883,33.7723232490789,4,LEGACY_INTERSECTION_RELATED_PRIOR_2009_98,OTHER_97,PHOENIX,"2009-05-22 08:28:00",NO_IMPROPER_ACTION,FAILED_TO_YIELD_RIGHT_OF_WAY_103,,
2356958,2,OTHER_97,-112.020645736261,33.6404997205041,3,UNKNOWN_99,OTHER_97,PHOENIX,"2009-05-21 10:32:00",OTHER_97,UNKNOWN_99,,
2356959,2,OTHER_97,-112.134411675745,33.4731649089059,2,LEGACY_INTERSECTION_RELATED_PRIOR_2009_98,OTHER_97,PHOENIX,"2009-05-23 19:52:00",INATTENTION_DISTRACTION,NOT_APPLICABLE_MINUS_1+FAILED_TO_YIELD_RIGHT_OF_WAY_103+NOT_APPLICABLE_MINUS_1,,
2356961,2,OTHER_97,-111.989240390764,33.4803177082713,4,UNKNOWN_99,OTHER_97,PHOENIX,"2009-05-28 12:20:00",INATTENTION_DISTRACTION,INATTENTION_DISTRACTION,,
2356962,2,OTHER_97,-112.151517273883,33.5099625253417,1,LEGACY_INTERSECTION_RELATED_PRIOR_2009_98,OTHER_97,PHOENIX,"2009-05-29 14:45:00",FAILED_TO_YIELD_RIGHT_OF_WAY_103,NO_IMPROPER_ACTION,,
2356964,2,OTHER_97,-112.004163044095,33.452431815979,3,NOT_AT_INTERSECTION_0,OTHER_97,PHOENIX,"2009-06-02 07:22:00",NO_IMPROPER_ACTION,OTHER_UNSAFE_PASSING,,