IncidentID,num_vehicles_involved,eCollisionManner,Longitude,Latitude,InjurySeverity,eIntersectionType,eCollisionManner,city_name,IncidentDateTime,cyclist_citations,driver_citations,nearest_count_site,distance_to_nearest_count_site
2363541,2,SIDESWIPE_SAME_DIRECTION,0,0,3,NOT_AT_INTERSECTION_0,SIDESWIPE_SAME_DIRECTION,UNSPECIFIED_999,"2009-11-10 15:11:00",NO_IMPROPER_ACTION,FAILED_TO_YIELD_RIGHT_OF_WAY_103+NOT_APPLICABLE_MINUS_1,,
2363550,2,OTHER_97,-111.859085384332,33.3351083076428,3,FOUR_WAY_INTERSECTION,OTHER_97,CHANDLER,"2009-11-03 07:58:00",FAILED_TO_YIELD_RIGHT_OF_WAY_103,NO_IMPROPER_ACTION,,
2363595,2,ANGLE_FRONT_TO_SIDE,-111.892260601258,33.4075429619798,1,T_INTERSECTION,ANGLE_FRONT_TO_SIDE,TEMPE,"2009-11-17 07:49:00",NO_IMPROPER_ACTION,NO_IMPROPER_ACTION,,
2363730,2,OTHER_97,-111.82218626989,33.3207278730714,1,NOT_AT_INTERSECTION_0,OTHER_97,CHANDLER,"2009-11-13 14:45:00",NO_IMPROPER_ACTION,SPEED_TOO_FAST_FOR_CONDITIONS,,
2363761,2,ANGLE_FRONT_TO_SIDE,-111.842680470883,33.8427850914098,1,T_INTERSECTION,ANGLE_FRONT_TO_SIDE,SCOTTSDALE,"2009-11-19 16:16:00",NO_IMPROPER_ACTION,FAILED_TO_YIELD_RIGHT_OF_WAY_103,,
2363797,2,ANGLE_FRONT_TO_SIDE,-111.923422708216,33.4101463013657,4,NOT_AT_INTERSECTION_0,ANGLE_FRONT_TO_SIDE,TEMPE,"2009-11-17 07:31:00",NO_IMPROPER_ACTION,FAILED_TO_YIELD_RIGHT_OF_WAY_103,138,0.00380186996067216
2363812,2,ANGLE_FRONT_TO_SIDE,-111.889563710353,33.3204064629215,3,FOUR_WAY_INTERSECTION,ANGLE_FRONT_TO_SIDE,CHANDLER,"2009-11-15 07:34:00",NO_IMPROPER_ACTION,INATTENTION_DISTRACTION,,
2363863,2,ANGLE_FRONT_TO_SIDE,-110.946743582479,32.2887074301496,3,NOT_AT_INTERSECTION_0,ANGLE_FRONT_TO_SIDE,TUCSON,"2009-11-06 06:00:00",NO_IMPROPER_ACTION,FAILED_TO_YIELD_RIGHT_OF_WAY_103,,
2363872,2,ANGLE_FRONT_TO_SIDE,-111.013203179986,32.3231501870173,4,NOT_AT_INTERSECTION_0,ANGLE_FRONT_TO_SIDE,UNSPECIFIED_999,"2009-11-23 15:30:00",INATTENTION_DISTRACTION,NO_IMPROPER_ACTION,,
2363874,2,ANGLE_FRONT_TO_SIDE,-111.841529644976,33.2988391026028,3,FOUR_WAY_INTERSECTION,ANGLE_FRONT_TO_SIDE,CHANDLER,"2009-11-13 14:46:00",FAILED_TO_YIELD_RIGHT_OF_WAY_103+NOT_APPLICABLE_MINUS_1,NO_IMPROPER_ACTION,,
2363876,2,ANGLE_FRONT_TO_SIDE,-110.901155530967,32.2578922463835,3,FOUR_WAY_INTERSECTION,ANGLE_FRONT_TO_SIDE,TUCSON,"2009-11-06 17:58:00",NO_IMPROPER_ACTION,FAILED_TO_YIELD_RIGHT_OF_WAY_103,,
2363908,2,LEFT_TURN,-111.753654106369,33.4227616069486,1,FOUR_WAY_INTERSECTION,LEFT_TURN,MESA,"2009-11-24 15:22:00",NO_IMPROPER_ACTION,NO_IMPROPER_ACTION+NOT_APPLICABLE_MINUS_1+NOT_APPLICABLE_MINUS_1+NOT_APPLICABLE_MINUS_1+NOT_APPLICABLE_MINUS_1+NOT_APPLICABLE_MINUS_1+NOT_APPLICABLE_MINUS_1+NOT_APPLICABLE_MINUS_1+NOT_APPLICABLE_MINUS_1+NOT_APPLICABLE_MINUS_1+NOT_APPLICABLE_MINUS_1+NOT_APPLICABLE_MINUS_1+NOT_APPLICABLE_MINUS_1+NOT_APPLICABLE_MINUS_1+NOT_APPLICABLE_MINUS_1+,,
2364094,2,OTHER_97,-111.885888986411,33.3059534246682,1,NOT_AT_INTERSECTION_0,OTHER_97,CHANDLER,"2009-11-06 21:47:00",OTHER_97,FAILED_TO_YIELD_RIGHT_OF_WAY_103,,
2364101,2,ANGLE_FRONT_TO_SIDE,-110.891636030246,32.3083897592997,1,NOT_AT_INTERSECTION_0,ANGLE_FRONT_TO_SIDE,UNSPECIFIED_999,"2009-11-27 15:15:00",NO_IMPROPER_ACTION,FAILED_TO_YIELD_RIGHT_OF_WAY_103,,
2364121,2,ANGLE_FRONT_TO_SIDE,-112.069367129018,33.4613122348553,3,FOUR_WAY_INTERSECTION,ANGLE_FRONT_TO_SIDE,PHOENIX,"2009-11-02 21:33:00",DID_NOT_USE_CROSSWALK,INATTENTION_DISTRACTION,,
2364205,2,REAR_END,-111.926135569408,33.4840653347404,1,FOUR_WAY_INTERSECTION,REAR_END,SCOTTSDALE,"2009-11-22 02:33:00",NO_IMPROPER_ACTION,OTHER_97,,
2364250,2,ANGLE_FRONT_TO_SIDE,-112.099792110563,33.6532128064808,3,NOT_AT_INTERSECTION_0,ANGLE_FRONT_TO_SIDE,PHOENIX,"2009-11-06 14:13:00",FAILED_TO_YIELD_RIGHT_OF_WAY_103,NO_IMPROPER_ACTION,,
2364306,2,ANGLE_FRONT_TO_SIDE,-111.980385226993,33.3515823553675,3,T_INTERSECTION,ANGLE_FRONT_TO_SIDE,PHOENIX,"2009-11-25 11:52:00",DROVE_RODE_IN_OPPOSING_TRAFFIC_LANE,NO_IMPROPER_ACTION,,
2364380,2,ANGLE_FRONT_TO_SIDE,-112.15134154303,33.5963188408291,2,FOUR_WAY_INTERSECTION,ANGLE_FRONT_TO_SIDE,PHOENIX,"2009-11-20 15:49:00",DISREGARDED_TRAFFIC_SIGNAL,NO_IMPROPER_ACTION+NOT_APPLICABLE_MINUS_1,,
2364424,2,ANGLE_FRONT_TO_SIDE,-112.066426365475,33.6401983315655,2,NOT_AT_INTERSECTION_0,ANGLE_FRONT_TO_SIDE,PHOENIX,"2009-11-20 17:56:00",DROVE_RODE_IN_OPPOSING_TRAFFIC_LANE,NO_IMPROPER_ACTION,,
2364495,2,ANGLE_FRONT_TO_SIDE,-112.203188565013,33.5050848644001,2,NOT_AT_INTERSECTION_0,ANGLE_FRONT_TO_SIDE,PHOENIX,"2009-11-05 17:25:00",DID_NOT_USE_CROSSWALK,UNKNOWN_99,,
2364535,2,ANGLE_FRONT_TO_SIDE,-112.16840379156,33.6251727037745,1,FOUR_WAY_INTERSECTION,ANGLE_FRONT_TO_SIDE,PHOENIX,"2009-11-23 17:50:00",NO_IMPROPER_ACTION,UNKNOWN_99,,
2364583,2,ANGLE_FRONT_TO_SIDE,-111.840078747788,33.3943614814457,3,NOT_AT_INTERSECTION_0,ANGLE_FRONT_TO_SIDE,MESA,"2009-07-01 13:30:00",OTHER_97,FAILED_TO_YIELD_RIGHT_OF_WAY_103,,
2364595,2,ANGLE_FRONT_TO_SIDE,0,0,3,T_INTERSECTION,ANGLE_FRONT_TO_SIDE,TUCSON,"2009-11-01 18:17:00",NO_IMPROPER_ACTION,FAILED_TO_YIELD_RIGHT_OF_WAY_103,,
2364601,2,ANGLE_FRONT_TO_SIDE,-111.86045053649,33.3929969566286,4,FOUR_WAY_INTERSECTION,ANGLE_FRONT_TO_SIDE,MESA,"2009-07-23 18:21:00",OTHER_97,FAILED_TO_YIELD_RIGHT_OF_WAY_103,,
2364625,2,ANGLE_FRONT_TO_SIDE,-111.856319519089,33.4303560267981,3,NOT_AT_INTERSECTION_0,ANGLE_FRONT_TO_SIDE,MESA,"2009-07-25 11:30:00",UNKNOWN_99,UNKNOWN_99,,
2364654,2,ANGLE_FRONT_TO_SIDE,-111.960069523768,33.6636364607296,3,FOUR_WAY_INTERSECTION,ANGLE_FRONT_TO_SIDE,PHOENIX,"2009-11-21 16:40:00",NO_IMPROPER_ACTION,FAILED_TO_YIELD_RIGHT_OF_WAY_103,,
2364738,2,OTHER_97,-111.718914109512,33.4349008402113,2,NOT_AT_INTERSECTION_0,OTHER_97,MESA,"2009-11-21 12:17:00",NO_IMPROPER_ACTION,NO_IMPROPER_ACTION,,
2364752,2,ANGLE_FRONT_TO_SIDE,-111.753929348529,33.3824839370994,1,FOUR_WAY_INTERSECTION,ANGLE_FRONT_TO_SIDE,MESA,"2009-11-20 17:43:00",FAILED_TO_KEEP_IN_PROPER_LANE,NO_IMPROPER_ACTION,,
2364833,2,SIDESWIPE_SAME_DIRECTION,-111.75381962031,33.3936754919553,2,FOUR_WAY_INTERSECTION,SIDESWIPE_SAME_DIRECTION,MESA,"2009-11-18 13:26:00",NO_IMPROPER_ACTION,NO_IMPROPER_ACTION,,
2364836,2,OTHER_97,-110.832266437197,32.1847038727315,3,FOUR_WAY_INTERSECTION,OTHER_97,TUCSON,"2009-11-02 17:16:00",NO_IMPROPER_ACTION,FAILED_TO_YIELD_RIGHT_OF_WAY_103,,
2364929,2,ANGLE_FRONT_TO_SIDE,-112.047604629616,33.4803340455156,2,FOUR_WAY_INTERSECTION,ANGLE_FRONT_TO_SIDE,PHOENIX,"2009-11-22 15:42:00",FAILED_TO_YIELD_RIGHT_OF_WAY_103,NO_IMPROPER_ACTION,,
2364940,2,SIDESWIPE_SAME_DIRECTION,-111.99690346817,33.3051951515217,1,NOT_AT_INTERSECTION_0,SIDESWIPE_SAME_DIRECTION,PHOENIX,"2009-11-22 17:49:00",NO_IMPROPER_ACTION,UNKNOWN_99,,
2364966,2,LEFT_TURN,-112.015733181739,33.6404889870678,2,T_INTERSECTION,LEFT_TURN,PHOENIX,"2009-11-24 18:00:00",UNKNOWN_99,UNKNOWN_99,,
2364981,2,LEFT_TURN,-111.889563864676,33.3203789892191,1,NOT_AT_INTERSECTION_0,LEFT_TURN,CHANDLER,"2009-11-20 11:17:00",NO_IMPROPER_ACTION,DROVE_RODE_IN_OPPOSING_TRAFFIC_LANE,,
2364990,2,ANGLE_FRONT_TO_SIDE,-112.108302035724,33.5240697688935,1,FOUR_WAY_INTERSECTION,ANGLE_FRONT_TO_SIDE,PHOENIX,"2009-11-17 18:36:00",OTHER_97,NO_IMPROPER_ACTION,,
2365019,2,ANGLE_FRONT_TO_SIDE,-111.824149020445,33.3201590608277,2,NOT_AT_INTERSECTION_0,ANGLE_FRONT_TO_SIDE,CHANDLER,"2009-11-24 17:25:00",FAILED_TO_YIELD_RIGHT_OF_WAY_103,INATTENTION_DISTRACTION,,
2365024,2,UNKNOWN_99,-111.841631524982,33.3207762150781,1,NOT_AT_INTERSECTION_0,UNKNOWN_99,CHANDLER,"2009-11-24 18:42:00",UNKNOWN_99,UNKNOWN_99,,
2365102,2,LEFT_TURN,-112.109171235622,33.3632178920819,2,T_INTERSECTION,LEFT_TURN,PHOENIX,"2009-11-05 15:41:00",NO_IMPROPER_ACTION,NOT_APPLICABLE_MINUS_1+FAILED_TO_YIELD_RIGHT_OF_WAY_103,,
2365161,2,LEFT_TURN,-111.815134562552,33.3122196788799,1,FOUR_WAY_INTERSECTION,LEFT_TURN,CHANDLER,"2009-11-18 07:52:00",RAN_STOP_SIGN,NO_IMPROPER_ACTION,,
2365202,2,SIDESWIPE_SAME_DIRECTION,-112.112956210499,33.4367733686897,3,FOUR_WAY_INTERSECTION,SIDESWIPE_SAME_DIRECTION,PHOENIX,"2009-11-27 18:48:00",KNOWINGLY_OPERATED_WITH_FAULTY_MISSING_EQUIPMENT,FAILED_TO_YIELD_RIGHT_OF_WAY_103,,
2365233,2,LEFT_TURN,-112.237757484962,33.4945863568867,2,NOT_AT_INTERSECTION_0,LEFT_TURN,PHOENIX,"2009-11-29 12:30:00",NO_IMPROPER_ACTION,FAILED_TO_YIELD_RIGHT_OF_WAY_103,,
2365275,2,ANGLE_FRONT_TO_SIDE,-112.136307584734,33.5819329312642,4,NOT_AT_INTERSECTION_0,ANGLE_FRONT_TO_SIDE,PHOENIX,"2009-11-30 18:28:00",OTHER_97,NO_IMPROPER_ACTION,,
2365276,2,HEAD_ON,-110.893222737368,32.2652680662803,3,NOT_AT_INTERSECTION_0,HEAD_ON,TUCSON,"2009-11-01 15:14:00",OTHER_97,NO_IMPROPER_ACTION,,
2365288,2,ANGLE_FRONT_TO_SIDE,-112.065005423387,33.5238461001918,2,FOUR_WAY_INTERSECTION,ANGLE_FRONT_TO_SIDE,PHOENIX,"2009-11-02 09:27:00",NO_IMPROPER_ACTION,FAILED_TO_YIELD_RIGHT_OF_WAY_103,,
2365353,2,SIDESWIPE_OPPOSITE_DIRECTION,0,0,2,NOT_AT_INTERSECTION_0,SIDESWIPE_OPPOSITE_DIRECTION,PHOENIX,"2009-11-08 17:01:00",INATTENTION_DISTRACTION,NO_IMPROPER_ACTION,,
2365366,2,ANGLE_FRONT_TO_SIDE,-112.069392171687,33.4660009670093,2,FOUR_WAY_INTERSECTION,ANGLE_FRONT_TO_SIDE,PHOENIX,"2009-11-03 15:03:00",NO_IMPROPER_ACTION,INATTENTION_DISTRACTION,,
2365367,2,HEAD_ON,0,0,2,NOT_AT_INTERSECTION_0,HEAD_ON,UNSPECIFIED_999,"2009-11-05 13:33:00",FAILED_TO_YIELD_RIGHT_OF_WAY_103+NOT_APPLICABLE_MINUS_1,NO_IMPROPER_ACTION+NOT_APPLICABLE_MINUS_1,,
2365375,2,OTHER_97,-112.099575059132,33.5784538512231,3,T_INTERSECTION,OTHER_97,PHOENIX,"2009-11-10 13:03:00",NO_IMPROPER_ACTION,FAILED_TO_YIELD_RIGHT_OF_WAY_103,,
2365380,2,OTHER_97,-111.996110420812,33.6299991221814,3,T_INTERSECTION,OTHER_97,PHOENIX,"2009-11-11 14:09:00",DROVE_RODE_IN_OPPOSING_TRAFFIC_LANE,FAILED_TO_YIELD_RIGHT_OF_WAY_103,,
2365391,2,REAR_END,-111.991146647679,33.754900677799,3,NOT_AT_INTERSECTION_0,REAR_END,PHOENIX,"2009-11-01 08:38:00",INATTENTION_DISTRACTION,SPEED_TOO_FAST_FOR_CONDITIONS,,
2365394,2,ANGLE_FRONT_TO_SIDE,-112.108459196627,33.4949916238363,2,FOUR_WAY_INTERSECTION,ANGLE_FRONT_TO_SIDE,PHOENIX,"2009-11-02 09:26:00",NO_IMPROPER_ACTION,FAILED_TO_YIELD_RIGHT_OF_WAY_103+NOT_APPLICABLE_MINUS_1,,
2365432,2,ANGLE_FRONT_TO_SIDE,-111.980400336083,33.3144354833367,2,T_INTERSECTION,ANGLE_FRONT_TO_SIDE,PHOENIX,"2009-11-15 06:50:00",DROVE_RODE_IN_OPPOSING_TRAFFIC_LANE,FAILED_TO_YIELD_RIGHT_OF_WAY_103,,
2365505,2,ANGLE_FRONT_TO_SIDE,-112.11761956282,33.4985927085965,2,NOT_AT_INTERSECTION_0,ANGLE_FRONT_TO_SIDE,PHOENIX,"2009-11-16 16:02:00",FAILED_TO_YIELD_RIGHT_OF_WAY_103,NO_IMPROPER_ACTION,,
2365515,2,OTHER_97,-112.073397657997,33.3922121459555,2,FOUR_WAY_INTERSECTION,OTHER_97,PHOENIX,"2009-11-20 14:12:00",UNKNOWN_99,UNKNOWN_99,,
2365546,2,OTHER_97,-111.932844134052,33.5675052712275,2,NOT_AT_INTERSECTION_0,OTHER_97,"PARADISE VALLEY","2009-10-07 12:26:00",OTHER_97,NO_IMPROPER_ACTION,,
2365626,2,ANGLE_FRONT_TO_SIDE,-112.099636206412,33.5639121777487,2,FOUR_WAY_INTERSECTION,ANGLE_FRONT_TO_SIDE,PHOENIX,"2009-11-29 10:23:00",NO_IMPROPER_ACTION,FAILED_TO_YIELD_RIGHT_OF_WAY_103,,
2365794,2,ANGLE_FRONT_TO_SIDE,-112.065024234377,33.5273779045767,2,FOUR_WAY_INTERSECTION,ANGLE_FRONT_TO_SIDE,PHOENIX,"2009-11-16 18:00:00",DISREGARDED_TRAFFIC_SIGNAL,NO_IMPROPER_ACTION,,
2365905,2,ANGLE_FRONT_TO_SIDE,-111.911175753644,33.3502229582272,1,T_INTERSECTION,ANGLE_FRONT_TO_SIDE,TEMPE,"2009-12-17 19:01:00",DROVE_RODE_IN_OPPOSING_TRAFFIC_LANE,OTHER_97,127,0.0010827681125326
2365984,2,ANGLE_FRONT_TO_SIDE,-111.906830806419,33.3491516939563,3,FOUR_WAY_INTERSECTION,ANGLE_FRONT_TO_SIDE,TEMPE,"2009-12-07 16:00:00",OTHER_97,NO_IMPROPER_ACTION,127,0.00446619604767619
2366038,2,SIDESWIPE_SAME_DIRECTION,-111.76643989031,34.7483032797919,4,NOT_AT_INTERSECTION_0,SIDESWIPE_SAME_DIRECTION,UNSPECIFIED_999,"2009-12-02 14:26:00",FAILED_TO_KEEP_IN_PROPER_LANE,OTHER_UNSAFE_PASSING,,
2366205,2,ANGLE_FRONT_TO_SIDE,-112.065222952171,33.5553037523153,2,T_INTERSECTION,ANGLE_FRONT_TO_SIDE,PHOENIX,"2009-11-22 14:07:00",NO_IMPROPER_ACTION,NO_IMPROPER_ACTION,,
2367434,2,OTHER_97,-112.11342919336,33.4946737944381,2,FOUR_WAY_INTERSECTION,OTHER_97,PHOENIX,"2009-12-25 21:48:00",DISREGARDED_TRAFFIC_SIGNAL,NOT_APPLICABLE_MINUS_1+NO_IMPROPER_ACTION+NOT_APPLICABLE_MINUS_1,,
2367604,2,ANGLE_FRONT_TO_SIDE,-112.060417631917,33.5713681096962,2,FIVE_POINT_OR_MORE,ANGLE_FRONT_TO_SIDE,PHOENIX,"2009-12-31 16:52:00",INATTENTION_DISTRACTION,NO_IMPROPER_ACTION+NOT_APPLICABLE_MINUS_1,,
2367624,2,ANGLE_FRONT_TO_SIDE,-111.908918491474,33.4075050319931,2,FOUR_WAY_INTERSECTION,ANGLE_FRONT_TO_SIDE,TEMPE,"2009-12-08 16:33:00",DISREGARDED_TRAFFIC_SIGNAL,NOT_APPLICABLE_MINUS_1+NO_IMPROPER_ACTION+NOT_APPLICABLE_MINUS_1+NOT_APPLICABLE_MINUS_1,159,0.000201802062446663
2367706,2,ANGLE_FRONT_TO_SIDE,-111.930662640635,33.4147481217154,2,NOT_AT_INTERSECTION_0,ANGLE_FRONT_TO_SIDE,TEMPE,"2009-12-17 15:55:00",NO_IMPROPER_ACTION,FAILED_TO_YIELD_RIGHT_OF_WAY_103+NOT_APPLICABLE_MINUS_1,153,9.46952237125488e-05
2367756,2,LEFT_TURN,-111.897490964066,33.363853486242,3,FOUR_WAY_INTERSECTION,LEFT_TURN,TEMPE,"2009-12-10 08:37:00",NO_IMPROPER_ACTION,FAILED_TO_YIELD_RIGHT_OF_WAY_103,,
2368023,2,LEFT_TURN,-111.563404708217,33.4041633395362,2,T_INTERSECTION,LEFT_TURN,"APACHE JUNCTION","2009-12-08 10:00:00",DROVE_RODE_IN_OPPOSING_TRAFFIC_LANE,NO_IMPROPER_ACTION,,
2368143,2,HEAD_ON,-111.911297365672,33.3614880011633,4,NOT_AT_INTERSECTION_0,HEAD_ON,TEMPE,"2009-12-14 08:00:00",FAILED_TO_YIELD_RIGHT_OF_WAY_103,NO_IMPROPER_ACTION,,
2368178,2,ANGLE_FRONT_TO_SIDE,-111.980072290127,33.5991635161081,2,NOT_AT_INTERSECTION_0,ANGLE_FRONT_TO_SIDE,PHOENIX,"2009-12-01 11:22:00",INATTENTION_DISTRACTION,NO_IMPROPER_ACTION+NOT_APPLICABLE_MINUS_1,,
2368351,2,ANGLE_FRONT_TO_SIDE,-112.425015221373,33.3250776079699,4,T_INTERSECTION,ANGLE_FRONT_TO_SIDE,GOODYEAR,"2009-12-24 07:14:00",DID_NOT_USE_CROSSWALK,NO_IMPROPER_ACTION,,
2368476,2,SIDESWIPE_SAME_DIRECTION,-111.927423144429,33.491309364056,1,NOT_AT_INTERSECTION_0,SIDESWIPE_SAME_DIRECTION,SCOTTSDALE,"2009-12-05 20:58:00",NO_IMPROPER_ACTION,INATTENTION_DISTRACTION,,
2368494,3,ANGLE_FRONT_TO_SIDE,-112.220268538176,33.5886353057447,2,FOUR_WAY_INTERSECTION,ANGLE_FRONT_TO_SIDE,PEORIA,"2009-12-02 15:33:00",OTHER_97+OTHER_97,INATTENTION_DISTRACTION,,
2368500,2,LEFT_TURN,-111.683984811802,33.4663416705757,2,FOUR_WAY_INTERSECTION,LEFT_TURN,MESA,"2009-12-01 18:54:00",DISREGARDED_TRAFFIC_SIGNAL,NO_IMPROPER_ACTION+NOT_APPLICABLE_MINUS_1+NOT_APPLICABLE_MINUS_1+NOT_APPLICABLE_MINUS_1,,
2368560,2,ANGLE_FRONT_TO_SIDE,-111.940010605006,33.4190567403077,3,NOT_AT_INTERSECTION_0,ANGLE_FRONT_TO_SIDE,TEMPE,"2009-12-08 16:41:00",INATTENTION_DISTRACTION,OTHER_97,111,0.000239295998566602
2368563,2,SIDESWIPE_SAME_DIRECTION,-111.036203004153,32.3374635567673,3,NOT_AT_INTERSECTION_0,SIDESWIPE_SAME_DIRECTION,UNSPECIFIED_999,"2009-12-05 13:10:00",INATTENTION_DISTRACTION,INATTENTION_DISTRACTION+NOT_APPLICABLE_MINUS_1,,
2368575,2,ANGLE_FRONT_TO_SIDE,-111.908883841961,33.4291629343347,1,FOUR_WAY_INTERSECTION,ANGLE_FRONT_TO_SIDE,TEMPE,"2009-12-07 08:57:00",FAILED_TO_YIELD_RIGHT_OF_WAY_103,NO_IMPROPER_ACTION,104,2.28492982228395e-05
2368592,2,ANGLE_FRONT_TO_SIDE,-111.947233259561,33.4254645379458,3,FOUR_WAY_INTERSECTION,ANGLE_FRONT_TO_SIDE,TEMPE,"2009-12-09 16:20:00",NO_IMPROPER_ACTION,FAILED_TO_YIELD_RIGHT_OF_WAY_103,108,0.00313432045698884
2368596,3,OTHER_97,-111.969538151315,33.4091162968317,4,FOUR_WAY_INTERSECTION,OTHER_97,TEMPE,"2009-12-08 12:09:00",NO_IMPROPER_ACTION,NO_IMPROPER_ACTION+DISREGARDED_TRAFFIC_SIGNAL,,
2368739,2,ANGLE_FRONT_TO_SIDE,-111.856248636866,33.4364951728448,2,NOT_AT_INTERSECTION_0,ANGLE_FRONT_TO_SIDE,MESA,"2009-12-11 14:34:00",NO_IMPROPER_ACTION,FAILED_TO_YIELD_RIGHT_OF_WAY_103,,
2368750,2,ANGLE_FRONT_TO_SIDE,-111.882596357809,33.5870471008179,2,T_INTERSECTION,ANGLE_FRONT_TO_SIDE,SCOTTSDALE,"2009-12-05 18:50:00",DROVE_RODE_IN_OPPOSING_TRAFFIC_LANE,INATTENTION_DISTRACTION,,
2368815,2,SIDESWIPE_OPPOSITE_DIRECTION,-110.956743406101,32.2303815551123,3,FOUR_WAY_INTERSECTION,SIDESWIPE_OPPOSITE_DIRECTION,TUCSON,"2009-12-08 15:30:00",NO_IMPROPER_ACTION,DROVE_RODE_IN_OPPOSING_TRAFFIC_LANE,,
2368933,2,ANGLE_FRONT_TO_SIDE,-111.750320963467,33.3936732192451,2,NOT_AT_INTERSECTION_0,ANGLE_FRONT_TO_SIDE,MESA,"2009-12-01 09:39:00",FAILED_TO_KEEP_IN_PROPER_LANE,FAILED_TO_YIELD_RIGHT_OF_WAY_103,,
2368995,2,ANGLE_FRONT_TO_SIDE,-111.874645328926,33.3938878740558,3,NOT_AT_INTERSECTION_0,ANGLE_FRONT_TO_SIDE,MESA,"2009-12-14 16:41:00",NO_IMPROPER_ACTION,FAILED_TO_YIELD_RIGHT_OF_WAY_103,,
2369033,2,ANGLE_FRONT_TO_SIDE,-111.804915103167,33.4514976655657,3,FOUR_WAY_INTERSECTION,ANGLE_FRONT_TO_SIDE,MESA,"2009-12-11 20:25:00",NO_IMPROPER_ACTION,FAILED_TO_YIELD_RIGHT_OF_WAY_103,,
2369099,2,ANGLE_FRONT_TO_SIDE,0,0,3,FOUR_WAY_INTERSECTION,ANGLE_FRONT_TO_SIDE,YUMA,"2009-12-16 17:41:00",DISREGARDED_TRAFFIC_SIGNAL,NOT_APPLICABLE_MINUS_1+NO_IMPROPER_ACTION,,
2369320,2,HEAD_ON,-111.789550637056,33.3477662327187,3,T_INTERSECTION,HEAD_ON,GILBERT,"2009-12-15 16:59:00",NO_IMPROPER_ACTION,FAILED_TO_YIELD_RIGHT_OF_WAY_103,,
2369348,2,ANGLE_FRONT_TO_SIDE,-111.651809454585,35.1941871821709,3,FOUR_WAY_INTERSECTION,ANGLE_FRONT_TO_SIDE,FLAGSTAFF,"2009-12-06 14:50:00",DISREGARDED_TRAFFIC_SIGNAL,NO_IMPROPER_ACTION,,
2369353,2,ANGLE_FRONT_TO_SIDE,-112.013007157531,33.5025783008587,2,FOUR_WAY_INTERSECTION,ANGLE_FRONT_TO_SIDE,PHOENIX,"2009-12-10 18:09:00",DISREGARDED_PAVEMENT_MARKINGS,FAILED_TO_YIELD_RIGHT_OF_WAY_103+NOT_APPLICABLE_MINUS_1,,
2369474,2,SIDESWIPE_SAME_DIRECTION,-111.062787276294,32.1737642807983,2,T_INTERSECTION,SIDESWIPE_SAME_DIRECTION,UNSPECIFIED_999,"2009-12-08 16:11:00",NO_IMPROPER_ACTION,NOT_APPLICABLE_MINUS_1+NOT_APPLICABLE_MINUS_1+NOT_APPLICABLE_MINUS_1+FAILED_TO_YIELD_RIGHT_OF_WAY_103+NOT_APPLICABLE_MINUS_1+NOT_APPLICABLE_MINUS_1+NOT_APPLICABLE_MINUS_1,,
2369581,2,ANGLE_FRONT_TO_SIDE,-112.06464909099,33.3862697859367,3,T_INTERSECTION,ANGLE_FRONT_TO_SIDE,PHOENIX,"2009-12-21 17:38:00",DROVE_RODE_IN_OPPOSING_TRAFFIC_LANE,NO_IMPROPER_ACTION,,
2369730,2,ANGLE_FRONT_TO_SIDE,-112.099896652434,33.5023014587878,2,FOUR_WAY_INTERSECTION,ANGLE_FRONT_TO_SIDE,PHOENIX,"2009-12-17 12:00:00",DROVE_RODE_IN_OPPOSING_TRAFFIC_LANE,UNKNOWN_99,,
2369754,2,ANGLE_FRONT_TO_SIDE,0,0,2,UNKNOWN_99,ANGLE_FRONT_TO_SIDE,MESA,"2009-12-04 13:30:00",UNKNOWN_99,UNKNOWN_99,,
2369766,2,LEFT_TURN,-112.20336230334,33.4682727911825,2,T_INTERSECTION,LEFT_TURN,PHOENIX,"2009-12-08 14:00:00",DROVE_RODE_IN_OPPOSING_TRAFFIC_LANE,UNKNOWN_99,,
2369787,2,ANGLE_FRONT_TO_SIDE,0,0,2,FOUR_WAY_INTERSECTION,ANGLE_FRONT_TO_SIDE,MESA,"2009-12-09 17:40:00",UNKNOWN_99,INATTENTION_DISTRACTION+NOT_APPLICABLE_MINUS_1,,
2369817,2,LEFT_TURN,-111.93461046968,33.5166862360871,4,T_INTERSECTION,LEFT_TURN,"PARADISE VALLEY","2009-11-29 14:15:00",NO_IMPROPER_ACTION,FAILED_TO_YIELD_RIGHT_OF_WAY_103+NOT_APPLICABLE_MINUS_1,,
2369901,2,HEAD_ON,-112.23720508715,33.5828871019598,1,FOUR_WAY_INTERSECTION,HEAD_ON,PEORIA,"2009-12-17 06:43:00",OTHER_97,FAILED_TO_YIELD_RIGHT_OF_WAY_103,,
2369910,2,ANGLE_FRONT_TO_SIDE,-111.55826332517,33.3932903987293,1,T_INTERSECTION,ANGLE_FRONT_TO_SIDE,"APACHE JUNCTION","2009-12-15 07:01:00",NO_IMPROPER_ACTION,FAILED_TO_YIELD_RIGHT_OF_WAY_103,,
2369943,2,ANGLE_FRONT_TO_SIDE,-111.939832515696,33.407315668252,2,FOUR_WAY_INTERSECTION,ANGLE_FRONT_TO_SIDE,TEMPE,"2009-12-14 10:30:00",OTHER_97,FAILED_TO_YIELD_RIGHT_OF_WAY_103,146,0.000136699643442371