IncidentID,num_vehicles_involved,eCollisionManner,Longitude,Latitude,InjurySeverity,eIntersectionType,eCollisionManner,city_name,IncidentDateTime,cyclist_citations,driver_citations,nearest_count_site,distance_to_nearest_count_site
2370012,2,ANGLE_FRONT_TO_SIDE,-112.242049307611,33.5773914721571,3,FOUR_WAY_INTERSECTION,ANGLE_FRONT_TO_SIDE,PEORIA,"2009-12-12 14:12:00",DROVE_RODE_IN_OPPOSING_TRAFFIC_LANE,INATTENTION_DISTRACTION,,
2370015,2,OTHER_97,-112.012936263827,33.4660107701554,2,NOT_AT_INTERSECTION_0,OTHER_97,PHOENIX,"2009-12-19 11:11:00",DID_NOT_USE_CROSSWALK,NOT_APPLICABLE_MINUS_1+NOT_APPLICABLE_MINUS_1+NO_IMPROPER_ACTION,,
2370069,3,OTHER_97,-112.065123514248,33.4838105859339,3,T_INTERSECTION,OTHER_97,PHOENIX,"2009-12-01 19:19:00",FAILED_TO_YIELD_RIGHT_OF_WAY_103+FAILED_TO_YIELD_RIGHT_OF_WAY_103,NO_IMPROPER_ACTION,,
2370196,2,SIDESWIPE_SAME_DIRECTION,-111.934454207653,33.5384810584677,3,T_INTERSECTION,SIDESWIPE_SAME_DIRECTION,"PARADISE VALLEY","2009-12-08 15:29:00",NO_IMPROPER_ACTION,FAILED_TO_YIELD_RIGHT_OF_WAY_103,,
2370228,2,ANGLE_FRONT_TO_SIDE,-111.771273595474,33.3936555274317,2,FOUR_WAY_INTERSECTION,ANGLE_FRONT_TO_SIDE,MESA,"2009-12-10 14:30:00",NO_IMPROPER_ACTION,FAILED_TO_YIELD_RIGHT_OF_WAY_103,,
2370242,2,ANGLE_FRONT_TO_SIDE,0,0,3,T_INTERSECTION,ANGLE_FRONT_TO_SIDE,UNSPECIFIED_999,"2009-12-02 11:16:00",OTHER_97,NO_IMPROPER_ACTION,,
2370259,2,ANGLE_FRONT_TO_SIDE,-112.037199563135,33.599946694497,3,NOT_AT_INTERSECTION_0,ANGLE_FRONT_TO_SIDE,PHOENIX,"2009-12-17 10:29:00",NO_IMPROPER_ACTION,FAILED_TO_YIELD_RIGHT_OF_WAY_103,,
2370321,2,ANGLE_FRONT_TO_SIDE,-111.980460995173,33.3200443352343,4,NOT_AT_INTERSECTION_0,ANGLE_FRONT_TO_SIDE,PHOENIX,"2009-12-11 10:30:00",OTHER_97,NO_IMPROPER_ACTION,,
2370370,2,SIDESWIPE_SAME_DIRECTION,-112.017478772268,33.5965788901915,4,NOT_AT_INTERSECTION_0,SIDESWIPE_SAME_DIRECTION,PHOENIX,"2009-12-18 16:42:00",FAILED_TO_YIELD_RIGHT_OF_WAY_103,NO_IMPROPER_ACTION,,
2370418,2,ANGLE_FRONT_TO_SIDE,-112.067463535297,33.4657312431255,3,T_INTERSECTION,ANGLE_FRONT_TO_SIDE,PHOENIX,"2009-12-15 18:04:00",NO_IMPROPER_ACTION,RAN_STOP_SIGN,,
2370563,2,LEFT_TURN,-111.978174073099,33.4800852431942,1,FOUR_WAY_INTERSECTION,LEFT_TURN,PHOENIX,"2009-12-13 14:25:00",NO_IMPROPER_ACTION,FAILED_TO_YIELD_RIGHT_OF_WAY_103+NOT_APPLICABLE_MINUS_1,,
2370637,2,ANGLE_FRONT_TO_SIDE,-112.071555655385,33.6547367083401,1,T_INTERSECTION,ANGLE_FRONT_TO_SIDE,PHOENIX,"2009-12-08 17:42:00",NO_IMPROPER_ACTION,FAILED_TO_YIELD_RIGHT_OF_WAY_103,,
2370676,2,ANGLE_FRONT_TO_SIDE,-111.862245631084,33.4148358289652,3,T_INTERSECTION,ANGLE_FRONT_TO_SIDE,MESA,"2009-12-17 11:52:00",OTHER_97,FAILED_TO_YIELD_RIGHT_OF_WAY_103,,
2370681,2,ANGLE_FRONT_TO_SIDE,-111.852306895895,33.4242811281061,1,T_INTERSECTION,ANGLE_FRONT_TO_SIDE,MESA,"2009-12-17 08:21:00",DROVE_RODE_IN_OPPOSING_TRAFFIC_LANE,NO_IMPROPER_ACTION,,
2370700,2,ANGLE_FRONT_TO_SIDE,-111.848528250049,33.4005054522267,4,NOT_AT_INTERSECTION_0,ANGLE_FRONT_TO_SIDE,MESA,"2009-12-16 17:53:00",DISREGARDED_TRAFFIC_SIGNAL,NO_IMPROPER_ACTION+NOT_APPLICABLE_MINUS_1,,
2370754,2,ANGLE_FRONT_TO_SIDE,-111.839974627922,33.4194782188298,3,T_INTERSECTION,ANGLE_FRONT_TO_SIDE,MESA,"2009-12-16 19:50:00",DROVE_RODE_IN_OPPOSING_TRAFFIC_LANE,NO_IMPROPER_ACTION,,
2370811,2,ANGLE_FRONT_TO_SIDE,-112.121279588708,33.5097389419962,3,NOT_AT_INTERSECTION_0,ANGLE_FRONT_TO_SIDE,PHOENIX,"2009-12-25 17:20:00",FAILED_TO_YIELD_RIGHT_OF_WAY_103,NO_IMPROPER_ACTION,,
2370816,2,ANGLE_FRONT_TO_SIDE,-111.88979983503,33.6296829974466,3,FIVE_POINT_OR_MORE,ANGLE_FRONT_TO_SIDE,SCOTTSDALE,"2009-12-02 17:50:00",DISREGARDED_TRAFFIC_SIGNAL,NO_IMPROPER_ACTION,,
2370877,2,ANGLE_FRONT_TO_SIDE,-111.841686996849,33.3787909316667,4,NOT_AT_INTERSECTION_0,ANGLE_FRONT_TO_SIDE,MESA,"2009-12-16 16:07:00",OTHER_97,FAILED_TO_YIELD_RIGHT_OF_WAY_103,,
2370955,2,LEFT_TURN,-112.11710833408,33.4734744895305,3,FOUR_WAY_INTERSECTION,LEFT_TURN,PHOENIX,"2009-12-23 14:57:00",FAILED_TO_YIELD_RIGHT_OF_WAY_103,NO_IMPROPER_ACTION,,
2371111,2,OTHER_97,-111.761652884021,32.8932215179638,2,NOT_AT_INTERSECTION_0,OTHER_97,"CASA GRANDE","2009-12-06 17:00:00",FAILED_TO_YIELD_RIGHT_OF_WAY_103,NO_IMPROPER_ACTION,,
2371118,2,ANGLE_FRONT_TO_SIDE,-112.09989512268,33.5027767415343,3,NOT_AT_INTERSECTION_0,ANGLE_FRONT_TO_SIDE,PHOENIX,"2009-12-15 16:46:00",INATTENTION_DISTRACTION,NO_IMPROPER_ACTION,,
2371162,2,UNKNOWN_99,-110.968432286158,32.1986196652929,1,FOUR_WAY_INTERSECTION,UNKNOWN_99,"SOUTH TUCSON","2009-12-18 17:52:00",UNKNOWN_99,RAN_STOP_SIGN,,
2371602,2,OTHER_97,-111.61359115287,35.2167754723142,3,NOT_AT_INTERSECTION_0,OTHER_97,FLAGSTAFF,"2009-12-18 11:15:00",NO_IMPROPER_ACTION,INATTENTION_DISTRACTION,,
2371624,2,ANGLE_FRONT_TO_SIDE,-112.220216804927,33.6381466338446,2,FOUR_WAY_INTERSECTION,ANGLE_FRONT_TO_SIDE,PEORIA,"2009-12-22 11:15:00",NO_IMPROPER_ACTION,FAILED_TO_YIELD_RIGHT_OF_WAY_103,,
2371651,2,OTHER_97,0,0,1,NOT_AT_INTERSECTION_0,OTHER_97,PEORIA,"2009-12-22 06:32:00",OTHER_97,INATTENTION_DISTRACTION,,
2371835,2,ANGLE_FRONT_TO_SIDE,-111.771180783232,33.4021896362875,2,T_INTERSECTION,ANGLE_FRONT_TO_SIDE,MESA,"2009-12-26 21:03:00",FAILED_TO_YIELD_RIGHT_OF_WAY_103,NO_IMPROPER_ACTION,,
2372053,2,REAR_END,-110.976788616758,32.3370601739076,4,NOT_AT_INTERSECTION_0,REAR_END,UNSPECIFIED_999,"2009-12-27 09:08:00",NO_IMPROPER_ACTION,INATTENTION_DISTRACTION,,
2372097,2,OTHER_97,-111.950676748318,33.4801525886845,2,NOT_AT_INTERSECTION_0,OTHER_97,SCOTTSDALE,"2009-12-11 16:18:00",NO_IMPROPER_ACTION,FAILED_TO_YIELD_RIGHT_OF_WAY_103,,
2372153,2,HEAD_ON,-111.918725431627,33.4839899283808,3,NOT_AT_INTERSECTION_0,HEAD_ON,SCOTTSDALE,"2009-12-19 09:01:00",DROVE_RODE_IN_OPPOSING_TRAFFIC_LANE,NO_IMPROPER_ACTION,,
2372307,2,SIDESWIPE_SAME_DIRECTION,-111.940027699478,33.4240865239888,3,FOUR_WAY_INTERSECTION,SIDESWIPE_SAME_DIRECTION,TEMPE,"2009-12-19 20:29:00",NO_IMPROPER_ACTION,NOT_APPLICABLE_MINUS_1+FAILED_TO_YIELD_RIGHT_OF_WAY_103+NOT_APPLICABLE_MINUS_1+NOT_APPLICABLE_MINUS_1,106,0.00137759229246469
2372341,2,ANGLE_FRONT_TO_SIDE,-111.779822040168,33.3936050255144,2,FOUR_WAY_INTERSECTION,ANGLE_FRONT_TO_SIDE,MESA,"2009-12-30 20:15:00",DISREGARDED_TRAFFIC_SIGNAL,NO_IMPROPER_ACTION+NOT_APPLICABLE_MINUS_1,,
2372373,2,ANGLE_FRONT_TO_SIDE,-110.907792582978,32.1497791207638,4,T_INTERSECTION,ANGLE_FRONT_TO_SIDE,UNSPECIFIED_999,"2009-12-21 15:34:00",FAILED_TO_YIELD_RIGHT_OF_WAY_103,SPEED_TOO_FAST_FOR_CONDITIONS,,
2372482,2,SIDESWIPE_SAME_DIRECTION,-111.954384571334,33.3345196995775,1,FOUR_WAY_INTERSECTION,SIDESWIPE_SAME_DIRECTION,TEMPE,"2009-12-22 18:35:00",NO_IMPROPER_ACTION,FAILED_TO_YIELD_RIGHT_OF_WAY_103,,
2372489,2,SIDESWIPE_SAME_DIRECTION,-111.926359028732,33.4425380457931,2,T_INTERSECTION,SIDESWIPE_SAME_DIRECTION,TEMPE,"2009-12-16 14:47:00",UNSAFE_LANE_CHANGE,NO_IMPROPER_ACTION,,
2372668,2,ANGLE_FRONT_TO_SIDE,0,0,1,FOUR_WAY_INTERSECTION,ANGLE_FRONT_TO_SIDE,GLENDALE,"2009-12-02 10:20:00",NO_IMPROPER_ACTION,NOT_APPLICABLE_MINUS_1+FAILED_TO_YIELD_RIGHT_OF_WAY_103,,
2372690,2,ANGLE_FRONT_TO_SIDE,-110.257385529269,31.5043171032729,1,FOUR_WAY_INTERSECTION,ANGLE_FRONT_TO_SIDE,"SIERRA VISTA","2009-12-31 16:46:00",NO_IMPROPER_ACTION,FAILED_TO_YIELD_RIGHT_OF_WAY_103,,
2372697,2,ANGLE_FRONT_TO_SIDE,-112.26840555,33.5227449285141,2,INTERSECTION_AS_PART_OF_INTERCHANGE,ANGLE_FRONT_TO_SIDE,GLENDALE,"2009-12-02 14:34:00",DISREGARDED_TRAFFIC_SIGNAL,NO_IMPROPER_ACTION,,
2372726,2,ANGLE_FRONT_TO_SIDE,-111.865806477375,33.4007937591769,3,FOUR_WAY_INTERSECTION,ANGLE_FRONT_TO_SIDE,MESA,"2009-12-11 17:51:00",NO_IMPROPER_ACTION,FAILED_TO_YIELD_RIGHT_OF_WAY_103,,
2372774,2,ANGLE_FRONT_TO_SIDE,-111.860744695839,33.3787351645021,2,NOT_AT_INTERSECTION_0,ANGLE_FRONT_TO_SIDE,MESA,"2009-12-15 16:33:00",NO_IMPROPER_ACTION,NO_IMPROPER_ACTION,,
2372797,2,LEFT_TURN,-112.203108822257,33.525686984505,4,UNKNOWN_99,LEFT_TURN,GLENDALE,"2009-12-10 20:56:00",FAILED_TO_YIELD_RIGHT_OF_WAY_103,NOT_APPLICABLE_MINUS_1+NO_IMPROPER_ACTION+NOT_APPLICABLE_MINUS_1,,
2372835,2,ANGLE_FRONT_TO_SIDE,-112.186191035305,33.5398843863855,2,NOT_AT_INTERSECTION_0,ANGLE_FRONT_TO_SIDE,GLENDALE,"2009-12-16 12:32:00",DROVE_RODE_IN_OPPOSING_TRAFFIC_LANE,NO_IMPROPER_ACTION,,
2372854,2,ANGLE_FRONT_TO_SIDE,-111.789534535118,33.3499732050952,3,FOUR_WAY_INTERSECTION,ANGLE_FRONT_TO_SIDE,GILBERT,"2009-12-05 16:19:00",DISREGARDED_TRAFFIC_SIGNAL,INATTENTION_DISTRACTION,,
2372886,2,ANGLE_FRONT_TO_SIDE,0,0,3,NOT_AT_INTERSECTION_0,ANGLE_FRONT_TO_SIDE,MESA,"2009-12-31 14:58:00",DROVE_RODE_IN_OPPOSING_TRAFFIC_LANE,NO_IMPROPER_ACTION,,
2372893,2,ANGLE_FRONT_TO_SIDE,-110.968439537528,32.1992870744236,3,NOT_AT_INTERSECTION_0,ANGLE_FRONT_TO_SIDE,"SOUTH TUCSON","2009-12-31 23:44:00",NO_IMPROPER_ACTION,FAILED_TO_YIELD_RIGHT_OF_WAY_103,,
2372899,2,ANGLE_FRONT_TO_SIDE,-111.848653238814,33.3929911404391,1,FOUR_WAY_INTERSECTION,ANGLE_FRONT_TO_SIDE,MESA,"2009-12-17 19:25:00",NO_IMPROPER_ACTION,NO_IMPROPER_ACTION,,
2372969,3,ANGLE_FRONT_TO_SIDE,-111.936824420136,33.3199747428072,2,FOUR_WAY_INTERSECTION,ANGLE_FRONT_TO_SIDE,CHANDLER,"2009-12-11 14:30:00",NO_IMPROPER_ACTION,FAILED_TO_YIELD_RIGHT_OF_WAY_103+NO_IMPROPER_ACTION+NOT_APPLICABLE_MINUS_1,,
2372997,2,OTHER_97,-111.880261579432,33.4293767823633,3,T_INTERSECTION,OTHER_97,MESA,"2009-12-04 12:43:00",DROVE_RODE_IN_OPPOSING_TRAFFIC_LANE,NO_IMPROPER_ACTION,,
2373001,2,ANGLE_FRONT_TO_SIDE,-111.859073996057,33.3651456665745,2,NOT_AT_INTERSECTION_0,ANGLE_FRONT_TO_SIDE,MESA,"2009-12-07 17:30:00",OTHER_97,NOT_APPLICABLE_MINUS_1+FAILED_TO_YIELD_RIGHT_OF_WAY_103+NOT_APPLICABLE_MINUS_1,,
2373009,2,SIDESWIPE_SAME_DIRECTION,0,0,1,FOUR_WAY_INTERSECTION,SIDESWIPE_SAME_DIRECTION,GLENDALE,"2009-12-20 21:02:00",NO_IMPROPER_ACTION,FAILED_TO_YIELD_RIGHT_OF_WAY_103,,
2373059,2,ANGLE_FRONT_TO_SIDE,-112.194904478009,33.5673102753431,1,FOUR_WAY_INTERSECTION,ANGLE_FRONT_TO_SIDE,GLENDALE,"2009-12-31 10:51:00",UNKNOWN_99,UNKNOWN_99,,
2373096,2,ANGLE_FRONT_TO_SIDE,-111.978324398534,33.3964212976488,2,T_INTERSECTION,ANGLE_FRONT_TO_SIDE,PHOENIX,"2009-12-29 06:58:00",FAILED_TO_YIELD_RIGHT_OF_WAY_103,NO_IMPROPER_ACTION+NOT_APPLICABLE_MINUS_1,,
2373177,2,ANGLE_FRONT_TO_SIDE,-112.203117558152,33.5247823975866,1,NOT_AT_INTERSECTION_0,ANGLE_FRONT_TO_SIDE,GLENDALE,"2009-12-22 16:51:00",UNKNOWN_99,UNKNOWN_99,,
2373289,2,SIDESWIPE_SAME_DIRECTION,-111.949508441629,33.4254757427418,4,NOT_AT_INTERSECTION_0,SIDESWIPE_SAME_DIRECTION,TEMPE,"2009-12-13 02:12:00",NO_IMPROPER_ACTION,OTHER_97,109,0.00269144959371281
2373303,2,ANGLE_FRONT_TO_SIDE,-110.892375932285,32.2006243433785,3,T_INTERSECTION,ANGLE_FRONT_TO_SIDE,TUCSON,"2009-12-21 08:52:00",NO_IMPROPER_ACTION,UNKNOWN_99,,
2373392,2,LEFT_TURN,-111.012175361875,32.3517688626448,1,T_INTERSECTION,LEFT_TURN,UNSPECIFIED_999,"2009-12-03 08:32:00",DROVE_RODE_IN_OPPOSING_TRAFFIC_LANE,NO_IMPROPER_ACTION,,
2373420,2,ANGLE_FRONT_TO_SIDE,-111.859425141481,33.371506663612,4,FOUR_WAY_INTERSECTION,ANGLE_FRONT_TO_SIDE,MESA,"2009-12-03 16:32:00",NO_IMPROPER_ACTION,FAILED_TO_YIELD_RIGHT_OF_WAY_103,,
2373449,2,ANGLE_FRONT_TO_SIDE,-112.18576820684,33.6169627834425,2,T_INTERSECTION,ANGLE_FRONT_TO_SIDE,GLENDALE,"2009-12-11 08:05:00",DROVE_RODE_IN_OPPOSING_TRAFFIC_LANE,NO_IMPROPER_ACTION,,
2373462,2,ANGLE_FRONT_TO_SIDE,-112.209130449293,33.5237353325352,2,T_INTERSECTION,ANGLE_FRONT_TO_SIDE,GLENDALE,"2009-12-11 13:09:00",DROVE_RODE_IN_OPPOSING_TRAFFIC_LANE,NO_IMPROPER_ACTION,,
2373686,2,REAR_TO_SIDE,0,0,4,NOT_AT_INTERSECTION_0,REAR_TO_SIDE,DOUGLAS,"2009-12-10 17:10:00",OTHER_97,INATTENTION_DISTRACTION,,
2373730,2,ANGLE_FRONT_TO_SIDE,0,0,3,NOT_AT_INTERSECTION_0,ANGLE_FRONT_TO_SIDE,UNSPECIFIED_999,"2009-12-18 18:45:00",KNOWINGLY_OPERATED_WITH_FAULTY_MISSING_EQUIPMENT,NO_IMPROPER_ACTION,,
2373836,2,ANGLE_FRONT_TO_SIDE,-111.939996166719,33.4205599861521,4,T_INTERSECTION,ANGLE_FRONT_TO_SIDE,TEMPE,"2009-12-03 12:46:00",NO_IMPROPER_ACTION,EXCEEDED_LAWFUL_SPEED,118,0.00139897751017017
2373995,2,ANGLE_FRONT_TO_SIDE,-110.968795489037,32.2425431767034,1,FOUR_WAY_INTERSECTION,ANGLE_FRONT_TO_SIDE,TUCSON,"2009-12-30 15:07:00",NO_IMPROPER_ACTION,FAILED_TO_YIELD_RIGHT_OF_WAY_103,,
2374027,2,SIDESWIPE_SAME_DIRECTION,-111.934957687792,33.392898232813,2,FOUR_WAY_INTERSECTION,SIDESWIPE_SAME_DIRECTION,TEMPE,"2009-12-13 20:00:00",NO_IMPROPER_ACTION,DISREGARDED_TRAFFIC_SIGNAL,141,0.000168013266338522
2374119,2,ANGLE_FRONT_TO_SIDE,-110.875490578041,32.2438685216288,3,FOUR_WAY_INTERSECTION,ANGLE_FRONT_TO_SIDE,TUCSON,"2009-12-18 14:59:00",FAILED_TO_YIELD_RIGHT_OF_WAY_103,NO_IMPROPER_ACTION,,
2374211,2,HEAD_ON,-110.952405632723,32.2359833912791,3,FOUR_WAY_INTERSECTION,HEAD_ON,TUCSON,"2009-12-11 09:40:00",NO_IMPROPER_ACTION,FAILED_TO_YIELD_RIGHT_OF_WAY_103,,
2374347,2,ANGLE_FRONT_TO_SIDE,-110.941225767441,32.2214477074292,3,NOT_AT_INTERSECTION_0,ANGLE_FRONT_TO_SIDE,TUCSON,"2009-12-17 07:52:00",NO_IMPROPER_ACTION,FAILED_TO_YIELD_RIGHT_OF_WAY_103,,
2374400,2,LEFT_TURN,-110.995964681238,32.2243068801871,3,T_INTERSECTION,LEFT_TURN,TUCSON,"2009-12-02 08:47:00",NO_IMPROPER_ACTION,FAILED_TO_YIELD_RIGHT_OF_WAY_103+NOT_APPLICABLE_MINUS_1+NOT_APPLICABLE_MINUS_1,,
2374416,2,SIDESWIPE_SAME_DIRECTION,-110.898223630682,32.2434089081721,4,NOT_AT_INTERSECTION_0,SIDESWIPE_SAME_DIRECTION,TUCSON,"2009-12-16 13:39:00",NO_IMPROPER_ACTION,UNKNOWN_99,,
2374420,2,OTHER_97,-110.862242025647,32.2289359979252,3,NOT_AT_INTERSECTION_0,OTHER_97,TUCSON,"2009-12-11 16:05:00",INATTENTION_DISTRACTION,NO_IMPROPER_ACTION,,
2374513,2,LEFT_TURN,-111.911183169025,33.3240661136246,2,FOUR_WAY_INTERSECTION,LEFT_TURN,CHANDLER,"2009-12-10 07:51:00",FAILED_TO_YIELD_RIGHT_OF_WAY_103,NO_IMPROPER_ACTION,,
2374722,2,OTHER_97,-110.909730984539,32.2517105234516,1,NOT_AT_INTERSECTION_0,OTHER_97,TUCSON,"2009-12-15 16:34:00",MADE_IMPROPER_TURN,NO_IMPROPER_ACTION,,
2374740,2,UNKNOWN_99,-111.855075134355,33.3205923942885,1,T_INTERSECTION,UNKNOWN_99,CHANDLER,"2009-12-03 19:03:00",DROVE_RODE_IN_OPPOSING_TRAFFIC_LANE,NO_IMPROPER_ACTION,,
2374779,2,ANGLE_FRONT_TO_SIDE,-110.798025410045,32.1190455520849,3,NOT_AT_INTERSECTION_0,ANGLE_FRONT_TO_SIDE,TUCSON,"2009-12-07 06:25:00",NO_IMPROPER_ACTION,FAILED_TO_YIELD_RIGHT_OF_WAY_103,,
2374781,2,OTHER_97,-110.971993594635,32.2580150278434,3,NOT_AT_INTERSECTION_0,OTHER_97,TUCSON,"2009-12-26 14:25:00",DROVE_RODE_IN_OPPOSING_TRAFFIC_LANE,UNKNOWN_99,,
2374801,2,ANGLE_FRONT_TO_SIDE,-111.863980999873,33.3847092891032,3,T_INTERSECTION,ANGLE_FRONT_TO_SIDE,MESA,"2009-12-10 08:59:00",DROVE_RODE_IN_OPPOSING_TRAFFIC_LANE,NO_IMPROPER_ACTION,,
2374808,2,SIDESWIPE_SAME_DIRECTION,-111.841528820025,33.298866527757,1,FOUR_WAY_INTERSECTION,SIDESWIPE_SAME_DIRECTION,CHANDLER,"2009-12-10 16:22:00",UNKNOWN_99,NOT_APPLICABLE_MINUS_1+UNKNOWN_99,,
2374848,2,ANGLE_FRONT_TO_SIDE,-110.695465898239,35.0234243510191,1,FOUR_WAY_INTERSECTION,ANGLE_FRONT_TO_SIDE,WINSLOW,"2009-12-26 14:49:00",UNKNOWN_99,NO_IMPROPER_ACTION,,
2374867,2,LEFT_TURN,-110.875488707603,32.2380312452678,3,FOUR_WAY_INTERSECTION,LEFT_TURN,TUCSON,"2009-12-24 15:22:00",DROVE_RODE_IN_OPPOSING_TRAFFIC_LANE,NO_IMPROPER_ACTION,,
2374886,2,OTHER_97,-111.517926446061,32.9735310283972,2,FOUR_WAY_INTERSECTION,OTHER_97,COOLIDGE,"2009-12-19 18:51:00",RAN_STOP_SIGN,NO_IMPROPER_ACTION,,
2374952,2,REAR_END,-110.909532841841,32.2225070759925,1,T_INTERSECTION,REAR_END,TUCSON,"2009-12-28 11:51:00",FAILED_TO_YIELD_RIGHT_OF_WAY_103,NO_IMPROPER_ACTION,,
2375003,2,ANGLE_FRONT_TO_SIDE,-110.92418210076,32.2504159995664,3,T_INTERSECTION,ANGLE_FRONT_TO_SIDE,TUCSON,"2009-12-24 07:55:00",NO_IMPROPER_ACTION,FAILED_TO_YIELD_RIGHT_OF_WAY_103,,
2375008,2,ANGLE_FRONT_TO_SIDE,-112.082433092348,33.5035327551031,1,T_INTERSECTION,ANGLE_FRONT_TO_SIDE,PHOENIX,"2009-11-21 19:20:00",DISREGARDED_TRAFFIC_SIGNAL,NO_IMPROPER_ACTION,,
2379158,2,OTHER_97,-112.030205899464,33.4564043795267,3,LEGACY_INTERSECTION_RELATED_PRIOR_2009_98,OTHER_97,PHOENIX,"2009-05-12 21:29:00",OTHER_97,NO_IMPROPER_ACTION+NOT_APPLICABLE_MINUS_1+NOT_APPLICABLE_MINUS_1+NOT_APPLICABLE_MINUS_1,,
2379176,2,OTHER_97,-112.120048441298,33.4659245366461,3,NOT_AT_INTERSECTION_0,OTHER_97,PHOENIX,"2009-06-12 16:06:00",DROVE_RODE_IN_OPPOSING_TRAFFIC_LANE,NO_IMPROPER_ACTION,,
2379197,2,OTHER_97,-112.099860606548,33.42966169524,4,UNKNOWN_99,OTHER_97,PHOENIX,"2009-07-22 12:31:00",INATTENTION_DISTRACTION,INATTENTION_DISTRACTION,,
2379283,2,OTHER_97,-112.177769946951,33.487788198425,3,LEGACY_INTERSECTION_RELATED_PRIOR_2009_98,OTHER_97,PHOENIX,"2009-12-03 08:30:00",OTHER_97,NO_IMPROPER_ACTION,,
2397230,2,LEFT_TURN,-111.804374219052,33.4224213721899,2,NOT_AT_INTERSECTION_0,LEFT_TURN,MESA,"2009-09-09 20:05:00",NO_IMPROPER_ACTION,NO_IMPROPER_ACTION+NOT_APPLICABLE_MINUS_1,,
2397263,2,LEFT_TURN,-111.807515972761,33.407896706238,2,T_INTERSECTION,LEFT_TURN,MESA,"2009-10-14 08:14:00",FAILED_TO_YIELD_RIGHT_OF_WAY_103,NO_IMPROPER_ACTION,,
2398040,2,ANGLE_FRONT_TO_SIDE,-111.86999830727,33.4148674151895,3,FOUR_WAY_INTERSECTION,ANGLE_FRONT_TO_SIDE,MESA,"2009-11-06 07:59:00",NO_IMPROPER_ACTION,DISREGARDED_TRAFFIC_SIGNAL,,
2477393,2,ANGLE_FRONT_TO_SIDE,-111.549288620135,33.1617949129122,3,T_INTERSECTION,ANGLE_FRONT_TO_SIDE,UNSPECIFIED_999,"2009-12-03 14:35:00",NO_IMPROPER_ACTION,FAILED_TO_YIELD_RIGHT_OF_WAY_103,,
2477677,2,SIDESWIPE_SAME_DIRECTION,-111.532975844837,33.2200669224689,2,NOT_AT_INTERSECTION_0,SIDESWIPE_SAME_DIRECTION,UNSPECIFIED_999,"2009-09-29 08:09:00",INATTENTION_DISTRACTION,INATTENTION_DISTRACTION,,
2327545,2,SIDESWIPE_SAME_DIRECTION,-110.91761087916,32.1565828362945,4,T_INTERSECTION,SIDESWIPE_SAME_DIRECTION,UNSPECIFIED_999,"2010-01-22 06:43:00",UNKNOWN_99,NOT_APPLICABLE_MINUS_1+UNKNOWN_99,,
2329140,3,SIDESWIPE_SAME_DIRECTION,-111.771197030647,33.4081701817278,2,FOUR_WAY_INTERSECTION,SIDESWIPE_SAME_DIRECTION,MESA,"2010-01-20 14:36:00",NO_IMPROPER_ACTION,UNKNOWN_99+NOT_APPLICABLE_MINUS_1+NO_IMPROPER_ACTION,,
2335885,2,REAR_END,-111.855191944293,33.7452347593348,5,NOT_AT_INTERSECTION_0,REAR_END,SCOTTSDALE,"2010-02-24 13:12:00",NO_IMPROPER_ACTION,FAILED_TO_YIELD_RIGHT_OF_WAY_103,,
2342480,2,OTHER_97,-112.255024838526,33.5231419544852,4,T_INTERSECTION,OTHER_97,GLENDALE,"2010-03-18 16:42:00",UNKNOWN_99,UNKNOWN_99,,
2350713,2,OTHER_97,-110.968170965265,32.1632640013419,2,FOUR_WAY_INTERSECTION,OTHER_97,TUCSON,"2010-04-06 09:30:00",NO_IMPROPER_ACTION,NO_IMPROPER_ACTION,,
2354525,2,ANGLE_FRONT_TO_SIDE,-111.874538021819,33.4072861783844,5,NOT_AT_INTERSECTION_0,ANGLE_FRONT_TO_SIDE,MESA,"2010-05-04 20:27:00",DID_NOT_USE_CROSSWALK,NO_IMPROPER_ACTION,,
2357639,2,SIDESWIPE_SAME_DIRECTION,-110.849057292478,32.2486087375298,4,NOT_AT_INTERSECTION_0,SIDESWIPE_SAME_DIRECTION,TUCSON,"2010-04-28 07:55:00",NO_IMPROPER_ACTION,INATTENTION_DISTRACTION,,
2367616,2,OTHER_97,-112.322982602953,34.6287658524799,5,T_INTERSECTION,OTHER_97,"PRESCOTT VALLEY","2010-03-25 05:46:00",UNKNOWN_99,NO_IMPROPER_ACTION,,
2372765,2,ANGLE_FRONT_TO_SIDE,-111.909132082341,33.4001441634525,5,FOUR_WAY_INTERSECTION,ANGLE_FRONT_TO_SIDE,TEMPE,"2010-05-17 17:25:00",UNKNOWN_99,UNKNOWN_99,128,0.000134094918160173
2373170,2,HEAD_ON,-111.763672727419,33.4154187603152,5,NOT_AT_INTERSECTION_0,HEAD_ON,MESA,"2010-02-17 13:12:00",DROVE_RODE_IN_OPPOSING_TRAFFIC_LANE,NOT_APPLICABLE_MINUS_1+NO_IMPROPER_ACTION,,
2375226,2,ANGLE_FRONT_TO_SIDE,-112.030158367665,33.4625534934688,3,Y_INTERSECTION,ANGLE_FRONT_TO_SIDE,PHOENIX,"2010-01-05 08:06:00",DROVE_RODE_IN_OPPOSING_TRAFFIC_LANE,FAILED_TO_YIELD_RIGHT_OF_WAY_103,,