IncidentID,num_vehicles_involved,eCollisionManner,Longitude,Latitude,InjurySeverity,eIntersectionType,eCollisionManner,city_name,IncidentDateTime,cyclist_citations,driver_citations,nearest_count_site,distance_to_nearest_count_site
2392386,2,SIDESWIPE_SAME_DIRECTION,-112.281232660317,33.6048856272458,2,FOUR_WAY_INTERSECTION,SIDESWIPE_SAME_DIRECTION,UNSPECIFIED_999,"2010-02-08 13:42:00",UNKNOWN_99,NO_IMPROPER_ACTION,,
2392419,2,OTHER_97,-112.412229412439,33.5517033137816,3,NOT_AT_INTERSECTION_0,OTHER_97,UNSPECIFIED_999,"2010-02-09 16:14:00",NO_IMPROPER_ACTION,INATTENTION_DISTRACTION,,
2392480,2,ANGLE_FRONT_TO_SIDE,-112.201646344938,33.65291034954,1,NOT_AT_INTERSECTION_0,ANGLE_FRONT_TO_SIDE,GLENDALE,"2010-02-22 08:43:00",NO_IMPROPER_ACTION,RAN_STOP_SIGN,,
2392494,2,SIDESWIPE_SAME_DIRECTION,-112.07417542619,33.6427544397511,4,NOT_AT_INTERSECTION_0,SIDESWIPE_SAME_DIRECTION,PHOENIX,"2010-02-10 23:52:00",DROVE_RODE_IN_OPPOSING_TRAFFIC_LANE,NO_IMPROPER_ACTION,,
2392539,2,OTHER_97,-112.165693340148,33.5384439879417,2,NOT_AT_INTERSECTION_0,OTHER_97,GLENDALE,"2010-02-24 13:52:00",NO_IMPROPER_ACTION,UNKNOWN_99,,
2392569,2,ANGLE_FRONT_TO_SIDE,-111.959791165191,33.3660046554841,3,FOUR_WAY_INTERSECTION,ANGLE_FRONT_TO_SIDE,GUADALUPE,"2010-02-20 11:00:00",UNKNOWN_99,INATTENTION_DISTRACTION,,
2392571,3,REAR_END,-111.939602241545,33.3934526301389,1,NOT_AT_INTERSECTION_0,REAR_END,TEMPE,"2010-02-23 16:34:00",NO_IMPROPER_ACTION,INATTENTION_DISTRACTION+NO_IMPROPER_ACTION,144,0.000615352697273584
2392705,2,ANGLE_FRONT_TO_SIDE,-112.168511918223,33.5384424916815,1,FOUR_WAY_INTERSECTION,ANGLE_FRONT_TO_SIDE,GLENDALE,"2010-02-07 20:42:00",NO_IMPROPER_ACTION,UNKNOWN_99,,
2392719,2,REAR_END,-112.186276194714,33.5681735163087,2,NOT_AT_INTERSECTION_0,REAR_END,GLENDALE,"2010-02-08 11:40:00",NO_IMPROPER_ACTION,FAILED_TO_YIELD_RIGHT_OF_WAY_103,,
2392864,2,REAR_END,-112.815217566156,34.0471480236934,4,NOT_AT_INTERSECTION_0,REAR_END,UNSPECIFIED_999,"2010-03-13 12:12:00",NO_IMPROPER_ACTION,OTHER_UNSAFE_PASSING,,
2393139,2,SIDESWIPE_SAME_DIRECTION,-110.926783196946,32.517380986276,3,NOT_AT_INTERSECTION_0,SIDESWIPE_SAME_DIRECTION,UNSPECIFIED_999,"2010-03-07 10:45:00",UNKNOWN_99,SPEED_TOO_FAST_FOR_CONDITIONS,,
2393718,2,ANGLE_FRONT_TO_SIDE,-111.569187106266,33.4150711742637,3,FOUR_WAY_INTERSECTION,ANGLE_FRONT_TO_SIDE,"APACHE JUNCTION","2010-07-03 11:37:00",INATTENTION_DISTRACTION,NO_IMPROPER_ACTION,,
2393963,2,OTHER_97,-111.859133952957,33.3206029290653,1,NOT_AT_INTERSECTION_0,OTHER_97,CHANDLER,"2010-02-16 02:50:00",OTHER_97,INATTENTION_DISTRACTION,,
2394043,2,LEFT_TURN,-111.898111201336,33.3202548184777,3,FOUR_WAY_INTERSECTION,LEFT_TURN,CHANDLER,"2010-02-16 17:31:00",NO_IMPROPER_ACTION,FAILED_TO_YIELD_RIGHT_OF_WAY_103,,
2394197,2,OTHER_97,-111.650486638245,35.2001098075382,1,FOUR_WAY_INTERSECTION,OTHER_97,FLAGSTAFF,"2010-03-06 22:07:00",UNKNOWN_99,DISREGARDED_PAVEMENT_MARKINGS,,
2394348,2,ANGLE_FRONT_TO_SIDE,-111.577464877978,35.2310988885642,3,T_INTERSECTION,ANGLE_FRONT_TO_SIDE,FLAGSTAFF,"2010-03-06 12:51:00",DISREGARDED_TRAFFIC_SIGNAL,NO_IMPROPER_ACTION+NOT_APPLICABLE_MINUS_1+NOT_APPLICABLE_MINUS_1,,
2394352,2,ANGLE_FRONT_TO_SIDE,-112.341025855141,33.455167014567,3,FOUR_WAY_INTERSECTION,ANGLE_FRONT_TO_SIDE,AVONDALE,"2010-03-09 16:39:00",NO_IMPROPER_ACTION,FAILED_TO_YIELD_RIGHT_OF_WAY_103,,
2394373,2,ANGLE_FRONT_TO_SIDE,-111.790397026248,33.3306993224799,3,FOUR_WAY_INTERSECTION,ANGLE_FRONT_TO_SIDE,GILBERT,"2010-03-03 11:13:00",NO_IMPROPER_ACTION,INATTENTION_DISTRACTION,,
2394415,2,ANGLE_FRONT_TO_SIDE,-111.788351882426,33.3790008270913,1,FOUR_WAY_INTERSECTION,ANGLE_FRONT_TO_SIDE,GILBERT,"2010-03-08 15:06:00",DROVE_RODE_IN_OPPOSING_TRAFFIC_LANE,NO_IMPROPER_ACTION,,
2394548,2,SIDESWIPE_SAME_DIRECTION,-111.676215991908,33.4721255608994,3,NOT_AT_INTERSECTION_0,SIDESWIPE_SAME_DIRECTION,MESA,"2010-03-09 06:43:00",NO_IMPROPER_ACTION,FAILED_TO_YIELD_RIGHT_OF_WAY_103,,
2394670,2,LEFT_TURN,-111.684398534876,33.4301596915098,2,FOUR_WAY_INTERSECTION,LEFT_TURN,MESA,"2010-03-10 14:09:00",DISREGARDED_TRAFFIC_SIGNAL,NOT_APPLICABLE_MINUS_1+INATTENTION_DISTRACTION,,
2394714,2,ANGLE_FRONT_TO_SIDE,-111.963816490506,33.378241491797,3,NOT_AT_INTERSECTION_0,ANGLE_FRONT_TO_SIDE,TEMPE,"2010-03-07 19:03:00",DROVE_RODE_IN_OPPOSING_TRAFFIC_LANE,FAILED_TO_YIELD_RIGHT_OF_WAY_103+NOT_APPLICABLE_MINUS_1,,
2394740,2,ANGLE_FRONT_TO_SIDE,-111.947276892024,33.4254757451732,3,FOUR_WAY_INTERSECTION,ANGLE_FRONT_TO_SIDE,TEMPE,"2010-03-04 08:25:00",UNKNOWN_99,UNKNOWN_99,108,0.00317804074579914
2394761,2,ANGLE_FRONT_TO_SIDE,-111.976554515746,33.378192169754,3,NOT_AT_INTERSECTION_0,ANGLE_FRONT_TO_SIDE,TEMPE,"2010-03-04 17:39:00",NO_IMPROPER_ACTION,FAILED_TO_YIELD_RIGHT_OF_WAY_103,,
2394780,2,SIDESWIPE_SAME_DIRECTION,-111.939486481022,33.3862295053094,3,FOUR_WAY_INTERSECTION,SIDESWIPE_SAME_DIRECTION,TEMPE,"2010-03-04 12:21:00",NO_IMPROPER_ACTION,OTHER_97,,
2394785,2,OTHER_97,-111.651370294262,35.1982286491304,3,T_INTERSECTION,OTHER_97,FLAGSTAFF,"2010-03-16 15:55:00",NO_IMPROPER_ACTION,FAILED_TO_YIELD_RIGHT_OF_WAY_103,,
2394798,2,ANGLE_FRONT_TO_SIDE,-111.933956446544,33.421960191546,1,NOT_AT_INTERSECTION_0,ANGLE_FRONT_TO_SIDE,TEMPE,"2010-03-04 13:35:00",NO_IMPROPER_ACTION,MADE_IMPROPER_TURN,115,0.000850391332552989
2394823,2,SIDESWIPE_SAME_DIRECTION,-111.72205086951,32.8722721196966,2,NOT_AT_INTERSECTION_0,SIDESWIPE_SAME_DIRECTION,"CASA GRANDE","2010-03-03 15:57:00",NO_IMPROPER_ACTION,FAILED_TO_KEEP_IN_PROPER_LANE,,
2394852,2,OTHER_97,-111.61827364086,35.2004605905833,2,T_INTERSECTION,OTHER_97,FLAGSTAFF,"2010-03-12 11:28:00",FAILED_TO_YIELD_RIGHT_OF_WAY_103,NOT_APPLICABLE_MINUS_1+DROVE_RODE_IN_OPPOSING_TRAFFIC_LANE,,
2394926,2,ANGLE_FRONT_TO_SIDE,-111.675549701024,32.8610908466529,2,T_INTERSECTION,ANGLE_FRONT_TO_SIDE,"CASA GRANDE","2010-03-15 18:11:00",DROVE_RODE_IN_OPPOSING_TRAFFIC_LANE,SPEED_TOO_FAST_FOR_CONDITIONS,,
2395028,2,ANGLE_FRONT_TO_SIDE,-111.762302235938,33.3211882227472,4,T_INTERSECTION,ANGLE_FRONT_TO_SIDE,GILBERT,"2010-03-11 18:05:00",NO_IMPROPER_ACTION,FAILED_TO_YIELD_RIGHT_OF_WAY_103,,
2395033,2,OTHER_97,-111.720767311706,33.2849243923533,1,T_INTERSECTION,OTHER_97,GILBERT,"2010-03-11 20:36:00",DROVE_RODE_IN_OPPOSING_TRAFFIC_LANE,NO_IMPROPER_ACTION,,
2395063,2,ANGLE_FRONT_TO_SIDE,-112.476077808839,34.5568735529089,4,T_INTERSECTION,ANGLE_FRONT_TO_SIDE,PRESCOTT,"2010-03-11 13:44:00",WALKED_ON_WRONG_SIDE_OF_ROAD,NO_IMPROPER_ACTION,,
2395108,2,OTHER_97,-112.352936665685,33.4353402478778,1,T_INTERSECTION,OTHER_97,AVONDALE,"2010-03-13 12:36:00",NO_IMPROPER_ACTION,FAILED_TO_YIELD_RIGHT_OF_WAY_103,,
2395111,2,ANGLE_FRONT_TO_SIDE,-111.722141254503,33.3720629289423,1,FOUR_WAY_INTERSECTION,ANGLE_FRONT_TO_SIDE,GILBERT,"2010-03-16 06:27:00",NO_IMPROPER_ACTION,NOT_APPLICABLE_MINUS_1+NOT_APPLICABLE_MINUS_1+FAILED_TO_YIELD_RIGHT_OF_WAY_103+NOT_APPLICABLE_MINUS_1+NOT_APPLICABLE_MINUS_1,,
2395182,2,ANGLE_FRONT_TO_SIDE,-111.840115152944,33.3823388950558,2,FOUR_WAY_INTERSECTION,ANGLE_FRONT_TO_SIDE,MESA,"2010-03-11 12:33:00",NO_IMPROPER_ACTION,FAILED_TO_YIELD_RIGHT_OF_WAY_103,,
2395195,2,ANGLE_FRONT_TO_SIDE,-111.789667827967,33.3548737884187,3,FOUR_WAY_INTERSECTION,ANGLE_FRONT_TO_SIDE,GILBERT,"2010-03-09 16:26:00",NO_IMPROPER_ACTION,UNKNOWN_99,,
2395391,2,SIDESWIPE_OPPOSITE_DIRECTION,-111.789224908481,33.4153718961559,1,NOT_AT_INTERSECTION_0,SIDESWIPE_OPPOSITE_DIRECTION,MESA,"2010-03-15 15:04:00",FAILED_TO_YIELD_RIGHT_OF_WAY_103,NO_IMPROPER_ACTION+NOT_APPLICABLE_MINUS_1+NOT_APPLICABLE_MINUS_1+NOT_APPLICABLE_MINUS_1,,
2395409,2,ANGLE_FRONT_TO_SIDE,-111.8745803933,33.4003299874045,1,FOUR_WAY_INTERSECTION,ANGLE_FRONT_TO_SIDE,MESA,"2010-03-20 20:30:00",NO_IMPROPER_ACTION,FAILED_TO_YIELD_RIGHT_OF_WAY_103,,
2395415,2,ANGLE_FRONT_TO_SIDE,-111.928686789615,33.3604709374548,2,NOT_AT_INTERSECTION_0,ANGLE_FRONT_TO_SIDE,TEMPE,"2010-03-01 17:18:00",OTHER_97,NO_IMPROPER_ACTION,123,0.00384374137042711
2395484,2,SIDESWIPE_SAME_DIRECTION,-112.073813097798,33.4482410804499,2,FOUR_WAY_INTERSECTION,SIDESWIPE_SAME_DIRECTION,YUMA,"2010-03-16 14:40:00",FAILED_TO_YIELD_RIGHT_OF_WAY_103,NO_IMPROPER_ACTION+NOT_APPLICABLE_MINUS_1+NOT_APPLICABLE_MINUS_1+NOT_APPLICABLE_MINUS_1,,
2395554,2,ANGLE_FRONT_TO_SIDE,-111.856437248509,33.4217221909711,3,NOT_REPORTED_255,ANGLE_FRONT_TO_SIDE,MESA,"2010-03-11 15:01:00",NO_IMPROPER_ACTION,FAILED_TO_YIELD_RIGHT_OF_WAY_103+NOT_APPLICABLE_MINUS_1,,
2395572,2,ANGLE_FRONT_TO_SIDE,-110.943938700966,32.2359310829322,3,T_INTERSECTION,ANGLE_FRONT_TO_SIDE,TUCSON,"2010-03-21 07:48:00",NO_IMPROPER_ACTION,INATTENTION_DISTRACTION,,
2395595,2,ANGLE_FRONT_TO_SIDE,-111.755782711976,33.3545140425365,1,NOT_AT_INTERSECTION_0,ANGLE_FRONT_TO_SIDE,GILBERT,"2010-03-23 18:38:00",DROVE_RODE_IN_OPPOSING_TRAFFIC_LANE,UNKNOWN_99+NOT_APPLICABLE_MINUS_1,,
2395606,2,ANGLE_FRONT_TO_SIDE,-111.923155533468,33.5783869433505,1,NOT_AT_INTERSECTION_0,ANGLE_FRONT_TO_SIDE,SCOTTSDALE,"2010-03-16 07:56:00",NO_IMPROPER_ACTION,SPEED_TOO_FAST_FOR_CONDITIONS,,
2395934,2,OTHER_97,-112.202599844055,33.5817082787647,4,NOT_AT_INTERSECTION_0,OTHER_97,GLENDALE,"2010-09-18 10:51:00",INATTENTION_DISTRACTION,NO_IMPROPER_ACTION,,
2396020,2,REAR_END,-110.952448411639,32.2372745513349,1,FOUR_WAY_INTERSECTION,REAR_END,TUCSON,"2010-03-29 15:30:00",INATTENTION_DISTRACTION,NO_IMPROPER_ACTION,,
2396145,2,ANGLE_FRONT_TO_SIDE,-111.901959750502,33.4220852511017,2,NOT_AT_INTERSECTION_0,ANGLE_FRONT_TO_SIDE,TEMPE,"2010-03-19 16:56:00",DROVE_RODE_IN_OPPOSING_TRAFFIC_LANE,NO_IMPROPER_ACTION,,
2396151,2,SIDESWIPE_SAME_DIRECTION,-112.479180210542,34.5312465876898,3,T_INTERSECTION,SIDESWIPE_SAME_DIRECTION,PRESCOTT,"2010-03-25 19:51:00",UNKNOWN_99,OTHER_UNSAFE_PASSING,,
2396205,2,ANGLE_FRONT_TO_SIDE,-111.940037622711,33.4296219032996,4,FOUR_WAY_INTERSECTION,ANGLE_FRONT_TO_SIDE,TEMPE,"2010-03-24 15:54:00",DISREGARDED_TRAFFIC_SIGNAL,NO_IMPROPER_ACTION+NOT_APPLICABLE_MINUS_1,102,0.000417961946934187
2396320,2,ANGLE_FRONT_TO_SIDE,-111.969770591487,33.3783850414463,2,T_INTERSECTION,ANGLE_FRONT_TO_SIDE,TEMPE,"2010-03-15 12:45:00",OTHER_97,NO_IMPROPER_ACTION,,
2396341,2,ANGLE_FRONT_TO_SIDE,-111.926290378949,33.4440103119735,2,NOT_AT_INTERSECTION_0,ANGLE_FRONT_TO_SIDE,TEMPE,"2010-03-17 13:10:00",FAILED_TO_YIELD_RIGHT_OF_WAY_103,NO_IMPROPER_ACTION,,
2396438,2,SIDESWIPE_SAME_DIRECTION,-110.94995522411,32.0499763307306,2,NOT_AT_INTERSECTION_0,SIDESWIPE_SAME_DIRECTION,TUCSON,"2010-03-03 09:25:00",NO_IMPROPER_ACTION,FAILED_TO_KEEP_IN_PROPER_LANE,,
2396853,2,ANGLE_FRONT_TO_SIDE,-112.23762306983,33.6381178990086,3,NOT_AT_INTERSECTION_0,ANGLE_FRONT_TO_SIDE,PEORIA,"2010-03-19 15:58:00",DISREGARDED_TRAFFIC_SIGNAL,NO_IMPROPER_ACTION,,
2396933,2,OTHER_97,-112.038671486282,33.4658851198247,1,NOT_AT_INTERSECTION_0,OTHER_97,PHOENIX,"2010-03-24 13:19:00",DISREGARDED_PAVEMENT_MARKINGS,NO_IMPROPER_ACTION,,
2397053,2,OTHER_97,-111.926585964932,33.4439723547198,3,FOUR_WAY_INTERSECTION,OTHER_97,TEMPE,"2010-04-21 14:00:00",OTHER_97,NO_IMPROPER_ACTION,,
2397315,2,ANGLE_FRONT_TO_SIDE,-110.988378249224,31.8719887408175,2,FOUR_WAY_INTERSECTION,ANGLE_FRONT_TO_SIDE,UNSPECIFIED_999,"2010-03-06 13:16:00",NO_IMPROPER_ACTION,EXCEEDED_LAWFUL_SPEED,,
2397333,2,ANGLE_FRONT_TO_SIDE,-111.874404709759,33.4180296566581,2,T_INTERSECTION,ANGLE_FRONT_TO_SIDE,MESA,"2010-03-29 15:30:00",DROVE_RODE_IN_OPPOSING_TRAFFIC_LANE,NO_IMPROPER_ACTION,,
2397335,2,OTHER_97,-112.250647375517,33.5518388605288,1,T_INTERSECTION,OTHER_97,PEORIA,"2010-03-30 17:15:00",DROVE_RODE_IN_OPPOSING_TRAFFIC_LANE,NO_IMPROPER_ACTION,,
2397366,2,ANGLE_FRONT_TO_SIDE,-112.250704241851,33.5376133671907,2,T_INTERSECTION,ANGLE_FRONT_TO_SIDE,GLENDALE,"2010-03-04 14:27:00",OTHER_97,NO_IMPROPER_ACTION,,
2397374,2,ANGLE_FRONT_TO_SIDE,-112.182084461217,33.6388038415424,2,FOUR_WAY_INTERSECTION,ANGLE_FRONT_TO_SIDE,GLENDALE,"2010-03-04 17:50:00",DISREGARDED_TRAFFIC_SIGNAL,NO_IMPROPER_ACTION,,
2397401,2,UNKNOWN_99,-111.925883642077,33.5483745260293,3,NOT_AT_INTERSECTION_0,UNKNOWN_99,"PARADISE VALLEY","2010-03-28 10:09:00",NO_IMPROPER_ACTION,NO_IMPROPER_ACTION,,
2397499,2,LEFT_TURN,-111.93993276039,33.4176224169105,3,T_INTERSECTION,LEFT_TURN,TEMPE,"2010-03-13 09:53:00",NO_IMPROPER_ACTION,DISREGARDED_TRAFFIC_SIGNAL,111,0.00132932985770064
2397605,2,SIDESWIPE_SAME_DIRECTION,-111.914255451558,33.3929847782686,3,NOT_AT_INTERSECTION_0,SIDESWIPE_SAME_DIRECTION,TEMPE,"2010-03-29 16:00:00",UNKNOWN_99,UNKNOWN_99,,
2397611,2,SIDESWIPE_SAME_DIRECTION,-110.841053561254,32.2671359974396,3,NOT_AT_INTERSECTION_0,SIDESWIPE_SAME_DIRECTION,UNSPECIFIED_999,"2010-03-14 11:52:00",NO_IMPROPER_ACTION,OTHER_97,,
2397635,2,LEFT_TURN,-111.925920964201,33.4440276165352,1,FOUR_WAY_INTERSECTION,LEFT_TURN,TEMPE,"2010-03-29 12:01:00",FAILED_TO_YIELD_RIGHT_OF_WAY_103,NO_IMPROPER_ACTION,,
2397665,2,ANGLE_FRONT_TO_SIDE,-111.663975974297,33.393376491649,2,T_INTERSECTION,ANGLE_FRONT_TO_SIDE,MESA,"2010-03-22 15:34:00",UNKNOWN_99,NO_IMPROPER_ACTION,,
2397807,2,ANGLE_FRONT_TO_SIDE,-112.586481829396,33.3715488652368,2,T_INTERSECTION,ANGLE_FRONT_TO_SIDE,BUCKEYE,"2010-03-24 15:26:00",INATTENTION_DISTRACTION,NO_IMPROPER_ACTION,,
2398091,2,SIDESWIPE_SAME_DIRECTION,-111.651070115695,35.195991433712,1,NOT_AT_INTERSECTION_0,SIDESWIPE_SAME_DIRECTION,FLAGSTAFF,"2010-03-15 13:00:00",NO_IMPROPER_ACTION,UNSAFE_LANE_CHANGE,,
2398097,2,ANGLE_FRONT_TO_SIDE,-110.988427149924,31.8712881235841,2,FOUR_WAY_INTERSECTION,ANGLE_FRONT_TO_SIDE,UNSPECIFIED_999,"2010-03-06 13:16:00",NO_IMPROPER_ACTION,EXCEEDED_LAWFUL_SPEED,,
2398100,2,SIDESWIPE_OPPOSITE_DIRECTION,-111.952153268277,33.4073899608987,2,FOUR_WAY_INTERSECTION,SIDESWIPE_OPPOSITE_DIRECTION,TEMPE,"2010-03-26 05:05:00",NO_IMPROPER_ACTION,NOT_APPLICABLE_MINUS_1+SPEED_TOO_FAST_FOR_CONDITIONS,160,1.28342832142161e-05
2398253,2,OTHER_97,-111.69779761074,33.446176691828,3,NOT_AT_INTERSECTION_0,OTHER_97,MESA,"2010-03-25 09:22:00",OTHER_97,NO_IMPROPER_ACTION,,
2398297,2,ANGLE_FRONT_TO_SIDE,-112.220275680221,33.6382194224234,1,FOUR_WAY_INTERSECTION,ANGLE_FRONT_TO_SIDE,GLENDALE,"2010-03-17 21:00:00",KNOWINGLY_OPERATED_WITH_FAULTY_MISSING_EQUIPMENT,FAILED_TO_YIELD_RIGHT_OF_WAY_103,,
2398349,2,ANGLE_FRONT_TO_SIDE,-112.186319707465,33.5164157208931,1,NOT_AT_INTERSECTION_0,ANGLE_FRONT_TO_SIDE,GLENDALE,"2010-03-18 14:58:00",DROVE_RODE_IN_OPPOSING_TRAFFIC_LANE,NO_IMPROPER_ACTION,,
2398378,2,ANGLE_FRONT_TO_SIDE,-112.233668185645,33.6407153946106,2,T_INTERSECTION,ANGLE_FRONT_TO_SIDE,GLENDALE,"2010-03-14 11:18:00",OTHER_97,FAILED_TO_YIELD_RIGHT_OF_WAY_103,,
2398384,2,ANGLE_FRONT_TO_SIDE,-112.185838332959,33.6107584870465,1,FOUR_WAY_INTERSECTION,ANGLE_FRONT_TO_SIDE,GLENDALE,"2010-03-19 06:57:00",NO_IMPROPER_ACTION,INATTENTION_DISTRACTION,,
2398398,2,SIDESWIPE_SAME_DIRECTION,0,0,1,NOT_AT_INTERSECTION_0,SIDESWIPE_SAME_DIRECTION,UNSPECIFIED_999,"2010-03-30 06:37:00",NO_IMPROPER_ACTION,FAILED_TO_KEEP_IN_PROPER_LANE,,
2398406,2,LEFT_TURN,-111.90868951805,33.5257331410451,2,T_INTERSECTION,LEFT_TURN,SCOTTSDALE,"2010-03-31 14:59:00",NO_IMPROPER_ACTION,SPEED_TOO_FAST_FOR_CONDITIONS+NOT_APPLICABLE_MINUS_1+NOT_APPLICABLE_MINUS_1,,
2398443,2,LEFT_TURN,-112.220141011681,33.6382201572937,2,FOUR_WAY_INTERSECTION,LEFT_TURN,GLENDALE,"2010-03-25 13:30:00",NO_IMPROPER_ACTION,DROVE_RODE_IN_OPPOSING_TRAFFIC_LANE,,
2398523,3,OTHER_97,-110.828970788367,32.1919075564582,3,FOUR_WAY_INTERSECTION,OTHER_97,TUCSON,"2010-03-01 15:48:00",OTHER_97,NO_IMPROPER_ACTION+INATTENTION_DISTRACTION,,
2398560,2,HEAD_ON,-112.073813097798,33.4482410804499,1,T_INTERSECTION,HEAD_ON,"EL MIRAGE","2010-03-30 13:55:00",INATTENTION_DISTRACTION,DROVE_RODE_IN_OPPOSING_TRAFFIC_LANE+NOT_APPLICABLE_MINUS_1,,
2398580,2,OTHER_97,-110.823983491707,32.297488874289,4,T_INTERSECTION,OTHER_97,UNSPECIFIED_999,"2010-03-29 18:06:00",NO_IMPROPER_ACTION,FAILED_TO_YIELD_RIGHT_OF_WAY_103,,
2398612,2,ANGLE_FRONT_TO_SIDE,-110.892290749482,32.2185164147163,2,FOUR_WAY_INTERSECTION,ANGLE_FRONT_TO_SIDE,TUCSON,"2010-03-03 18:08:00",NO_IMPROPER_ACTION,DROVE_RODE_IN_OPPOSING_TRAFFIC_LANE,,
2398625,2,SIDESWIPE_SAME_DIRECTION,-110.901194588318,32.2360487244647,3,NOT_AT_INTERSECTION_0,SIDESWIPE_SAME_DIRECTION,TUCSON,"2010-03-03 17:16:00",NO_IMPROPER_ACTION,NOT_APPLICABLE_MINUS_1+UNSAFE_LANE_CHANGE,,
2398633,2,ANGLE_FRONT_TO_SIDE,-110.814541686863,32.1918623365074,2,T_INTERSECTION,ANGLE_FRONT_TO_SIDE,TUCSON,"2010-03-02 09:22:00",FAILED_TO_YIELD_RIGHT_OF_WAY_103,NO_IMPROPER_ACTION,,
2398665,2,ANGLE_FRONT_TO_SIDE,-110.978288573443,32.2973146094073,3,FOUR_WAY_INTERSECTION,ANGLE_FRONT_TO_SIDE,TUCSON,"2010-03-04 20:25:00",FAILED_TO_YIELD_RIGHT_OF_WAY_103,NO_IMPROPER_ACTION,,
2398682,2,SIDESWIPE_SAME_DIRECTION,-110.916199704389,32.2523607302098,1,FOUR_WAY_INTERSECTION,SIDESWIPE_SAME_DIRECTION,TUCSON,"2010-03-04 18:29:00",FAILED_TO_YIELD_RIGHT_OF_WAY_103,NO_IMPROPER_ACTION+NOT_APPLICABLE_MINUS_1,,
2398690,2,ANGLE_FRONT_TO_SIDE,-110.972097950705,32.2707513592552,2,NOT_AT_INTERSECTION_0,ANGLE_FRONT_TO_SIDE,TUCSON,"2010-03-04 15:37:00",NO_IMPROPER_ACTION,FAILED_TO_YIELD_RIGHT_OF_WAY_103,,
2398707,2,LEFT_TURN,-110.900864559562,32.2069941558544,4,FOUR_WAY_INTERSECTION,LEFT_TURN,TUCSON,"2010-03-01 20:36:00",NO_IMPROPER_ACTION,FAILED_TO_YIELD_RIGHT_OF_WAY_103+NOT_APPLICABLE_MINUS_1+NOT_APPLICABLE_MINUS_1,,
2398720,2,OTHER_97,-110.977332092725,32.1550757159115,2,NOT_AT_INTERSECTION_0,OTHER_97,TUCSON,"2010-03-01 14:18:00",UNKNOWN_99,UNKNOWN_99,,
2398745,2,ANGLE_FRONT_TO_SIDE,-110.993679975155,32.2503667267417,2,FOUR_WAY_INTERSECTION,ANGLE_FRONT_TO_SIDE,TUCSON,"2010-03-06 22:20:00",FAILED_TO_YIELD_RIGHT_OF_WAY_103,UNKNOWN_99,,
2398769,2,ANGLE_FRONT_TO_SIDE,-110.909450004693,32.1994982842139,2,FOUR_WAY_INTERSECTION,ANGLE_FRONT_TO_SIDE,TUCSON,"2010-03-17 18:17:00",NO_IMPROPER_ACTION,INATTENTION_DISTRACTION,,
2398809,2,ANGLE_FRONT_TO_SIDE,-110.948082208392,32.2277989876301,3,T_INTERSECTION,ANGLE_FRONT_TO_SIDE,TUCSON,"2010-03-05 15:38:00",NO_IMPROPER_ACTION,NO_IMPROPER_ACTION,,
2398853,2,ANGLE_FRONT_TO_SIDE,-110.945411168502,32.2499677368983,4,FOUR_WAY_INTERSECTION,ANGLE_FRONT_TO_SIDE,TUCSON,"2010-03-07 19:22:00",UNKNOWN_99,UNKNOWN_99,,
2398895,2,LEFT_TURN,-110.965471205934,32.2503609008652,1,FOUR_WAY_INTERSECTION,LEFT_TURN,TUCSON,"2010-03-19 09:51:00",UNKNOWN_99,NO_IMPROPER_ACTION,,
2398921,2,SIDESWIPE_OPPOSITE_DIRECTION,-111.007547886401,32.1338443856452,2,FOUR_WAY_INTERSECTION,SIDESWIPE_OPPOSITE_DIRECTION,TUCSON,"2010-03-17 23:01:00",OTHER_97,NO_IMPROPER_ACTION+NOT_APPLICABLE_MINUS_1+NOT_APPLICABLE_MINUS_1,,
2398951,2,SIDESWIPE_SAME_DIRECTION,-110.971098255859,32.2229080879686,3,NOT_AT_INTERSECTION_0,SIDESWIPE_SAME_DIRECTION,TUCSON,"2010-03-15 11:44:00",OTHER_97,NO_IMPROPER_ACTION,,
2398955,2,ANGLE_FRONT_TO_SIDE,-110.97211156128,32.2722618834667,3,NOT_AT_INTERSECTION_0,ANGLE_FRONT_TO_SIDE,TUCSON,"2010-03-15 15:05:00",FAILED_TO_KEEP_IN_PROPER_LANE,FAILED_TO_YIELD_RIGHT_OF_WAY_103,,
2398958,2,REAR_END,-110.832412259474,32.206444870446,3,FOUR_WAY_INTERSECTION,REAR_END,TUCSON,"2010-03-15 14:15:00",NO_IMPROPER_ACTION,FOLLOWED_TOO_CLOSELY,,
2398981,2,SIDESWIPE_OPPOSITE_DIRECTION,-110.840937770477,32.1990136806789,1,FOUR_WAY_INTERSECTION,SIDESWIPE_OPPOSITE_DIRECTION,TUCSON,"2010-03-18 08:56:00",DISREGARDED_TRAFFIC_SIGNAL,NO_IMPROPER_ACTION,,
2398982,2,ANGLE_FRONT_TO_SIDE,-110.82219285503,32.2175110318586,4,NOT_AT_INTERSECTION_0,ANGLE_FRONT_TO_SIDE,TUCSON,"2010-03-15 12:15:00",FAILED_TO_YIELD_RIGHT_OF_WAY_103,NOT_APPLICABLE_MINUS_1+NO_IMPROPER_ACTION,,