IncidentID,num_vehicles_involved,eCollisionManner,Longitude,Latitude,InjurySeverity,eIntersectionType,eCollisionManner,city_name,IncidentDateTime,cyclist_citations,driver_citations,nearest_count_site,distance_to_nearest_count_site
2406072,2,REAR_END,-112.015986539035,33.0856898903592,3,NOT_AT_INTERSECTION_0,REAR_END,MARICOPA,"2010-04-04 11:02:00",NO_IMPROPER_ACTION,INATTENTION_DISTRACTION,,
2406134,2,OTHER_97,-112.237715021826,33.599828409433,2,T_INTERSECTION,OTHER_97,PEORIA,"2010-04-20 13:19:00",INATTENTION_DISTRACTION,NO_IMPROPER_ACTION,,
2406135,2,ANGLE_FRONT_TO_SIDE,-111.771124354295,33.4081506859068,2,FOUR_WAY_INTERSECTION,ANGLE_FRONT_TO_SIDE,MESA,"2010-04-09 13:44:00",UNKNOWN_99,UNKNOWN_99,,
2406139,2,HEAD_ON,-111.771021461302,33.4226758545532,3,FOUR_WAY_INTERSECTION,HEAD_ON,MESA,"2010-04-08 16:30:00",DISREGARDED_TRAFFIC_SIGNAL,NO_IMPROPER_ACTION,,
2406151,2,ANGLE_FRONT_TO_SIDE,-111.960949817769,33.3902787896159,1,NOT_AT_INTERSECTION_0,ANGLE_FRONT_TO_SIDE,TEMPE,"2010-04-28 05:55:00",DROVE_RODE_IN_OPPOSING_TRAFFIC_LANE,NO_IMPROPER_ACTION,140,0.00257748500157597
2406366,2,ANGLE_FRONT_TO_SIDE,-111.727395149322,33.4300659423909,3,NOT_AT_INTERSECTION_0,ANGLE_FRONT_TO_SIDE,MESA,"2010-04-19 15:40:00",FAILED_TO_YIELD_RIGHT_OF_WAY_103,INATTENTION_DISTRACTION,,
2406397,2,LEFT_TURN,-111.822929687674,33.3969431647105,2,T_INTERSECTION,LEFT_TURN,MESA,"2010-04-16 13:10:00",NO_IMPROPER_ACTION,NOT_APPLICABLE_MINUS_1+SPEED_TOO_FAST_FOR_CONDITIONS+NOT_APPLICABLE_MINUS_1+NOT_APPLICABLE_MINUS_1,,
2406440,2,SIDESWIPE_SAME_DIRECTION,-111.733881312973,33.4155018696368,2,NOT_AT_INTERSECTION_0,SIDESWIPE_SAME_DIRECTION,MESA,"2010-04-15 13:22:00",UNSAFE_LANE_CHANGE,NO_IMPROPER_ACTION,,
2406454,2,ANGLE_FRONT_TO_SIDE,-111.874457444277,33.4163053144857,2,NOT_AT_INTERSECTION_0,ANGLE_FRONT_TO_SIDE,MESA,"2010-04-20 21:02:00",DROVE_RODE_IN_OPPOSING_TRAFFIC_LANE,NOT_APPLICABLE_MINUS_1+NOT_APPLICABLE_MINUS_1+NO_IMPROPER_ACTION,,
2406481,2,LEFT_TURN,-112.202927399212,33.6382745416859,2,FOUR_WAY_INTERSECTION,LEFT_TURN,GLENDALE,"2010-04-03 17:08:00",FAILED_TO_YIELD_RIGHT_OF_WAY_103,NO_IMPROPER_ACTION+NOT_APPLICABLE_MINUS_1,,
2406582,2,LEFT_TURN,-112.16002816551,33.5384513796198,3,FOUR_WAY_INTERSECTION,LEFT_TURN,GLENDALE,"2010-04-05 13:34:00",INATTENTION_DISTRACTION,FAILED_TO_YIELD_RIGHT_OF_WAY_103,,
2406653,2,ANGLE_FRONT_TO_SIDE,-111.917529307354,33.4839953881733,3,FOUR_WAY_INTERSECTION,ANGLE_FRONT_TO_SIDE,SCOTTSDALE,"2010-04-21 17:50:00",DROVE_RODE_IN_OPPOSING_TRAFFIC_LANE,NO_IMPROPER_ACTION,,
2406824,2,OTHER_97,-111.790689967494,34.8636037899489,2,FOUR_WAY_INTERSECTION,OTHER_97,SEDONA,"2010-04-29 13:41:00",NO_IMPROPER_ACTION,FAILED_TO_YIELD_RIGHT_OF_WAY_103,,
2406843,2,ANGLE_FRONT_TO_SIDE,-111.614722984134,35.2101617560996,3,FOUR_WAY_INTERSECTION,ANGLE_FRONT_TO_SIDE,FLAGSTAFF,"2010-04-20 16:14:00",RAN_STOP_SIGN,NO_IMPROPER_ACTION,,
2406881,2,ANGLE_FRONT_TO_SIDE,-111.747305916257,33.2631470029207,3,T_INTERSECTION,ANGLE_FRONT_TO_SIDE,GILBERT,"2010-04-27 16:42:00",NO_IMPROPER_ACTION,FAILED_TO_YIELD_RIGHT_OF_WAY_103,,
2406884,2,ANGLE_FRONT_TO_SIDE,-110.91357807865,32.1900836269688,1,T_INTERSECTION,ANGLE_FRONT_TO_SIDE,UNSPECIFIED_999,"2010-04-20 07:54:00",NO_IMPROPER_ACTION,NO_IMPROPER_ACTION,,
2407005,2,SIDESWIPE_OPPOSITE_DIRECTION,-111.874587766432,33.3986940187148,3,NOT_AT_INTERSECTION_0,SIDESWIPE_OPPOSITE_DIRECTION,MESA,"2010-04-09 11:52:00",OTHER_97,NO_IMPROPER_ACTION,,
2407029,2,OTHER_97,-111.878447562378,33.3764310271241,1,T_INTERSECTION,OTHER_97,MESA,"2010-04-24 00:17:00",UNKNOWN_99,NO_IMPROPER_ACTION,,
2407064,2,OTHER_97,-112.160272336571,33.4950193076341,2,LEGACY_INTERSECTION_RELATED_PRIOR_2009_98,OTHER_97,PHOENIX,"2010-04-30 08:11:00",DROVE_RODE_IN_OPPOSING_TRAFFIC_LANE,NO_IMPROPER_ACTION,,
2407122,2,OTHER_97,-112.043367606427,33.4945805504926,3,LEGACY_INTERSECTION_RELATED_PRIOR_2009_98,OTHER_97,PHOENIX,"2010-05-20 14:47:00",OTHER_97,NO_IMPROPER_ACTION,,
2407152,2,OTHER_97,-112.012997046375,33.4971042219769,2,UNKNOWN_99,OTHER_97,PHOENIX,"2010-05-04 17:19:00",FAILED_TO_YIELD_RIGHT_OF_WAY_103,NO_IMPROPER_ACTION,,
2407164,2,OTHER_97,-112.082930359553,33.632858993811,3,LEGACY_INTERSECTION_RELATED_PRIOR_2009_98,OTHER_97,PHOENIX,"2010-05-05 07:40:00",DISREGARDED_TRAFFIC_SIGNAL,NO_IMPROPER_ACTION,,
2407173,2,OTHER_97,-112.133735084027,33.6176838320758,3,LEGACY_INTERSECTION_RELATED_PRIOR_2009_98,OTHER_97,PHOENIX,"2010-05-05 09:45:00",OTHER_97,NO_IMPROPER_ACTION+NOT_APPLICABLE_MINUS_1+NOT_APPLICABLE_MINUS_1,,
2407186,2,OTHER_97,-112.119755318747,33.4804201964199,1,UNKNOWN_99,OTHER_97,PHOENIX,"2010-05-04 13:24:00",OTHER_97,INATTENTION_DISTRACTION,,
2407192,2,OTHER_97,-112.082389277529,33.5712424927393,3,LEGACY_INTERSECTION_RELATED_PRIOR_2009_98,OTHER_97,PHOENIX,"2010-05-06 10:55:00",OTHER_97,INATTENTION_DISTRACTION,,
2407215,2,OTHER_97,-112.255010986459,33.5087768531137,3,LEGACY_INTERSECTION_RELATED_PRIOR_2009_98,OTHER_97,GLENDALE,"2010-05-06 17:18:00",NO_IMPROPER_ACTION,FAILED_TO_YIELD_RIGHT_OF_WAY_103,,
2407279,2,OTHER_97,-112.011061930639,33.6262288677785,4,UNKNOWN_99,OTHER_97,PHOENIX,"2010-05-10 10:02:00",INATTENTION_DISTRACTION,INATTENTION_DISTRACTION,,
2407309,2,OTHER_97,-112.022094130854,33.6262207801169,4,LEGACY_INTERSECTION_RELATED_PRIOR_2009_98,OTHER_97,PHOENIX,"2010-05-12 07:15:00",KNOWINGLY_OPERATED_WITH_FAULTY_MISSING_EQUIPMENT,NO_IMPROPER_ACTION,,
2407410,2,OTHER_97,-112.09989339594,33.6618603079063,3,LEGACY_INTERSECTION_RELATED_PRIOR_2009_98,OTHER_97,PHOENIX,"2010-05-14 06:40:00",DISREGARDED_TRAFFIC_SIGNAL,NO_IMPROPER_ACTION,,
2407446,2,OTHER_97,-112.117759922589,33.567331979663,4,LEGACY_INTERSECTION_RELATED_PRIOR_2009_98,OTHER_97,PHOENIX,"2010-04-12 21:47:00",FAILED_TO_YIELD_RIGHT_OF_WAY_103,NOT_APPLICABLE_MINUS_1+NO_IMPROPER_ACTION+NOT_APPLICABLE_MINUS_1,,
2407488,2,OTHER_97,-112.270598321758,33.4165475051121,4,LEGACY_INTERSECTION_RELATED_PRIOR_2009_98,OTHER_97,PHOENIX,"2010-06-24 18:55:00",FAILED_TO_YIELD_RIGHT_OF_WAY_103,NO_IMPROPER_ACTION,,
2407510,2,ANGLE_FRONT_TO_SIDE,-111.840059757804,33.3933160331533,2,FOUR_WAY_INTERSECTION,ANGLE_FRONT_TO_SIDE,MESA,"2010-04-30 07:38:00",DROVE_RODE_IN_OPPOSING_TRAFFIC_LANE,NO_IMPROPER_ACTION,,
2407518,2,LEFT_TURN,-112.076514588955,33.4875338950574,3,FOUR_WAY_INTERSECTION,LEFT_TURN,PHOENIX,"2010-04-23 06:56:00",INATTENTION_DISTRACTION,INATTENTION_DISTRACTION,,
2407719,2,SIDESWIPE_SAME_DIRECTION,-110.963609267209,32.264797164186,3,NOT_AT_INTERSECTION_0,SIDESWIPE_SAME_DIRECTION,TUCSON,"2010-04-06 22:38:00",UNKNOWN_99,UNKNOWN_99,,
2407741,2,UNKNOWN_99,-111.995560690591,33.469373663855,2,T_INTERSECTION,UNKNOWN_99,PHOENIX,"2010-04-05 17:49:00",UNKNOWN_99,NO_IMPROPER_ACTION+NOT_APPLICABLE_MINUS_1,,
2407782,2,OTHER_97,-110.967065572594,32.2220964298196,3,FOUR_WAY_INTERSECTION,OTHER_97,TUCSON,"2010-04-07 19:04:00",NO_IMPROPER_ACTION,DROVE_RODE_IN_OPPOSING_TRAFFIC_LANE+NOT_APPLICABLE_MINUS_1,,
2407845,2,OTHER_97,-110.972022347335,32.2630598028371,3,FOUR_WAY_INTERSECTION,OTHER_97,TUCSON,"2010-04-09 19:17:00",NO_IMPROPER_ACTION,UNKNOWN_99,,
2407874,2,REAR_END,-110.861824742149,32.2019934202168,3,NOT_AT_INTERSECTION_0,REAR_END,TUCSON,"2010-04-01 12:51:00",NO_IMPROPER_ACTION,INATTENTION_DISTRACTION,,
2407920,2,ANGLE_FRONT_TO_SIDE,-110.956927194948,32.2498468769331,1,T_INTERSECTION,ANGLE_FRONT_TO_SIDE,TUCSON,"2010-04-02 13:53:00",FAILED_TO_YIELD_RIGHT_OF_WAY_103,NO_IMPROPER_ACTION,,
2408001,2,ANGLE_FRONT_TO_SIDE,-110.939470181272,32.2214985229369,3,FOUR_WAY_INTERSECTION,ANGLE_FRONT_TO_SIDE,TUCSON,"2010-04-08 09:14:00",OTHER_97,FAILED_TO_YIELD_RIGHT_OF_WAY_103,,
2408127,2,SIDESWIPE_SAME_DIRECTION,-110.840897865521,32.1768287193208,2,FOUR_WAY_INTERSECTION,SIDESWIPE_SAME_DIRECTION,TUCSON,"2010-04-08 12:28:00",UNSAFE_LANE_CHANGE,NO_IMPROPER_ACTION,,
2408136,2,ANGLE_FRONT_TO_SIDE,-110.977869605611,32.2792313647663,2,NOT_AT_INTERSECTION_0,ANGLE_FRONT_TO_SIDE,TUCSON,"2010-04-08 15:15:00",FAILED_TO_KEEP_IN_PROPER_LANE,NO_IMPROPER_ACTION,,
2408349,2,ANGLE_FRONT_TO_SIDE,-110.978048673376,32.250224074977,4,FOUR_WAY_INTERSECTION,ANGLE_FRONT_TO_SIDE,TUCSON,"2010-04-04 08:20:00",NO_IMPROPER_ACTION,FAILED_TO_YIELD_RIGHT_OF_WAY_103,,
2408360,2,ANGLE_FRONT_TO_SIDE,-111.926255606715,33.407499094587,4,FOUR_WAY_INTERSECTION,ANGLE_FRONT_TO_SIDE,TEMPE,"2010-04-26 22:21:00",KNOWINGLY_OPERATED_WITH_FAULTY_MISSING_EQUIPMENT,NO_IMPROPER_ACTION+NOT_APPLICABLE_MINUS_1,138,0.000166631632525029
2408367,2,LEFT_TURN,-110.974831557703,32.351790532562,4,FOUR_WAY_INTERSECTION,LEFT_TURN,"ORO VALLEY","2010-04-29 09:09:00",NO_IMPROPER_ACTION,FAILED_TO_YIELD_RIGHT_OF_WAY_103,,
2408398,2,ANGLE_FRONT_TO_SIDE,-112.488867181943,34.5635270472136,2,T_INTERSECTION,ANGLE_FRONT_TO_SIDE,PRESCOTT,"2010-04-20 15:29:00",FAILED_TO_KEEP_IN_PROPER_LANE,INATTENTION_DISTRACTION,,
2408436,2,ANGLE_FRONT_TO_SIDE,-112.481608767122,34.5820567535979,3,T_INTERSECTION,ANGLE_FRONT_TO_SIDE,PRESCOTT,"2010-04-27 13:50:00",DROVE_RODE_IN_OPPOSING_TRAFFIC_LANE,UNKNOWN_99,,
2408490,2,SIDESWIPE_SAME_DIRECTION,-110.892638799572,32.221486983524,3,NOT_AT_INTERSECTION_0,SIDESWIPE_SAME_DIRECTION,TUCSON,"2010-04-20 13:57:00",OTHER_97,NO_IMPROPER_ACTION,,
2408500,2,SIDESWIPE_SAME_DIRECTION,-110.875098593677,32.206894457757,3,FOUR_WAY_INTERSECTION,SIDESWIPE_SAME_DIRECTION,TUCSON,"2010-04-19 10:22:00",NO_IMPROPER_ACTION,FAILED_TO_YIELD_RIGHT_OF_WAY_103,,
2408582,2,ANGLE_FRONT_TO_SIDE,-110.879993855172,32.2361887892855,4,NOT_AT_INTERSECTION_0,ANGLE_FRONT_TO_SIDE,TUCSON,"2010-04-17 14:37:00",OTHER_97,NO_IMPROPER_ACTION,,
2408630,2,ANGLE_FRONT_TO_SIDE,-112.073783141031,33.4766509120767,3,FOUR_WAY_INTERSECTION,ANGLE_FRONT_TO_SIDE,PHOENIX,"2010-04-25 17:41:00",NO_IMPROPER_ACTION,DISREGARDED_TRAFFIC_SIGNAL,,
2408634,2,ANGLE_FRONT_TO_SIDE,-112.195099675388,33.4731756419422,3,T_INTERSECTION,ANGLE_FRONT_TO_SIDE,PHOENIX,"2010-04-25 18:20:00",FAILED_TO_YIELD_RIGHT_OF_WAY_103,NOT_APPLICABLE_MINUS_1+NOT_APPLICABLE_MINUS_1+NOT_APPLICABLE_MINUS_1+NOT_APPLICABLE_MINUS_1+NO_IMPROPER_ACTION+NOT_APPLICABLE_MINUS_1,,
2408647,2,HEAD_ON,-110.963362072607,32.2522361432733,3,ROUNDABOUT,HEAD_ON,TUCSON,"2010-04-14 14:21:00",DROVE_RODE_IN_OPPOSING_TRAFFIC_LANE,NO_IMPROPER_ACTION,,
2408661,2,OTHER_97,-110.96095414648,32.2548696692475,3,NOT_AT_INTERSECTION_0,OTHER_97,TUCSON,"2010-04-12 11:28:00",NO_IMPROPER_ACTION,NOT_APPLICABLE_MINUS_1+FAILED_TO_YIELD_RIGHT_OF_WAY_103+NOT_APPLICABLE_MINUS_1+NOT_APPLICABLE_MINUS_1+NOT_APPLICABLE_MINUS_1,,
2408669,2,ANGLE_FRONT_TO_SIDE,-110.828933453903,32.1773802097123,2,T_INTERSECTION,ANGLE_FRONT_TO_SIDE,TUCSON,"2010-04-12 07:15:00",DROVE_RODE_IN_OPPOSING_TRAFFIC_LANE,NO_IMPROPER_ACTION,,
2408781,2,OTHER_97,-110.968583039439,32.2185811564614,4,FOUR_WAY_INTERSECTION,OTHER_97,TUCSON,"2010-04-12 16:03:00",NO_IMPROPER_ACTION,NOT_APPLICABLE_MINUS_1+FAILED_TO_YIELD_RIGHT_OF_WAY_103,,
2408867,2,ANGLE_FRONT_TO_SIDE,-111.97834345318,33.4035301248933,2,FOUR_WAY_INTERSECTION,ANGLE_FRONT_TO_SIDE,PHOENIX,"2010-04-22 07:44:00",DISREGARDED_TRAFFIC_SIGNAL,NO_IMPROPER_ACTION,,
2408881,2,ANGLE_FRONT_TO_SIDE,-112.118082704828,33.5530908966945,2,NOT_AT_INTERSECTION_0,ANGLE_FRONT_TO_SIDE,PHOENIX,"2010-04-23 10:07:00",OTHER_97,NO_IMPROPER_ACTION,,
2408898,2,OTHER_97,-112.047651482903,33.5382370131289,3,LEGACY_INTERSECTION_RELATED_PRIOR_2009_98,OTHER_97,PHOENIX,"2010-05-21 11:25:00",NO_IMPROPER_ACTION,NOT_APPLICABLE_MINUS_1+FAILED_TO_YIELD_RIGHT_OF_WAY_103,,
2408900,2,OTHER_97,-112.134435670678,33.6475456108274,3,LEGACY_INTERSECTION_RELATED_PRIOR_2009_98,OTHER_97,PHOENIX,"2010-05-21 19:40:00",FAILED_TO_YIELD_RIGHT_OF_WAY_103,NO_IMPROPER_ACTION,,
2408901,2,OTHER_97,-112.1136027936,33.4805326391864,3,LEGACY_INTERSECTION_RELATED_PRIOR_2009_98,OTHER_97,PHOENIX,"2010-05-18 17:07:00",DROVE_RODE_IN_OPPOSING_TRAFFIC_LANE,NO_IMPROPER_ACTION,,
2408902,2,OTHER_97,-112.222528941898,33.4800640703725,2,UNKNOWN_99,OTHER_97,PHOENIX,"2010-05-21 08:20:00",OTHER_97,UNKNOWN_99,,
2408947,2,HEAD_ON,-112.094926321303,33.4031086515974,2,FOUR_WAY_INTERSECTION,HEAD_ON,PHOENIX,"2010-04-28 07:10:00",NO_IMPROPER_ACTION,FAILED_TO_YIELD_RIGHT_OF_WAY_103,,
2408958,2,LEFT_TURN,-112.099701052769,33.5224500496183,1,NOT_AT_INTERSECTION_0,LEFT_TURN,PHOENIX,"2010-04-28 16:34:00",OTHER_97,NO_IMPROPER_ACTION,,
2409000,2,OTHER_97,-112.139433535285,33.5304615855143,4,NOT_AT_INTERSECTION_0,OTHER_97,PHOENIX,"2010-04-20 15:42:00",INATTENTION_DISTRACTION,NO_IMPROPER_ACTION,,
2409036,2,LEFT_TURN,-112.056223507672,33.5237213186119,3,FOUR_WAY_INTERSECTION,LEFT_TURN,PHOENIX,"2010-04-23 11:18:00",OTHER_97,NO_IMPROPER_ACTION,,
2409060,2,SIDESWIPE_SAME_DIRECTION,-111.648814408282,34.9415724794069,3,NOT_AT_INTERSECTION_0,SIDESWIPE_SAME_DIRECTION,UNSPECIFIED_999,"2010-04-24 15:30:00",DROVE_RODE_IN_OPPOSING_TRAFFIC_LANE,NOT_APPLICABLE_MINUS_1+NO_IMPROPER_ACTION,,
2409079,2,SIDESWIPE_SAME_DIRECTION,-111.012053258232,32.2943616590932,1,FOUR_WAY_INTERSECTION,SIDESWIPE_SAME_DIRECTION,UNSPECIFIED_999,"2010-04-29 17:13:00",NO_IMPROPER_ACTION,NO_IMPROPER_ACTION,,
2409093,2,LEFT_TURN,-112.030161378794,33.4514374743883,1,FOUR_WAY_INTERSECTION,LEFT_TURN,PHOENIX,"2010-04-30 14:20:00",INATTENTION_DISTRACTION,NO_IMPROPER_ACTION,,
2409285,2,OTHER_97,-111.636191319211,33.4150938662013,2,FOUR_WAY_INTERSECTION,OTHER_97,UNSPECIFIED_999,"2010-04-08 07:04:00",DISREGARDED_TRAFFIC_SIGNAL,NO_IMPROPER_ACTION,,
2409310,2,OTHER_97,-112.186731354777,33.56751211404,2,NOT_AT_INTERSECTION_0,OTHER_97,GLENDALE,"2010-04-19 08:26:00",NO_IMPROPER_ACTION,NO_IMPROPER_ACTION,,
2409313,2,ANGLE_FRONT_TO_SIDE,-112.195920630922,33.6601476823903,2,T_INTERSECTION,ANGLE_FRONT_TO_SIDE,GLENDALE,"2010-04-13 16:52:00",DROVE_RODE_IN_OPPOSING_TRAFFIC_LANE,NO_IMPROPER_ACTION,,
2409358,2,ANGLE_FRONT_TO_SIDE,-112.169001367392,33.5675707773551,2,FOUR_WAY_INTERSECTION,ANGLE_FRONT_TO_SIDE,GLENDALE,"2010-04-21 15:26:00",INATTENTION_DISTRACTION,INATTENTION_DISTRACTION,,
2409371,2,ANGLE_FRONT_TO_SIDE,-111.928358490002,33.3538424145886,4,T_INTERSECTION,ANGLE_FRONT_TO_SIDE,TEMPE,"2010-04-27 07:44:00",OTHER_97,NO_IMPROPER_ACTION,123,0.00279348855470154
2409419,2,ANGLE_FRONT_TO_SIDE,-112.18623237991,33.5716573849752,1,FOUR_WAY_INTERSECTION,ANGLE_FRONT_TO_SIDE,GLENDALE,"2010-04-22 06:58:00",NO_IMPROPER_ACTION,FAILED_TO_YIELD_RIGHT_OF_WAY_103,,
2409433,2,ANGLE_FRONT_TO_SIDE,-112.186123116189,33.5819280911971,3,FOUR_WAY_INTERSECTION,ANGLE_FRONT_TO_SIDE,GLENDALE,"2010-04-18 16:56:00",DISREGARDED_TRAFFIC_SIGNAL,NOT_APPLICABLE_MINUS_1+NO_IMPROPER_ACTION,,
2409458,2,SIDESWIPE_SAME_DIRECTION,-110.935313945241,32.2279231380118,3,FOUR_WAY_INTERSECTION,SIDESWIPE_SAME_DIRECTION,TUCSON,"2010-04-21 12:11:00",UNKNOWN_99,UNKNOWN_99,,
2409552,2,ANGLE_FRONT_TO_SIDE,-110.87078526511,32.2069385619823,3,FOUR_WAY_INTERSECTION,ANGLE_FRONT_TO_SIDE,TUCSON,"2010-04-21 17:27:00",DROVE_RODE_IN_OPPOSING_TRAFFIC_LANE,NO_IMPROPER_ACTION,,
2409624,2,ANGLE_FRONT_TO_SIDE,-110.909616202626,32.2316434372494,3,T_INTERSECTION,ANGLE_FRONT_TO_SIDE,TUCSON,"2010-04-26 15:24:00",NO_IMPROPER_ACTION,NOT_APPLICABLE_MINUS_1+NOT_APPLICABLE_MINUS_1+DISREGARDED_TRAFFIC_SIGNAL,,
2409625,2,REAR_END,-112.003347750811,33.6153836309584,3,NOT_AT_INTERSECTION_0,REAR_END,PHOENIX,"2010-04-29 18:39:00",DROVE_RODE_IN_OPPOSING_TRAFFIC_LANE,SPEED_TOO_FAST_FOR_CONDITIONS,,
2409644,2,ANGLE_FRONT_TO_SIDE,-112.073753530274,33.5091341298388,2,FOUR_WAY_INTERSECTION,ANGLE_FRONT_TO_SIDE,PHOENIX,"2010-04-29 23:03:00",OTHER_97,FAILED_TO_YIELD_RIGHT_OF_WAY_103,,
2409677,2,OTHER_97,-112.2204293664,33.4912720835131,3,LEGACY_INTERSECTION_RELATED_PRIOR_2009_98,OTHER_97,PHOENIX,"2010-05-24 10:08:00",OTHER_97,NO_IMPROPER_ACTION,,
2409709,2,HEAD_ON,-110.813239690855,32.1805537401605,4,T_INTERSECTION,HEAD_ON,TUCSON,"2010-04-26 16:03:00",FAILED_TO_YIELD_RIGHT_OF_WAY_103,SPEED_TOO_FAST_FOR_CONDITIONS,,
2409826,2,ANGLE_FRONT_TO_SIDE,-112.004492810786,33.0731461646823,1,T_INTERSECTION,ANGLE_FRONT_TO_SIDE,MARICOPA,"2010-04-09 06:46:00",NO_IMPROPER_ACTION,INATTENTION_DISTRACTION,,
2409970,2,LEFT_TURN,-112.358461199404,33.6617390707762,1,NOT_AT_INTERSECTION_0,LEFT_TURN,UNSPECIFIED_999,"2010-04-05 11:39:00",NO_IMPROPER_ACTION,FAILED_TO_YIELD_RIGHT_OF_WAY_103,,
2410024,2,ANGLE_FRONT_TO_SIDE,-112.202955922559,33.6528486415897,1,FOUR_WAY_INTERSECTION,ANGLE_FRONT_TO_SIDE,GLENDALE,"2010-04-28 15:45:00",UNKNOWN_99,NO_IMPROPER_ACTION+NOT_APPLICABLE_MINUS_1,,
2410048,2,HEAD_ON,-112.177063532364,35.2620191567198,3,NOT_AT_INTERSECTION_0,HEAD_ON,WILLIAMS,"2010-04-02 13:51:00",DROVE_RODE_IN_OPPOSING_TRAFFIC_LANE,INATTENTION_DISTRACTION,,
2410083,2,ANGLE_FRONT_TO_SIDE,-111.980335860447,33.3009375841242,3,NOT_AT_INTERSECTION_0,ANGLE_FRONT_TO_SIDE,PHOENIX,"2010-04-29 14:40:00",INATTENTION_DISTRACTION,NO_IMPROPER_ACTION,,
2410120,2,OTHER_97,-112.369785696427,33.3820965683912,2,NOT_AT_INTERSECTION_0,OTHER_97,GOODYEAR,"2010-04-04 18:05:00",UNKNOWN_99,NO_IMPROPER_ACTION,,
2410182,2,LEFT_TURN,-112.3206822556,33.3755197283003,3,NOT_AT_INTERSECTION_0,LEFT_TURN,AVONDALE,"2010-04-10 13:01:00",FAILED_TO_KEEP_IN_PROPER_LANE,NO_IMPROPER_ACTION,,
2410199,2,ANGLE_FRONT_TO_SIDE,-111.806935574594,33.3064023012496,3,NOT_AT_INTERSECTION_0,ANGLE_FRONT_TO_SIDE,CHANDLER,"2010-04-06 05:42:00",NO_IMPROPER_ACTION,INATTENTION_DISTRACTION,,
2410264,2,SIDESWIPE_SAME_DIRECTION,-111.902511104723,33.3201866865908,1,FOUR_WAY_INTERSECTION,SIDESWIPE_SAME_DIRECTION,CHANDLER,"2010-04-21 14:42:00",DROVE_RODE_IN_OPPOSING_TRAFFIC_LANE,NOT_APPLICABLE_MINUS_1+NO_IMPROPER_ACTION,,
2410268,2,ANGLE_FRONT_TO_SIDE,-111.876508591151,33.354341326721,3,T_INTERSECTION,ANGLE_FRONT_TO_SIDE,CHANDLER,"2010-04-21 07:38:00",OTHER_97,NO_IMPROPER_ACTION,,
2410294,2,ANGLE_FRONT_TO_SIDE,-111.894480042942,33.3225931491349,2,T_INTERSECTION,ANGLE_FRONT_TO_SIDE,CHANDLER,"2010-04-28 16:32:00",DROVE_RODE_IN_OPPOSING_TRAFFIC_LANE,INATTENTION_DISTRACTION,,
2410417,2,ANGLE_FRONT_TO_SIDE,-111.975814177049,33.4944911078801,2,T_INTERSECTION,ANGLE_FRONT_TO_SIDE,PHOENIX,"2010-04-30 07:55:00",FAILED_TO_YIELD_RIGHT_OF_WAY_103,NO_IMPROPER_ACTION+NOT_APPLICABLE_MINUS_1,,
2410445,2,ANGLE_FRONT_TO_SIDE,-111.91113465749,33.3113840947024,4,FOUR_WAY_INTERSECTION,ANGLE_FRONT_TO_SIDE,CHANDLER,"2010-04-14 14:01:00",OTHER_97,NO_IMPROPER_ACTION,,
2410469,2,LEFT_TURN,-112.120382492836,33.6252616240507,2,FOUR_WAY_INTERSECTION,LEFT_TURN,PHOENIX,"2010-04-01 16:09:00",DISREGARDED_TRAFFIC_SIGNAL,NO_IMPROPER_ACTION,,
2410543,2,ANGLE_FRONT_TO_SIDE,-112.069995995617,33.4067148865282,4,T_INTERSECTION,ANGLE_FRONT_TO_SIDE,PHOENIX,"2010-04-03 13:30:00",DID_NOT_USE_CROSSWALK,NO_IMPROPER_ACTION,,
2410678,2,ANGLE_FRONT_TO_SIDE,-112.134223822064,33.5167325088013,4,FOUR_WAY_INTERSECTION,ANGLE_FRONT_TO_SIDE,PHOENIX,"2010-04-01 15:42:00",DROVE_RODE_IN_OPPOSING_TRAFFIC_LANE,NO_IMPROPER_ACTION,,
2410725,2,OTHER_97,-111.841511762918,33.3125183039882,1,T_INTERSECTION,OTHER_97,CHANDLER,"2010-04-09 17:21:00",NO_IMPROPER_ACTION,FAILED_TO_YIELD_RIGHT_OF_WAY_103,,
2410732,2,ANGLE_FRONT_TO_SIDE,-111.873616998214,33.3205813073546,1,T_INTERSECTION,ANGLE_FRONT_TO_SIDE,CHANDLER,"2010-04-28 10:46:00",OTHER_97,NO_IMPROPER_ACTION,,
2410749,2,SIDESWIPE_SAME_DIRECTION,-112.077720384546,33.4514022045136,1,FOUR_WAY_INTERSECTION,SIDESWIPE_SAME_DIRECTION,PHOENIX,"2010-04-05 18:02:00",INATTENTION_DISTRACTION,NOT_APPLICABLE_MINUS_1+NOT_APPLICABLE_MINUS_1+NOT_APPLICABLE_MINUS_1+NOT_APPLICABLE_MINUS_1+NOT_APPLICABLE_MINUS_1+NOT_APPLICABLE_MINUS_1+NO_IMPROPER_ACTION+NOT_APPLICABLE_MINUS_1,,