IncidentID,num_vehicles_involved,eCollisionManner,Longitude,Latitude,InjurySeverity,eIntersectionType,eCollisionManner,city_name,IncidentDateTime,cyclist_citations,driver_citations,nearest_count_site,distance_to_nearest_count_site
2415650,2,ANGLE_FRONT_TO_SIDE,-112.186348306141,33.6489861663191,2,FOUR_WAY_INTERSECTION,ANGLE_FRONT_TO_SIDE,GLENDALE,"2010-05-29 12:00:00",FAILED_TO_YIELD_RIGHT_OF_WAY_103,NO_IMPROPER_ACTION,,
2415685,2,ANGLE_FRONT_TO_SIDE,-112.202853241109,33.5780648779275,2,FOUR_WAY_INTERSECTION,ANGLE_FRONT_TO_SIDE,GLENDALE,"2010-05-24 16:26:00",WALKED_ON_WRONG_SIDE_OF_ROAD,NO_IMPROPER_ACTION,,
2415865,2,ANGLE_FRONT_TO_SIDE,-111.832749463023,33.4005561060884,2,T_INTERSECTION,ANGLE_FRONT_TO_SIDE,MESA,"2010-05-25 19:14:00",DROVE_RODE_IN_OPPOSING_TRAFFIC_LANE,NO_IMPROPER_ACTION,,
2415878,2,OTHER_97,-111.650726601633,35.1968860916371,1,NOT_AT_INTERSECTION_0,OTHER_97,FLAGSTAFF,"2010-05-27 10:14:00",FAILED_TO_YIELD_RIGHT_OF_WAY_103,UNKNOWN_99,,
2415894,2,ANGLE_FRONT_TO_SIDE,-112.073813097798,33.4482410804499,3,NOT_AT_INTERSECTION_0,ANGLE_FRONT_TO_SIDE,GLENDALE,"2010-05-03 17:39:00",DROVE_RODE_IN_OPPOSING_TRAFFIC_LANE,NO_IMPROPER_ACTION,,
2415916,2,ANGLE_FRONT_TO_SIDE,-112.203135222335,33.5165676509347,1,FOUR_WAY_INTERSECTION,ANGLE_FRONT_TO_SIDE,GLENDALE,"2010-05-11 09:17:00",OTHER_97,NO_IMPROPER_ACTION+NOT_APPLICABLE_MINUS_1,,
2415921,2,ANGLE_FRONT_TO_SIDE,-112.203110409248,33.5211382095917,1,NOT_AT_INTERSECTION_0,ANGLE_FRONT_TO_SIDE,GLENDALE,"2010-05-14 17:24:00",NO_IMPROPER_ACTION,NO_IMPROPER_ACTION,,
2415971,2,ANGLE_FRONT_TO_SIDE,-112.198219466438,33.5962254230524,1,FOUR_WAY_INTERSECTION,ANGLE_FRONT_TO_SIDE,GLENDALE,"2010-05-13 15:11:00",OTHER_UNSAFE_PASSING,NO_IMPROPER_ACTION,,
2415977,2,ANGLE_FRONT_TO_SIDE,-112.151530300982,33.5172317121478,1,NOT_AT_INTERSECTION_0,ANGLE_FRONT_TO_SIDE,PHOENIX,"2010-05-13 18:15:00",NO_IMPROPER_ACTION,UNKNOWN_99,,
2416014,2,ANGLE_FRONT_TO_SIDE,-112.174947208907,33.5349527599184,3,FOUR_WAY_INTERSECTION,ANGLE_FRONT_TO_SIDE,GLENDALE,"2010-05-29 14:20:00",RAN_STOP_SIGN,NO_IMPROPER_ACTION,,
2416023,2,ANGLE_FRONT_TO_SIDE,-112.186123116189,33.5819280911971,2,FOUR_WAY_INTERSECTION,ANGLE_FRONT_TO_SIDE,GLENDALE,"2010-05-25 18:47:00",OTHER_97,NO_IMPROPER_ACTION+NOT_APPLICABLE_MINUS_1,,
2416050,2,ANGLE_FRONT_TO_SIDE,-112.220480713187,33.52337512913,2,FOUR_WAY_INTERSECTION,ANGLE_FRONT_TO_SIDE,GLENDALE,"2010-05-29 19:10:00",DROVE_RODE_IN_OPPOSING_TRAFFIC_LANE,NO_IMPROPER_ACTION,,
2416074,2,ANGLE_FRONT_TO_SIDE,-111.886283438557,33.5825491359813,3,FOUR_WAY_INTERSECTION,ANGLE_FRONT_TO_SIDE,SCOTTSDALE,"2010-05-23 16:44:00",DROVE_RODE_IN_OPPOSING_TRAFFIC_LANE,OTHER_97,,
2416078,2,ANGLE_FRONT_TO_SIDE,-112.211725804548,33.5381611004585,3,FOUR_WAY_INTERSECTION,ANGLE_FRONT_TO_SIDE,GLENDALE,"2010-05-25 16:50:00",DROVE_RODE_IN_OPPOSING_TRAFFIC_LANE,NOT_APPLICABLE_MINUS_1+NOT_APPLICABLE_MINUS_1+NOT_APPLICABLE_MINUS_1+NO_IMPROPER_ACTION,,
2416108,2,ANGLE_FRONT_TO_SIDE,-112.169486101777,33.6544936269155,3,T_INTERSECTION,ANGLE_FRONT_TO_SIDE,GLENDALE,"2010-05-26 20:15:00",UNKNOWN_99,UNKNOWN_99,,
2416153,2,SIDESWIPE_OPPOSITE_DIRECTION,-111.946882544953,33.421896365856,3,NOT_AT_INTERSECTION_0,SIDESWIPE_OPPOSITE_DIRECTION,TEMPE,"2010-05-30 13:21:00",DROVE_RODE_IN_OPPOSING_TRAFFIC_LANE,NOT_APPLICABLE_MINUS_1+NO_IMPROPER_ACTION,120,0.000222466263808115
2416165,2,LEFT_TURN,-112.198876473835,33.588185733757,1,NOT_AT_INTERSECTION_0,LEFT_TURN,GLENDALE,"2010-05-31 14:16:00",FAILED_TO_YIELD_RIGHT_OF_WAY_103,NO_IMPROPER_ACTION,,
2416170,2,SIDESWIPE_SAME_DIRECTION,-112.189058377184,35.2535437818226,3,NOT_AT_INTERSECTION_0,SIDESWIPE_SAME_DIRECTION,WILLIAMS,"2010-05-31 16:54:00",UNKNOWN_99,UNKNOWN_99,,
2416180,2,LEFT_TURN,-112.009162392331,34.7285918996939,1,FOUR_WAY_INTERSECTION,LEFT_TURN,COTTONWOOD,"2010-05-13 16:05:00",NO_IMPROPER_ACTION,INATTENTION_DISTRACTION,,
2416304,2,REAR_END,-111.976966957081,33.4510881987027,5,NOT_REPORTED_255,REAR_END,PHOENIX,"2010-11-14 04:34:00",NO_IMPROPER_ACTION,SPEED_TOO_FAST_FOR_CONDITIONS,,
2416307,2,ANGLE_FRONT_TO_SIDE,-111.773938432119,33.4226731680418,3,NOT_AT_INTERSECTION_0,ANGLE_FRONT_TO_SIDE,MESA,"2010-05-27 10:14:00",INATTENTION_DISTRACTION,NO_IMPROPER_ACTION+NOT_APPLICABLE_MINUS_1+NOT_APPLICABLE_MINUS_1,,
2416314,2,LEFT_TURN,-111.941884656032,33.5420323036824,4,NOT_AT_INTERSECTION_0,LEFT_TURN,"PARADISE VALLEY","2010-05-03 11:45:00",NO_IMPROPER_ACTION,FAILED_TO_YIELD_RIGHT_OF_WAY_103,,
2416539,3,ANGLE_FRONT_TO_SIDE,-111.798291109898,33.3499241439092,2,FOUR_WAY_INTERSECTION,ANGLE_FRONT_TO_SIDE,GILBERT,"2010-05-25 15:09:00",NO_IMPROPER_ACTION+NO_IMPROPER_ACTION,INATTENTION_DISTRACTION,,
2416558,2,UNKNOWN_99,-111.738406826144,33.3502428975755,3,FOUR_WAY_INTERSECTION,UNKNOWN_99,GILBERT,"2010-05-29 07:32:00",UNKNOWN_99,OTHER_97,,
2416567,2,ANGLE_FRONT_TO_SIDE,-111.919933925464,33.3673486505904,2,FOUR_WAY_INTERSECTION,ANGLE_FRONT_TO_SIDE,TEMPE,"2010-05-28 07:35:00",DROVE_RODE_IN_OPPOSING_TRAFFIC_LANE,NO_IMPROPER_ACTION,150,0.00370418218721791
2416655,2,SIDESWIPE_SAME_DIRECTION,-111.649055899913,35.2005517399392,2,NOT_AT_INTERSECTION_0,SIDESWIPE_SAME_DIRECTION,FLAGSTAFF,"2010-05-20 07:40:00",NO_IMPROPER_ACTION,INATTENTION_DISTRACTION+NOT_APPLICABLE_MINUS_1,,
2416673,2,ANGLE_FRONT_TO_SIDE,-111.897245668544,33.4074921147051,3,NOT_AT_INTERSECTION_0,ANGLE_FRONT_TO_SIDE,TEMPE,"2010-05-03 15:00:00",DROVE_RODE_IN_OPPOSING_TRAFFIC_LANE,NO_IMPROPER_ACTION,,
2416738,2,OTHER_97,-111.668211467223,35.1827594595053,3,NOT_AT_INTERSECTION_0,OTHER_97,FLAGSTAFF,"2010-05-19 18:55:00",OTHER_97,NO_IMPROPER_ACTION,,
2416739,2,ANGLE_FRONT_TO_SIDE,-111.951970431802,33.3928536766562,2,FOUR_WAY_INTERSECTION,ANGLE_FRONT_TO_SIDE,TEMPE,"2010-05-19 07:38:00",NO_IMPROPER_ACTION,FAILED_TO_YIELD_RIGHT_OF_WAY_103,143,2.95816326068976e-05
2416769,3,ANGLE_FRONT_TO_SIDE,-112.482058415792,34.5576868434698,4,FOUR_WAY_INTERSECTION,ANGLE_FRONT_TO_SIDE,PRESCOTT,"2010-05-30 10:59:00",DISREGARDED_TRAFFIC_SIGNAL+DISREGARDED_TRAFFIC_SIGNAL,NO_IMPROPER_ACTION,,
2417116,2,SIDESWIPE_SAME_DIRECTION,-112.312035992237,34.5971650968174,2,NOT_AT_INTERSECTION_0,SIDESWIPE_SAME_DIRECTION,"PRESCOTT VALLEY","2010-05-14 16:28:00",MADE_IMPROPER_TURN,NO_IMPROPER_ACTION,,
2417137,2,SIDESWIPE_SAME_DIRECTION,-109.287322285371,34.1194538010748,2,FOUR_WAY_INTERSECTION,SIDESWIPE_SAME_DIRECTION,EAGAR,"2010-05-17 06:20:00",NO_IMPROPER_ACTION,NOT_APPLICABLE_MINUS_1+INATTENTION_DISTRACTION,,
2417138,2,ANGLE_FRONT_TO_SIDE,-112.073813097798,33.4482410804499,3,T_INTERSECTION,ANGLE_FRONT_TO_SIDE,SCOTTSDALE,"2010-05-31 12:54:00",DROVE_RODE_IN_OPPOSING_TRAFFIC_LANE,NO_IMPROPER_ACTION,,
2417313,2,OTHER_97,-110.158076049318,34.9091095998185,2,FOUR_WAY_INTERSECTION,OTHER_97,HOLBROOK,"2010-05-14 12:55:00",FAILED_TO_KEEP_IN_PROPER_LANE,RAN_STOP_SIGN,,
2417438,2,OTHER_97,-112.030216873315,33.4625589536533,2,FOUR_WAY_INTERSECTION,OTHER_97,PHOENIX,"2010-04-14 17:14:00",DROVE_RODE_IN_OPPOSING_TRAFFIC_LANE,NO_IMPROPER_ACTION+NOT_APPLICABLE_MINUS_1,,
2417533,2,ANGLE_FRONT_TO_SIDE,-110.282042803205,31.5559550366508,3,NOT_AT_INTERSECTION_0,ANGLE_FRONT_TO_SIDE,"SIERRA VISTA","2010-05-29 11:46:00",FAILED_TO_YIELD_RIGHT_OF_WAY_103,NO_IMPROPER_ACTION,,
2417652,2,ANGLE_FRONT_TO_SIDE,-111.920621529041,33.4075070316745,3,NOT_AT_INTERSECTION_0,ANGLE_FRONT_TO_SIDE,TEMPE,"2010-05-19 12:33:00",FAILED_TO_YIELD_RIGHT_OF_WAY_103,NO_IMPROPER_ACTION,,
2417767,2,ANGLE_FRONT_TO_SIDE,-110.790216315105,32.1110580945344,3,T_INTERSECTION,ANGLE_FRONT_TO_SIDE,TUCSON,"2010-05-01 19:49:00",FAILED_TO_YIELD_RIGHT_OF_WAY_103,NO_IMPROPER_ACTION,,
2418144,2,ANGLE_FRONT_TO_SIDE,-111.857313761513,33.3881474671883,1,FOUR_WAY_INTERSECTION,ANGLE_FRONT_TO_SIDE,MESA,"2010-06-01 16:26:00",OTHER_97,NOT_APPLICABLE_MINUS_1+UNKNOWN_99,,
2418246,2,ANGLE_FRONT_TO_SIDE,-112.111909279924,33.5095332755027,2,FOUR_WAY_INTERSECTION,ANGLE_FRONT_TO_SIDE,PHOENIX,"2010-04-28 15:32:00",DISREGARDED_TRAFFIC_SIGNAL,NO_IMPROPER_ACTION,,
2418374,2,OTHER_97,-110.968602639172,32.227702782812,4,FOUR_WAY_INTERSECTION,OTHER_97,TUCSON,"2010-05-06 15:32:00",OTHER_97,INATTENTION_DISTRACTION,,
2418496,2,ANGLE_FRONT_TO_SIDE,-110.933167270329,32.2557842014282,3,FOUR_WAY_INTERSECTION,ANGLE_FRONT_TO_SIDE,TUCSON,"2010-05-07 18:19:00",RAN_STOP_SIGN,NO_IMPROPER_ACTION,,
2418649,2,ANGLE_FRONT_TO_SIDE,-110.823746312783,32.206431431512,4,FOUR_WAY_INTERSECTION,ANGLE_FRONT_TO_SIDE,TUCSON,"2010-06-30 15:54:00",DISREGARDED_TRAFFIC_SIGNAL,NO_IMPROPER_ACTION+NOT_APPLICABLE_MINUS_1,,
2419008,2,UNKNOWN_99,-112.181873863355,33.5385547146752,1,UNKNOWN_99,UNKNOWN_99,GLENDALE,"2010-06-08 18:01:00",OTHER_97,INATTENTION_DISTRACTION,,
2419117,2,OTHER_97,-112.220275680221,33.6382194224234,1,FOUR_WAY_INTERSECTION,OTHER_97,GLENDALE,"2010-06-30 22:00:00",NO_IMPROPER_ACTION,UNKNOWN_99,,
2419165,2,ANGLE_FRONT_TO_SIDE,-112.185838442544,33.6107447564339,3,FOUR_WAY_INTERSECTION,ANGLE_FRONT_TO_SIDE,GLENDALE,"2010-06-08 08:30:00",NO_IMPROPER_ACTION,FAILED_TO_YIELD_RIGHT_OF_WAY_103,,
2419205,2,ANGLE_FRONT_TO_SIDE,-112.151506799742,33.5221151942818,3,T_INTERSECTION,ANGLE_FRONT_TO_SIDE,PHOENIX,"2010-06-10 16:10:00",NO_IMPROPER_ACTION,UNKNOWN_99,,
2419453,2,ANGLE_FRONT_TO_SIDE,-112.203005930144,33.6646606084465,2,NOT_AT_INTERSECTION_0,ANGLE_FRONT_TO_SIDE,GLENDALE,"2010-06-15 19:17:00",OTHER_97,NOT_APPLICABLE_MINUS_1+NO_IMPROPER_ACTION+NOT_APPLICABLE_MINUS_1,,
2419595,2,LEFT_TURN,-112.186288215744,33.5240506715589,1,FOUR_WAY_INTERSECTION,LEFT_TURN,GLENDALE,"2010-06-23 19:49:00",INATTENTION_DISTRACTION,INATTENTION_DISTRACTION,,
2419672,2,ANGLE_FRONT_TO_SIDE,-111.858547595381,33.2619066058061,3,NOT_AT_INTERSECTION_0,ANGLE_FRONT_TO_SIDE,CHANDLER,"2010-06-02 16:06:00",DROVE_RODE_IN_OPPOSING_TRAFFIC_LANE,INATTENTION_DISTRACTION,,
2419756,2,ANGLE_FRONT_TO_SIDE,-112.073813097798,33.4482410804499,2,FOUR_WAY_INTERSECTION,ANGLE_FRONT_TO_SIDE,KINGMAN,"2010-06-01 15:20:00",NO_IMPROPER_ACTION,FAILED_TO_YIELD_RIGHT_OF_WAY_103,,
2419806,2,LEFT_TURN,-111.869533512686,33.2604281186286,2,T_INTERSECTION,LEFT_TURN,CHANDLER,"2010-06-03 11:02:00",NO_IMPROPER_ACTION,FAILED_TO_YIELD_RIGHT_OF_WAY_103,,
2419879,2,OTHER_97,-111.719002786856,33.4373489833206,2,FOUR_WAY_INTERSECTION,OTHER_97,MESA,"2010-06-09 10:08:00",UNKNOWN_99,UNKNOWN_99,,
2419909,2,ANGLE_FRONT_TO_SIDE,-111.874590280077,33.3981223423439,3,NOT_AT_INTERSECTION_0,ANGLE_FRONT_TO_SIDE,MESA,"2010-06-08 16:40:00",NO_IMPROPER_ACTION,INATTENTION_DISTRACTION,,
2419913,2,HEAD_ON,-111.719051988707,33.4301043108377,2,FOUR_WAY_INTERSECTION,HEAD_ON,MESA,"2010-06-03 13:34:00",DISREGARDED_TRAFFIC_SIGNAL,NO_IMPROPER_ACTION,,
2419932,2,ANGLE_FRONT_TO_SIDE,-111.719051988707,33.4301043108377,2,FOUR_WAY_INTERSECTION,ANGLE_FRONT_TO_SIDE,MESA,"2010-06-03 13:17:00",DISREGARDED_TRAFFIC_SIGNAL,NO_IMPROPER_ACTION,,
2419956,2,LEFT_TURN,-111.839924969249,33.4309855559033,2,FOUR_WAY_INTERSECTION,LEFT_TURN,MESA,"2010-06-10 07:46:00",NO_IMPROPER_ACTION,FAILED_TO_YIELD_RIGHT_OF_WAY_103,,
2419960,2,SIDESWIPE_SAME_DIRECTION,-111.858999522777,33.2951192855464,2,NOT_AT_INTERSECTION_0,SIDESWIPE_SAME_DIRECTION,CHANDLER,"2010-06-12 07:07:00",NO_IMPROPER_ACTION,NOT_APPLICABLE_MINUS_1+OTHER_97,,
2419976,2,ANGLE_FRONT_TO_SIDE,-111.84101976562,33.3022994129444,3,FOUR_WAY_INTERSECTION,ANGLE_FRONT_TO_SIDE,CHANDLER,"2010-06-14 16:57:00",FAILED_TO_KEEP_IN_PROPER_LANE,NO_IMPROPER_ACTION,,
2419978,2,OTHER_97,-111.874587933653,33.3982824248831,1,T_INTERSECTION,OTHER_97,MESA,"2010-06-01 14:19:00",FAILED_TO_KEEP_IN_PROPER_LANE,NO_IMPROPER_ACTION,,
2420037,2,ANGLE_FRONT_TO_SIDE,-111.848398282993,33.422275528117,1,FOUR_WAY_INTERSECTION,ANGLE_FRONT_TO_SIDE,MESA,"2010-06-09 12:30:00",DROVE_RODE_IN_OPPOSING_TRAFFIC_LANE,NO_IMPROPER_ACTION,,
2420049,2,OTHER_97,-112.073813097798,33.4482410804499,1,FOUR_WAY_INTERSECTION,OTHER_97,FLAGSTAFF,"2010-06-05 06:43:00",NO_IMPROPER_ACTION,FAILED_TO_YIELD_RIGHT_OF_WAY_103,,
2420071,2,HEAD_ON,-112.233232842015,33.6867145840654,2,T_INTERSECTION,HEAD_ON,PEORIA,"2010-06-12 19:03:00",NO_IMPROPER_ACTION,NOT_APPLICABLE_MINUS_1+NOT_APPLICABLE_MINUS_1+NOT_APPLICABLE_MINUS_1+NOT_APPLICABLE_MINUS_1+OTHER_97,,
2420205,2,OTHER_97,-111.790536643349,34.8635871445121,1,FOUR_WAY_INTERSECTION,OTHER_97,SEDONA,"2010-06-04 17:17:00",UNKNOWN_99,INATTENTION_DISTRACTION,,
2420232,2,ANGLE_FRONT_TO_SIDE,-111.926158263849,33.4803561818774,3,FOUR_WAY_INTERSECTION,ANGLE_FRONT_TO_SIDE,SCOTTSDALE,"2010-06-08 18:20:00",DISREGARDED_TRAFFIC_SIGNAL,NO_IMPROPER_ACTION,,
2420272,2,ANGLE_FRONT_TO_SIDE,-111.909286474724,33.4512564752744,4,FOUR_WAY_INTERSECTION,ANGLE_FRONT_TO_SIDE,TEMPE,"2010-06-03 19:32:00",DISREGARDED_TRAFFIC_SIGNAL,NOT_APPLICABLE_MINUS_1+NO_IMPROPER_ACTION+NOT_APPLICABLE_MINUS_1,122,0.00374359919126267
2420278,2,ANGLE_FRONT_TO_SIDE,-111.830640975739,33.3089055712879,4,FOUR_WAY_INTERSECTION,ANGLE_FRONT_TO_SIDE,CHANDLER,"2010-06-17 15:31:00",RAN_STOP_SIGN,NO_IMPROPER_ACTION,,
2420299,2,REAR_END,-111.921771464228,33.4730557174954,3,NOT_AT_INTERSECTION_0,REAR_END,SCOTTSDALE,"2010-06-13 14:36:00",NO_IMPROPER_ACTION,NOT_APPLICABLE_MINUS_1+OTHER_97+NOT_APPLICABLE_MINUS_1,,
2420456,2,ANGLE_FRONT_TO_SIDE,-111.563379826535,33.4150657664015,3,FOUR_WAY_INTERSECTION,ANGLE_FRONT_TO_SIDE,"APACHE JUNCTION","2010-06-16 09:09:00",INATTENTION_DISTRACTION,NO_IMPROPER_ACTION,,
2420467,2,ANGLE_FRONT_TO_SIDE,-111.773627674881,33.3703382121677,3,FOUR_WAY_INTERSECTION,ANGLE_FRONT_TO_SIDE,GILBERT,"2010-06-15 16:15:00",DID_NOT_USE_CROSSWALK,NO_IMPROPER_ACTION,,
2420474,2,SIDESWIPE_SAME_DIRECTION,-111.696206068486,33.3649781400779,3,FOUR_WAY_INTERSECTION,SIDESWIPE_SAME_DIRECTION,GILBERT,"2010-06-14 07:16:00",NO_IMPROPER_ACTION,FAILED_TO_YIELD_RIGHT_OF_WAY_103,,
2420477,2,OTHER_97,-111.56352724503,33.4150656236714,4,NOT_AT_INTERSECTION_0,OTHER_97,"APACHE JUNCTION","2010-06-09 21:32:00",DID_NOT_USE_CROSSWALK,NO_IMPROPER_ACTION,,
2420491,2,ANGLE_FRONT_TO_SIDE,-112.073813097798,33.4482410804499,4,FOUR_WAY_INTERSECTION,ANGLE_FRONT_TO_SIDE,UNSPECIFIED_999,"2010-06-13 11:40:00",FAILED_TO_YIELD_RIGHT_OF_WAY_103,NOT_APPLICABLE_MINUS_1+NO_IMPROPER_ACTION,,
2420560,2,ANGLE_FRONT_TO_SIDE,-112.220090413324,33.6341723155257,3,T_INTERSECTION,ANGLE_FRONT_TO_SIDE,PEORIA,"2010-06-11 13:49:00",NO_IMPROPER_ACTION,FAILED_TO_YIELD_RIGHT_OF_WAY_103,,
2420567,2,ANGLE_FRONT_TO_SIDE,-111.840687579594,33.3152341522902,3,NOT_AT_INTERSECTION_0,ANGLE_FRONT_TO_SIDE,CHANDLER,"2010-06-27 13:41:00",FAILED_TO_YIELD_RIGHT_OF_WAY_103,NO_IMPROPER_ACTION,,
2420620,2,ANGLE_FRONT_TO_SIDE,-110.978772341383,32.2792423672075,3,NOT_AT_INTERSECTION_0,ANGLE_FRONT_TO_SIDE,TUCSON,"2010-06-22 18:17:00",NO_IMPROPER_ACTION,FAILED_TO_YIELD_RIGHT_OF_WAY_103,,
2420663,2,ANGLE_FRONT_TO_SIDE,-111.90905305484,33.4585369333301,2,FOUR_WAY_INTERSECTION,ANGLE_FRONT_TO_SIDE,SCOTTSDALE,"2010-06-09 12:11:00",NO_IMPROPER_ACTION,FAILED_TO_YIELD_RIGHT_OF_WAY_103,,
2420685,2,SIDESWIPE_SAME_DIRECTION,-110.84092703461,32.1773798275802,2,FOUR_WAY_INTERSECTION,SIDESWIPE_SAME_DIRECTION,TUCSON,"2010-06-24 14:35:00",OTHER_97,NO_IMPROPER_ACTION,,
2420719,2,SIDESWIPE_SAME_DIRECTION,-112.470644490868,34.5419298028471,2,NOT_AT_INTERSECTION_0,SIDESWIPE_SAME_DIRECTION,PRESCOTT,"2010-06-14 12:59:00",NO_IMPROPER_ACTION,OTHER_UNSAFE_PASSING,,
2420735,2,ANGLE_FRONT_TO_SIDE,-110.995831703192,32.3900757005515,3,T_INTERSECTION,ANGLE_FRONT_TO_SIDE,"ORO VALLEY","2010-06-16 06:57:00",DROVE_RODE_IN_OPPOSING_TRAFFIC_LANE,NO_IMPROPER_ACTION,,
2420774,2,SIDESWIPE_SAME_DIRECTION,-110.943929697438,32.2214559562543,3,FOUR_WAY_INTERSECTION,SIDESWIPE_SAME_DIRECTION,TUCSON,"2010-06-25 09:00:00",NO_IMPROPER_ACTION,FAILED_TO_YIELD_RIGHT_OF_WAY_103,,
2420937,2,LEFT_TURN,-111.668379870453,35.1842007724599,5,FOUR_WAY_INTERSECTION,LEFT_TURN,FLAGSTAFF,"2010-09-16 16:34:00",UNKNOWN_99,UNKNOWN_99,,
2420951,2,ANGLE_FRONT_TO_SIDE,-112.133598594799,33.3920644809635,2,FOUR_WAY_INTERSECTION,ANGLE_FRONT_TO_SIDE,PHOENIX,"2010-06-01 09:20:00",NO_IMPROPER_ACTION,FAILED_TO_YIELD_RIGHT_OF_WAY_103+NOT_APPLICABLE_MINUS_1,,
2420977,2,ANGLE_FRONT_TO_SIDE,-112.099677341027,33.5536499372356,2,NOT_AT_INTERSECTION_0,ANGLE_FRONT_TO_SIDE,PHOENIX,"2010-06-02 08:38:00",DROVE_RODE_IN_OPPOSING_TRAFFIC_LANE,NO_IMPROPER_ACTION+NOT_APPLICABLE_MINUS_1,,
2420990,2,UNKNOWN_99,-112.34087979777,33.5005460666948,3,NOT_AT_INTERSECTION_0,UNKNOWN_99,UNSPECIFIED_999,"2010-06-07 06:21:00",DROVE_RODE_IN_OPPOSING_TRAFFIC_LANE,FAILED_TO_YIELD_RIGHT_OF_WAY_103,,
2421009,2,ANGLE_FRONT_TO_SIDE,-111.841596869273,33.3199621640103,3,NOT_AT_INTERSECTION_0,ANGLE_FRONT_TO_SIDE,CHANDLER,"2010-06-04 12:08:00",OTHER_97,NO_IMPROPER_ACTION,,
2421178,2,REAR_END,-112.29869073361,33.6054723482006,1,NOT_AT_INTERSECTION_0,REAR_END,UNSPECIFIED_999,"2010-06-01 12:47:00",NO_IMPROPER_ACTION,NO_IMPROPER_ACTION,,
2421234,2,SIDESWIPE_SAME_DIRECTION,-110.277615467854,31.5546365479265,3,FOUR_WAY_INTERSECTION,SIDESWIPE_SAME_DIRECTION,"SIERRA VISTA","2010-06-15 10:53:00",FAILED_TO_YIELD_RIGHT_OF_WAY_103,NO_IMPROPER_ACTION,,
2421239,2,OTHER_97,-111.376643542149,33.0719908918822,1,NOT_AT_INTERSECTION_0,OTHER_97,UNSPECIFIED_999,"2010-06-19 04:35:00",NO_IMPROPER_ACTION,NO_IMPROPER_ACTION,,
2421257,2,REAR_END,-112.08286583247,33.3777327685911,2,T_INTERSECTION,REAR_END,PHOENIX,"2010-06-02 20:30:00",NO_IMPROPER_ACTION,UNKNOWN_99,,
2421361,2,ANGLE_FRONT_TO_SIDE,-111.878207661805,33.393050624645,1,FOUR_WAY_INTERSECTION,ANGLE_FRONT_TO_SIDE,MESA,"2010-06-21 12:08:00",OTHER_97,NO_IMPROPER_ACTION,,
2421381,2,OTHER_97,-112.073813097798,33.4482410804499,3,FOUR_WAY_INTERSECTION,OTHER_97,"PRESCOTT VALLEY","2010-06-13 15:19:00",NO_IMPROPER_ACTION,FAILED_TO_YIELD_RIGHT_OF_WAY_103,,
2421401,2,SIDESWIPE_SAME_DIRECTION,-112.050721996166,33.5309747938711,3,FOUR_WAY_INTERSECTION,SIDESWIPE_SAME_DIRECTION,PHOENIX,"2010-06-11 09:42:00",FAILED_TO_YIELD_RIGHT_OF_WAY_103,NO_IMPROPER_ACTION,,
2421405,2,ANGLE_FRONT_TO_SIDE,-111.841609602839,33.3211969888157,1,NOT_AT_INTERSECTION_0,ANGLE_FRONT_TO_SIDE,CHANDLER,"2010-05-08 20:49:00",KNOWINGLY_OPERATED_WITH_FAULTY_MISSING_EQUIPMENT,NO_IMPROPER_ACTION+NOT_APPLICABLE_MINUS_1,,
2421513,2,OTHER_97,-111.921354586524,33.501513402106,1,T_INTERSECTION,OTHER_97,SCOTTSDALE,"2010-06-12 02:39:00",NO_IMPROPER_ACTION,INATTENTION_DISTRACTION,,
2421736,2,HEAD_ON,-111.687545747247,33.3600482896763,2,T_INTERSECTION,HEAD_ON,MESA,"2010-06-19 07:22:00",DROVE_RODE_IN_OPPOSING_TRAFFIC_LANE,NO_IMPROPER_ACTION,,
2421743,2,ANGLE_FRONT_TO_SIDE,-111.755662966919,33.3378695959411,4,T_INTERSECTION,ANGLE_FRONT_TO_SIDE,GILBERT,"2010-06-19 13:29:00",NO_IMPROPER_ACTION,FAILED_TO_YIELD_RIGHT_OF_WAY_103,,
2422034,2,UNKNOWN_99,-112.038996655748,33.4586499655124,3,FOUR_WAY_INTERSECTION,UNKNOWN_99,PHOENIX,"2010-06-15 14:52:00",DROVE_RODE_IN_OPPOSING_TRAFFIC_LANE,NO_IMPROPER_ACTION,,
2422096,2,ANGLE_FRONT_TO_SIDE,-112.091423436685,33.4482310491337,2,FOUR_WAY_INTERSECTION,ANGLE_FRONT_TO_SIDE,PHOENIX,"2010-06-08 12:13:00",NO_IMPROPER_ACTION,FAILED_TO_YIELD_RIGHT_OF_WAY_103,,
2422107,2,REAR_END,-111.323452167502,32.4365075807892,2,FOUR_WAY_INTERSECTION,REAR_END,UNSPECIFIED_999,"2010-06-17 14:06:00",NO_IMPROPER_ACTION,FOLLOWED_TOO_CLOSELY,,
2422125,2,ANGLE_FRONT_TO_SIDE,-112.065068962253,33.5391512883849,3,NOT_AT_INTERSECTION_0,ANGLE_FRONT_TO_SIDE,PHOENIX,"2010-06-14 12:22:00",NO_IMPROPER_ACTION,NOT_APPLICABLE_MINUS_1+INATTENTION_DISTRACTION,,
2422161,2,ANGLE_FRONT_TO_SIDE,-112.255109497173,33.5808308772008,2,FOUR_WAY_INTERSECTION,ANGLE_FRONT_TO_SIDE,PEORIA,"2010-06-25 21:46:00",NO_IMPROPER_ACTION,UNKNOWN_99,,