IncidentID,num_vehicles_involved,eCollisionManner,Longitude,Latitude,InjurySeverity,eIntersectionType,eCollisionManner,city_name,IncidentDateTime,cyclist_citations,driver_citations,nearest_count_site,distance_to_nearest_count_site
2454428,2,HEAD_ON,-110.955531835109,32.2721079438401,4,T_INTERSECTION,HEAD_ON,TUCSON,"2010-09-21 16:17:00",DROVE_RODE_IN_OPPOSING_TRAFFIC_LANE,NO_IMPROPER_ACTION,,
2454442,2,ANGLE_FRONT_TO_SIDE,-110.90956472658,32.2054118475321,3,T_INTERSECTION,ANGLE_FRONT_TO_SIDE,TUCSON,"2010-09-21 17:51:00",NO_IMPROPER_ACTION,FAILED_TO_YIELD_RIGHT_OF_WAY_103,,
2454449,2,LEFT_TURN,-110.950996010396,32.2277828022406,2,FOUR_WAY_INTERSECTION,LEFT_TURN,TUCSON,"2010-09-23 17:05:00",NO_IMPROPER_ACTION,INATTENTION_DISTRACTION,,
2454459,2,SIDESWIPE_SAME_DIRECTION,-112.059356562666,33.5092301091748,2,NOT_AT_INTERSECTION_0,SIDESWIPE_SAME_DIRECTION,PHOENIX,"2010-09-03 22:13:00",FAILED_TO_KEEP_IN_PROPER_LANE,NO_IMPROPER_ACTION,,
2454471,2,OTHER_97,-110.977549271674,32.1650760644576,3,FOUR_WAY_INTERSECTION,OTHER_97,TUCSON,"2010-09-23 15:45:00",RAN_STOP_SIGN,NO_IMPROPER_ACTION,,
2454482,2,LEFT_TURN,-110.95789692899,32.2250068697616,1,FOUR_WAY_INTERSECTION,LEFT_TURN,TUCSON,"2010-09-23 15:31:00",NO_IMPROPER_ACTION,INATTENTION_DISTRACTION,,
2454504,2,OTHER_97,-110.888280751592,32.257892367185,4,T_INTERSECTION,OTHER_97,TUCSON,"2010-09-23 15:10:00",NO_IMPROPER_ACTION,INATTENTION_DISTRACTION,,
2454522,2,ANGLE_FRONT_TO_SIDE,-111.93213806084,33.2954167116565,1,T_INTERSECTION,ANGLE_FRONT_TO_SIDE,CHANDLER,"2010-08-24 07:53:00",NO_IMPROPER_ACTION,INATTENTION_DISTRACTION,,
2454593,2,ANGLE_FRONT_TO_SIDE,-110.976548857094,32.2864939019523,2,UNKNOWN_99,ANGLE_FRONT_TO_SIDE,TUCSON,"2010-09-25 18:22:00",DROVE_RODE_IN_OPPOSING_TRAFFIC_LANE,NO_IMPROPER_ACTION+NOT_APPLICABLE_MINUS_1+NOT_APPLICABLE_MINUS_1,,
2454705,2,OTHER_97,-110.956796739176,32.2426097900935,3,T_INTERSECTION,OTHER_97,TUCSON,"2010-09-27 15:02:00",DROVE_RODE_IN_OPPOSING_TRAFFIC_LANE,INATTENTION_DISTRACTION,,
2454720,2,OTHER_97,-110.978048673376,32.250224074977,3,FOUR_WAY_INTERSECTION,OTHER_97,TUCSON,"2010-09-27 14:04:00",UNKNOWN_99,UNKNOWN_99,,
2454731,2,ANGLE_FRONT_TO_SIDE,-112.220459487977,33.5198214238828,1,FOUR_WAY_INTERSECTION,ANGLE_FRONT_TO_SIDE,GLENDALE,"2010-09-18 16:23:00",INATTENTION_DISTRACTION,INATTENTION_DISTRACTION,,
2454739,2,ANGLE_FRONT_TO_SIDE,-112.117969148877,33.7966317456613,3,NOT_AT_INTERSECTION_0,ANGLE_FRONT_TO_SIDE,PHOENIX,"2010-09-02 10:30:00",NO_IMPROPER_ACTION,OTHER_97,,
2454748,2,ANGLE_FRONT_TO_SIDE,-110.257334694512,31.5486797696831,3,T_INTERSECTION,ANGLE_FRONT_TO_SIDE,"SIERRA VISTA","2010-09-01 18:43:00",NO_IMPROPER_ACTION,NO_IMPROPER_ACTION,,
2454784,2,HEAD_ON,-112.194826731207,33.5781914872127,2,T_INTERSECTION,HEAD_ON,GLENDALE,"2010-09-17 15:08:00",INATTENTION_DISTRACTION,FAILED_TO_YIELD_RIGHT_OF_WAY_103,,
2454815,2,OTHER_97,-111.824624426993,33.3805707161529,4,NOT_AT_INTERSECTION_0,OTHER_97,MESA,"2010-10-24 13:32:00",UNKNOWN_99,NO_IMPROPER_ACTION,,
2454972,2,ANGLE_FRONT_TO_SIDE,-111.980441907919,33.3198275686137,2,NOT_REPORTED_255,ANGLE_FRONT_TO_SIDE,PHOENIX,"2010-09-11 06:00:00",DROVE_RODE_IN_OPPOSING_TRAFFIC_LANE,NO_IMPROPER_ACTION,,
2454974,2,ANGLE_FRONT_TO_SIDE,-112.418369442713,33.6388454363956,3,FOUR_WAY_INTERSECTION,ANGLE_FRONT_TO_SIDE,SURPRISE,"2010-09-08 17:53:00",NO_IMPROPER_ACTION,SPEED_TOO_FAST_FOR_CONDITIONS,,
2455014,2,SIDESWIPE_SAME_DIRECTION,-111.991188646274,33.4877025251484,3,T_INTERSECTION,SIDESWIPE_SAME_DIRECTION,PHOENIX,"2010-09-09 14:43:00",DID_NOT_USE_CROSSWALK,NO_IMPROPER_ACTION,,
2455028,2,ANGLE_FRONT_TO_SIDE,-112.185838332959,33.6107584870465,4,FOUR_WAY_INTERSECTION,ANGLE_FRONT_TO_SIDE,GLENDALE,"2010-09-03 13:53:00",NO_IMPROPER_ACTION,INATTENTION_DISTRACTION,,
2455121,2,ANGLE_FRONT_TO_SIDE,-110.258813178291,31.554628402243,2,NOT_REPORTED_255,ANGLE_FRONT_TO_SIDE,"SIERRA VISTA","2010-09-02 13:59:00",NO_IMPROPER_ACTION,INATTENTION_DISTRACTION,,
2455129,2,ANGLE_FRONT_TO_SIDE,-112.195395253466,33.6623310030139,3,T_INTERSECTION,ANGLE_FRONT_TO_SIDE,GLENDALE,"2010-09-29 06:43:00",NO_IMPROPER_ACTION,MADE_IMPROPER_TURN+NOT_APPLICABLE_MINUS_1,,
2455133,2,SIDESWIPE_SAME_DIRECTION,-111.66751775536,33.3934001431467,3,FOUR_WAY_INTERSECTION,SIDESWIPE_SAME_DIRECTION,MESA,"2010-10-16 17:17:00",OTHER_97,OTHER_97,,
2455207,2,ANGLE_FRONT_TO_SIDE,-111.893472303672,33.3203419892636,1,INTERSECTION_AS_PART_OF_INTERCHANGE,ANGLE_FRONT_TO_SIDE,CHANDLER,"2010-09-01 07:32:00",OTHER_97,NO_IMPROPER_ACTION,,
2455211,2,ANGLE_FRONT_TO_SIDE,-111.86995202933,33.4148675387135,2,NOT_AT_INTERSECTION_0,ANGLE_FRONT_TO_SIDE,MESA,"2010-10-06 17:04:00",DISREGARDED_TRAFFIC_SIGNAL,NO_IMPROPER_ACTION,,
2455228,2,OTHER_97,-111.841677586808,33.3287235101509,3,T_INTERSECTION,OTHER_97,CHANDLER,"2010-09-02 19:45:00",FAILED_TO_YIELD_RIGHT_OF_WAY_103,NO_IMPROPER_ACTION,,
2455241,2,ANGLE_FRONT_TO_SIDE,-111.856466403165,33.4203062015751,3,NOT_AT_INTERSECTION_0,ANGLE_FRONT_TO_SIDE,MESA,"2010-10-04 15:54:00",NO_IMPROPER_ACTION,FAILED_TO_YIELD_RIGHT_OF_WAY_103,,
2455330,2,REAR_END,-111.837769411413,33.3134341027826,1,UNKNOWN_99,REAR_END,CHANDLER,"2010-09-07 12:41:00",UNKNOWN_99,UNKNOWN_99,,
2455366,2,SIDESWIPE_SAME_DIRECTION,-111.836555008785,33.3097999328353,3,UNKNOWN_99,SIDESWIPE_SAME_DIRECTION,CHANDLER,"2010-09-20 16:54:00",UNSAFE_LANE_CHANGE,NO_IMPROPER_ACTION+NOT_APPLICABLE_MINUS_1,,
2455406,2,ANGLE_FRONT_TO_SIDE,-111.840103445225,33.3855240473157,2,FOUR_WAY_INTERSECTION,ANGLE_FRONT_TO_SIDE,MESA,"2010-10-29 08:22:00",DISREGARDED_TRAFFIC_SIGNAL,NO_IMPROPER_ACTION,,
2455444,2,ANGLE_FRONT_TO_SIDE,-111.85908982902,33.3056192115742,2,UNKNOWN_99,ANGLE_FRONT_TO_SIDE,CHANDLER,"2010-09-22 15:42:00",DROVE_RODE_IN_OPPOSING_TRAFFIC_LANE,INATTENTION_DISTRACTION,,
2455479,2,ANGLE_FRONT_TO_SIDE,-111.876433397047,33.3365140408656,3,UNKNOWN_99,ANGLE_FRONT_TO_SIDE,CHANDLER,"2010-09-18 10:06:00",NO_IMPROPER_ACTION,INATTENTION_DISTRACTION,,
2455491,2,ANGLE_FRONT_TO_SIDE,-111.92588667345,33.3000904895427,3,FOUR_WAY_INTERSECTION,ANGLE_FRONT_TO_SIDE,CHANDLER,"2010-09-15 14:42:00",UNKNOWN_99,UNKNOWN_99,,
2455502,2,ANGLE_FRONT_TO_SIDE,-111.841243602805,33.2475640277879,3,FOUR_WAY_INTERSECTION,ANGLE_FRONT_TO_SIDE,UNSPECIFIED_999,"2010-09-27 16:45:00",OTHER_97,NO_IMPROPER_ACTION,,
2455514,2,ANGLE_FRONT_TO_SIDE,-111.859104982457,33.3497226129062,3,FOUR_WAY_INTERSECTION,ANGLE_FRONT_TO_SIDE,CHANDLER,"2010-09-18 16:52:00",NO_IMPROPER_ACTION,MADE_IMPROPER_TURN,,
2455592,2,SIDESWIPE_SAME_DIRECTION,-111.859002000419,33.342004965435,4,UNKNOWN_99,SIDESWIPE_SAME_DIRECTION,CHANDLER,"2010-09-19 16:40:00",UNKNOWN_99,NOT_APPLICABLE_MINUS_1+NOT_APPLICABLE_MINUS_1+NO_IMPROPER_ACTION,,
2455631,2,SIDESWIPE_SAME_DIRECTION,-111.598289559145,33.4041830201757,2,FOUR_WAY_INTERSECTION,SIDESWIPE_SAME_DIRECTION,UNSPECIFIED_999,"2010-09-01 06:10:00",NO_IMPROPER_ACTION,FAILED_TO_YIELD_RIGHT_OF_WAY_103,,
2455635,2,LEFT_TURN,-111.876432272289,33.335140744034,3,FOUR_WAY_INTERSECTION,LEFT_TURN,CHANDLER,"2010-09-28 14:52:00",NO_IMPROPER_ACTION,OTHER_97,,
2455697,2,SIDESWIPE_SAME_DIRECTION,-111.768667458331,33.3211475873815,2,NOT_AT_INTERSECTION_0,SIDESWIPE_SAME_DIRECTION,GILBERT,"2010-09-02 14:07:00",NO_IMPROPER_ACTION,FAILED_TO_KEEP_IN_PROPER_LANE,,
2455700,2,ANGLE_FRONT_TO_SIDE,-111.928954553854,33.4205690267533,3,NOT_AT_INTERSECTION_0,ANGLE_FRONT_TO_SIDE,TEMPE,"2010-09-01 12:29:00",NO_IMPROPER_ACTION,FAILED_TO_YIELD_RIGHT_OF_WAY_103,117,0.00303816775317848
2455707,2,HEAD_ON,-111.911726751916,33.3818100042693,2,T_INTERSECTION,HEAD_ON,TEMPE,"2010-09-01 20:33:00",NO_IMPROPER_ACTION,NOT_APPLICABLE_MINUS_1+FAILED_TO_YIELD_RIGHT_OF_WAY_103,,
2455740,2,UNKNOWN_99,-111.714857385338,33.4084072300629,2,T_INTERSECTION,UNKNOWN_99,MESA,"2010-09-01 15:06:00",OTHER_97,INATTENTION_DISTRACTION,,
2456055,2,ANGLE_FRONT_TO_SIDE,-111.911154383852,33.3694079091729,2,FOUR_WAY_INTERSECTION,ANGLE_FRONT_TO_SIDE,TEMPE,"2010-09-01 16:53:00",DROVE_RODE_IN_OPPOSING_TRAFFIC_LANE,NOT_APPLICABLE_MINUS_1+NO_IMPROPER_ACTION,,
2456083,2,ANGLE_FRONT_TO_SIDE,-111.932777752849,33.4147019972584,2,FOUR_WAY_INTERSECTION,ANGLE_FRONT_TO_SIDE,TEMPE,"2010-09-05 23:10:00",INATTENTION_DISTRACTION,NO_IMPROPER_ACTION,133,0.00192765109766475
2456099,2,ANGLE_FRONT_TO_SIDE,-111.952369504755,33.3832396082955,2,T_INTERSECTION,ANGLE_FRONT_TO_SIDE,TEMPE,"2010-09-08 22:05:00",NO_IMPROPER_ACTION,FAILED_TO_YIELD_RIGHT_OF_WAY_103,,
2456104,2,SIDESWIPE_SAME_DIRECTION,-111.871492382262,33.3930660031108,3,NOT_AT_INTERSECTION_0,SIDESWIPE_SAME_DIRECTION,MESA,"2010-09-05 11:42:00",NO_IMPROPER_ACTION,NO_IMPROPER_ACTION+NOT_APPLICABLE_MINUS_1,,
2456167,2,ANGLE_FRONT_TO_SIDE,-111.900151791672,33.5225291439003,2,NOT_AT_INTERSECTION_0,ANGLE_FRONT_TO_SIDE,SCOTTSDALE,"2010-09-03 13:43:00",DROVE_RODE_IN_OPPOSING_TRAFFIC_LANE,INATTENTION_DISTRACTION,,
2456247,2,ANGLE_FRONT_TO_SIDE,-112.194649129656,33.5961346696286,2,FOUR_WAY_INTERSECTION,ANGLE_FRONT_TO_SIDE,GLENDALE,"2010-10-15 16:10:00",DROVE_RODE_IN_OPPOSING_TRAFFIC_LANE,NO_IMPROPER_ACTION,,
2456253,2,ANGLE_FRONT_TO_SIDE,-112.216172947179,33.5235230279657,1,NOT_AT_INTERSECTION_0,ANGLE_FRONT_TO_SIDE,GLENDALE,"2010-10-14 15:35:00",DID_NOT_USE_CROSSWALK,NOT_APPLICABLE_MINUS_1+NO_IMPROPER_ACTION+NOT_APPLICABLE_MINUS_1,,
2456308,2,ANGLE_FRONT_TO_SIDE,-109.956516796065,34.1434957028393,3,T_INTERSECTION,ANGLE_FRONT_TO_SIDE,PINETOP,"2010-10-11 11:53:00",NO_IMPROPER_ACTION,INATTENTION_DISTRACTION,,
2456358,2,ANGLE_FRONT_TO_SIDE,-111.944212730267,33.41463255187,2,FOUR_WAY_INTERSECTION,ANGLE_FRONT_TO_SIDE,TEMPE,"2010-09-17 07:20:00",NO_IMPROPER_ACTION,NOT_APPLICABLE_MINUS_1+FAILED_TO_YIELD_RIGHT_OF_WAY_103,113,0.00441374782082139
2456359,2,ANGLE_FRONT_TO_SIDE,-112.220532389965,33.4874293563936,3,T_INTERSECTION,ANGLE_FRONT_TO_SIDE,PHOENIX,"2010-09-08 19:25:00",DISREGARDED_TRAFFIC_SIGNAL,NO_IMPROPER_ACTION,,
2456361,2,ANGLE_FRONT_TO_SIDE,-112.168579039962,33.5457476023221,1,FOUR_WAY_INTERSECTION,ANGLE_FRONT_TO_SIDE,GLENDALE,"2010-10-01 08:48:00",NO_IMPROPER_ACTION,DISREGARDED_TRAFFIC_SIGNAL,,
2456367,2,ANGLE_FRONT_TO_SIDE,-111.807262398417,33.3353625542953,4,NOT_AT_INTERSECTION_0,ANGLE_FRONT_TO_SIDE,GILBERT,"2010-10-02 15:08:00",NO_IMPROPER_ACTION,INATTENTION_DISTRACTION+NOT_APPLICABLE_MINUS_1,,
2456442,2,SIDESWIPE_SAME_DIRECTION,-111.928676151503,33.3782447898115,1,FOUR_WAY_INTERSECTION,SIDESWIPE_SAME_DIRECTION,TEMPE,"2010-10-02 19:50:00",NO_IMPROPER_ACTION,FAILED_TO_YIELD_RIGHT_OF_WAY_103,,
2456478,2,REAR_END,-112.306445434305,33.4392643803272,1,UNKNOWN_99,REAR_END,AVONDALE,"2010-10-02 11:37:00",NO_IMPROPER_ACTION,UNKNOWN_99,,
2456794,2,ANGLE_FRONT_TO_SIDE,-112.392578928097,33.4389735104783,3,UNKNOWN_99,ANGLE_FRONT_TO_SIDE,GOODYEAR,"2010-10-08 08:14:00",FAILED_TO_YIELD_RIGHT_OF_WAY_103,NO_IMPROPER_ACTION+NOT_APPLICABLE_MINUS_1+NOT_APPLICABLE_MINUS_1,,
2456830,2,ANGLE_FRONT_TO_SIDE,-111.897201253783,33.3784472275375,3,UNKNOWN_99,ANGLE_FRONT_TO_SIDE,TEMPE,"2010-10-06 21:00:00",DROVE_RODE_IN_OPPOSING_TRAFFIC_LANE,RAN_STOP_SIGN,,
2456868,2,ANGLE_FRONT_TO_SIDE,-111.939836735013,33.4085335995722,3,UNKNOWN_99,ANGLE_FRONT_TO_SIDE,TEMPE,"2010-10-04 14:06:00",OTHER_97,NO_IMPROPER_ACTION,146,0.00119655333221955
2456947,2,OTHER_97,-110.981086860909,32.1778274796111,1,T_INTERSECTION,OTHER_97,TUCSON,"2010-10-04 15:07:00",UNKNOWN_99,NOT_APPLICABLE_MINUS_1+NO_IMPROPER_ACTION,,
2457119,2,OTHER_97,-111.664728578754,35.1679384151958,3,UNKNOWN_99,OTHER_97,FLAGSTAFF,"2010-10-06 11:23:00",NO_IMPROPER_ACTION,OTHER_97,,
2457147,2,ANGLE_FRONT_TO_SIDE,-111.662854210491,35.1842744945621,1,T_INTERSECTION,ANGLE_FRONT_TO_SIDE,FLAGSTAFF,"2010-10-02 16:22:00",NO_IMPROPER_ACTION,INATTENTION_DISTRACTION,,
2457158,2,ANGLE_FRONT_TO_SIDE,-111.668411736938,35.1848519520698,2,UNKNOWN_99,ANGLE_FRONT_TO_SIDE,FLAGSTAFF,"2010-10-13 16:32:00",NO_IMPROPER_ACTION,OTHER_97,,
2457210,2,OTHER_97,-110.907862309899,32.1342586216828,3,UNKNOWN_99,OTHER_97,UNSPECIFIED_999,"2010-10-01 20:20:00",UNKNOWN_99,UNKNOWN_99,,
2457337,2,ANGLE_FRONT_TO_SIDE,-110.973282540482,32.2316042272475,3,ROUNDABOUT,ANGLE_FRONT_TO_SIDE,TUCSON,"2010-10-07 17:28:00",UNKNOWN_99,UNKNOWN_99,,
2457363,2,LEFT_TURN,-110.970203689868,32.2316196892809,1,FOUR_WAY_INTERSECTION,LEFT_TURN,TUCSON,"2010-10-07 17:28:00",NO_IMPROPER_ACTION,OTHER_97,,
2457376,2,ANGLE_FRONT_TO_SIDE,-112.237912231003,33.5954814022683,3,FOUR_WAY_INTERSECTION,ANGLE_FRONT_TO_SIDE,PEORIA,"2010-10-19 19:54:00",DID_NOT_USE_CROSSWALK,NO_IMPROPER_ACTION,,
2457393,2,REAR_END,-111.946031332043,33.425470956972,3,UNKNOWN_99,REAR_END,TEMPE,"2010-10-08 11:58:00",NO_IMPROPER_ACTION,NO_IMPROPER_ACTION,108,0.00193250637485244
2457397,2,ANGLE_FRONT_TO_SIDE,-110.884366969257,32.2506733402918,3,NOT_REPORTED_255,ANGLE_FRONT_TO_SIDE,TUCSON,"2010-10-06 13:03:00",OTHER_97,NO_IMPROPER_ACTION,,
2457478,2,SIDESWIPE_SAME_DIRECTION,-111.934896192295,33.4055825000426,3,T_INTERSECTION,SIDESWIPE_SAME_DIRECTION,TEMPE,"2010-10-01 08:39:00",NO_IMPROPER_ACTION,OTHER_97,139,0.00187290973956052
2457493,2,ANGLE_FRONT_TO_SIDE,-111.926271869986,33.4101183337222,1,T_INTERSECTION,ANGLE_FRONT_TO_SIDE,TEMPE,"2010-10-04 15:30:00",DROVE_RODE_IN_OPPOSING_TRAFFIC_LANE,NO_IMPROPER_ACTION,138,0.0026789818891292
2457530,2,ANGLE_FRONT_TO_SIDE,-111.571991077614,33.4136629032621,2,UNKNOWN_99,ANGLE_FRONT_TO_SIDE,"APACHE JUNCTION","2010-10-12 11:07:00",NO_IMPROPER_ACTION,INATTENTION_DISTRACTION,,
2457564,2,ANGLE_FRONT_TO_SIDE,-111.635589522619,35.1917498096216,3,UNKNOWN_99,ANGLE_FRONT_TO_SIDE,FLAGSTAFF,"2010-10-15 12:14:00",OTHER_97,NO_IMPROPER_ACTION,,
2457706,2,ANGLE_FRONT_TO_SIDE,-112.349658790197,33.4497202185609,3,FOUR_WAY_INTERSECTION,ANGLE_FRONT_TO_SIDE,AVONDALE,"2010-10-18 11:22:00",NO_IMPROPER_ACTION,INATTENTION_DISTRACTION,,
2457740,2,OTHER_97,-112.073813097798,33.4482410804499,2,FOUR_WAY_INTERSECTION,OTHER_97,"SAN LUIS","2010-10-29 21:35:00",OTHER_97,OTHER_97,,
2457743,2,LEFT_TURN,-112.20744931041,33.5236813010377,4,FOUR_WAY_INTERSECTION,LEFT_TURN,GLENDALE,"2010-10-16 16:28:00",UNKNOWN_99,NO_IMPROPER_ACTION,,
2457791,2,LEFT_TURN,-110.969639438061,32.3663412237312,1,FOUR_WAY_INTERSECTION,LEFT_TURN,"ORO VALLEY","2010-10-17 10:58:00",NO_IMPROPER_ACTION,NOT_APPLICABLE_MINUS_1+MADE_IMPROPER_TURN,,
2457921,2,ANGLE_FRONT_TO_SIDE,-112.403521180313,33.4233093217638,3,FOUR_WAY_INTERSECTION,ANGLE_FRONT_TO_SIDE,GOODYEAR,"2010-10-27 12:21:00",OTHER_97,UNKNOWN_99,,
2457931,2,ANGLE_FRONT_TO_SIDE,-112.237620941667,33.6063476268414,1,FOUR_WAY_INTERSECTION,ANGLE_FRONT_TO_SIDE,PEORIA,"2010-10-17 15:47:00",NO_IMPROPER_ACTION,INATTENTION_DISTRACTION,,
2458023,2,ANGLE_FRONT_TO_SIDE,-110.956756372275,32.2316859382183,3,FOUR_WAY_INTERSECTION,ANGLE_FRONT_TO_SIDE,TUCSON,"2010-10-14 12:33:00",NO_IMPROPER_ACTION,MADE_IMPROPER_TURN,,
2458027,2,REAR_END,-111.029749993706,32.3854372080235,1,T_INTERSECTION,REAR_END,UNSPECIFIED_999,"2010-10-08 15:45:00",UNKNOWN_99,UNKNOWN_99,,
2458072,2,ANGLE_FRONT_TO_SIDE,-111.957587441092,33.4074173619458,3,UNKNOWN_99,ANGLE_FRONT_TO_SIDE,TEMPE,"2010-10-14 09:47:00",NO_IMPROPER_ACTION,INATTENTION_DISTRACTION,137,0.00311417570327267
2458166,2,OTHER_97,-112.060636635148,33.5193713978907,3,LEGACY_INTERSECTION_RELATED_PRIOR_2009_98,OTHER_97,PHOENIX,"2010-09-01 09:08:00",NO_IMPROPER_ACTION,FAILED_TO_YIELD_RIGHT_OF_WAY_103,,
2458174,2,OTHER_97,-112.146770654211,33.6286889289701,3,LEGACY_INTERSECTION_RELATED_PRIOR_2009_98,OTHER_97,PHOENIX,"2010-09-03 13:20:00",NO_IMPROPER_ACTION,NOT_APPLICABLE_MINUS_1+FAILED_TO_YIELD_RIGHT_OF_WAY_103+NOT_APPLICABLE_MINUS_1,,
2458193,2,OTHER_97,-112.142776002091,33.5094129017336,3,LEGACY_INTERSECTION_RELATED_PRIOR_2009_98,OTHER_97,PHOENIX,"2010-09-03 06:54:00",NO_IMPROPER_ACTION,FAILED_TO_YIELD_RIGHT_OF_WAY_103+NOT_APPLICABLE_MINUS_1,,
2458212,2,OTHER_97,-112.131815126926,33.5094261002544,3,UNKNOWN_99,OTHER_97,PHOENIX,"2010-09-08 16:22:00",NO_IMPROPER_ACTION,FAILED_TO_YIELD_RIGHT_OF_WAY_103+NOT_APPLICABLE_MINUS_1,,
2458259,2,LEFT_TURN,-111.942388835049,33.4219286721596,3,FOUR_WAY_INTERSECTION,LEFT_TURN,TEMPE,"2010-10-12 16:41:00",NO_IMPROPER_ACTION,OTHER_97,119,0.000190535939393942
2458292,2,ANGLE_FRONT_TO_SIDE,-111.924515807458,33.4220230426579,3,UNKNOWN_99,ANGLE_FRONT_TO_SIDE,TEMPE,"2010-10-13 09:27:00",DROVE_RODE_IN_OPPOSING_TRAFFIC_LANE,NO_IMPROPER_ACTION,117,0.00178332772275345
2458294,2,OTHER_97,-110.916302605303,32.2650962071608,3,NOT_REPORTED_255,OTHER_97,TUCSON,"2010-10-08 18:18:00",NO_IMPROPER_ACTION,OTHER_97,,
2458332,2,ANGLE_FRONT_TO_SIDE,0,0,3,UNKNOWN_99,ANGLE_FRONT_TO_SIDE,"SIERRA VISTA","2010-10-28 13:44:00",NO_IMPROPER_ACTION,UNKNOWN_99,,
2458334,2,OTHER_97,-110.879382841759,32.2216574017527,3,FOUR_WAY_INTERSECTION,OTHER_97,TUCSON,"2010-10-10 17:03:00",NO_IMPROPER_ACTION,MADE_IMPROPER_TURN+NOT_APPLICABLE_MINUS_1,,
2458337,2,ANGLE_FRONT_TO_SIDE,-110.857947370812,32.2738234030536,3,FOUR_WAY_INTERSECTION,ANGLE_FRONT_TO_SIDE,UNSPECIFIED_999,"2010-10-18 05:58:00",NO_IMPROPER_ACTION,OTHER_97,,
2458340,2,OTHER_97,-110.943850002904,32.2871695035813,3,FOUR_WAY_INTERSECTION,OTHER_97,TUCSON,"2010-10-10 17:30:00",DISREGARDED_TRAFFIC_SIGNAL,NO_IMPROPER_ACTION+NOT_APPLICABLE_MINUS_1+NOT_APPLICABLE_MINUS_1,,
2458472,2,ANGLE_FRONT_TO_SIDE,-112.321341200163,33.6089410835123,3,T_INTERSECTION,ANGLE_FRONT_TO_SIDE,"EL MIRAGE","2010-10-16 17:22:00",NO_IMPROPER_ACTION,FAILED_TO_YIELD_RIGHT_OF_WAY_103+NOT_APPLICABLE_MINUS_1,,
2458485,2,ANGLE_FRONT_TO_SIDE,-112.364207791116,33.4858275076133,4,FOUR_WAY_INTERSECTION,ANGLE_FRONT_TO_SIDE,GOODYEAR,"2010-10-18 17:15:00",UNKNOWN_99,UNKNOWN_99,,
2458534,2,ANGLE_FRONT_TO_SIDE,-110.909649377404,32.243448670143,2,UNKNOWN_99,ANGLE_FRONT_TO_SIDE,TUCSON,"2010-10-14 17:28:00",OTHER_97,NO_IMPROPER_ACTION,,
2458649,2,ANGLE_FRONT_TO_SIDE,-110.905334519722,32.2506417657603,3,FOUR_WAY_INTERSECTION,ANGLE_FRONT_TO_SIDE,TUCSON,"2010-10-14 17:25:00",NO_IMPROPER_ACTION,INATTENTION_DISTRACTION,,
2459018,2,ANGLE_FRONT_TO_SIDE,-110.935322696781,32.2292151181186,3,FOUR_WAY_INTERSECTION,ANGLE_FRONT_TO_SIDE,TUCSON,"2010-10-11 17:18:00",NO_IMPROPER_ACTION,FAILED_TO_YIELD_RIGHT_OF_WAY_103,,
2459044,2,REAR_END,-112.37502229486,33.4645383740518,3,UNKNOWN_99,REAR_END,GOODYEAR,"2010-10-19 20:19:00",NO_IMPROPER_ACTION,PASSED_IN_NO_PASSING_ZONE,,
2459085,3,ANGLE_FRONT_TO_SIDE,-112.469762606678,34.5526596502391,4,FOUR_WAY_INTERSECTION,ANGLE_FRONT_TO_SIDE,PRESCOTT,"2010-10-29 08:30:00",DROVE_RODE_IN_OPPOSING_TRAFFIC_LANE+DROVE_RODE_IN_OPPOSING_TRAFFIC_LANE,INATTENTION_DISTRACTION,,
2459110,2,SIDESWIPE_SAME_DIRECTION,-112.468758404301,34.5450473423569,1,UNKNOWN_99,SIDESWIPE_SAME_DIRECTION,PRESCOTT,"2010-10-28 20:12:00",INATTENTION_DISTRACTION,NO_IMPROPER_ACTION,,
2459167,2,SIDESWIPE_OPPOSITE_DIRECTION,-111.618326152076,35.2003994828113,1,T_INTERSECTION,SIDESWIPE_OPPOSITE_DIRECTION,FLAGSTAFF,"2010-09-08 07:59:00",NO_IMPROPER_ACTION,DROVE_RODE_IN_OPPOSING_TRAFFIC_LANE,,
2459182,2,ANGLE_FRONT_TO_SIDE,-111.660496882792,35.1834912935281,1,NOT_AT_INTERSECTION_0,ANGLE_FRONT_TO_SIDE,FLAGSTAFF,"2010-09-01 19:14:00",DROVE_RODE_IN_OPPOSING_TRAFFIC_LANE,NO_IMPROPER_ACTION,,
2459196,2,ANGLE_FRONT_TO_SIDE,-111.648073822729,35.1971521075081,1,NOT_AT_INTERSECTION_0,ANGLE_FRONT_TO_SIDE,FLAGSTAFF,"2010-09-03 07:55:00",DISREGARDED_TRAFFIC_SIGNAL,NO_IMPROPER_ACTION,,