IncidentID,num_vehicles_involved,eCollisionManner,Longitude,Latitude,InjurySeverity,eIntersectionType,eCollisionManner,city_name,IncidentDateTime,cyclist_citations,driver_citations,nearest_count_site,distance_to_nearest_count_site
2480311,2,OTHER_97,-112.075029150285,33.4803658594706,2,LEGACY_INTERSECTION_RELATED_PRIOR_2009_98,OTHER_97,PHOENIX,"2010-11-12 14:00:00",OTHER_97,NO_IMPROPER_ACTION,,
2480317,2,OTHER_97,-112.143190258658,33.6543989562624,3,LEGACY_INTERSECTION_RELATED_PRIOR_2009_98,OTHER_97,PHOENIX,"2010-11-19 07:19:00",OTHER_97,NO_IMPROPER_ACTION,,
2480421,2,OTHER_97,-112.267865295056,33.5514737467418,3,INTERSECTION_AS_PART_OF_INTERCHANGE,OTHER_97,PEORIA,"2010-11-29 18:34:00",OTHER_97,NOT_APPLICABLE_MINUS_1+NO_IMPROPER_ACTION,,
2480505,2,SIDESWIPE_OPPOSITE_DIRECTION,-112.352324682999,34.5894948086124,2,FOUR_WAY_INTERSECTION,SIDESWIPE_OPPOSITE_DIRECTION,UNSPECIFIED_999,"2010-12-09 17:46:00",NO_IMPROPER_ACTION,NO_IMPROPER_ACTION,,
2480547,2,ANGLE_FRONT_TO_SIDE,-112.073813097798,33.4482410804499,3,T_INTERSECTION,ANGLE_FRONT_TO_SIDE,YUMA,"2010-12-15 15:57:00",RAN_STOP_SIGN,NOT_APPLICABLE_MINUS_1+NO_IMPROPER_ACTION,,
2480628,2,SIDESWIPE_OPPOSITE_DIRECTION,-112.348677978653,33.4498475097007,3,UNKNOWN_99,SIDESWIPE_OPPOSITE_DIRECTION,GOODYEAR,"2010-12-09 16:38:00",NO_IMPROPER_ACTION,INATTENTION_DISTRACTION,,
2480629,2,OTHER_97,-112.340958588129,33.4642624341687,2,FOUR_WAY_INTERSECTION,OTHER_97,UNSPECIFIED_999,"2010-12-17 21:04:00",WALKED_ON_WRONG_SIDE_OF_ROAD,NOT_APPLICABLE_MINUS_1+NO_IMPROPER_ACTION,,
2480708,2,ANGLE_FRONT_TO_SIDE,-111.930828644568,33.4402238520984,1,FOUR_WAY_INTERSECTION,ANGLE_FRONT_TO_SIDE,TEMPE,"2010-12-14 13:08:00",DISREGARDED_TRAFFIC_SIGNAL,NO_IMPROPER_ACTION,157,7.27401062882014e-05
2480808,2,OTHER_97,-110.978288573443,32.2973146094073,2,FOUR_WAY_INTERSECTION,OTHER_97,TUCSON,"2010-12-02 08:54:00",NO_IMPROPER_ACTION,OTHER_97,,
2480821,2,ANGLE_FRONT_TO_SIDE,-111.100009305411,32.3485122346952,1,UNKNOWN_99,ANGLE_FRONT_TO_SIDE,MARANA,"2010-12-21 14:26:00",DROVE_RODE_IN_OPPOSING_TRAFFIC_LANE,NO_IMPROPER_ACTION,,
2480836,2,OTHER_97,-110.952386202352,32.27586072847,2,FOUR_WAY_INTERSECTION,OTHER_97,TUCSON,"2010-12-10 17:54:00",KNOWINGLY_OPERATED_WITH_FAULTY_MISSING_EQUIPMENT,OTHER_97,,
2480847,2,OTHER_97,-110.909614900713,32.2197386288431,2,NOT_REPORTED_255,OTHER_97,TUCSON,"2010-12-06 09:46:00",NO_IMPROPER_ACTION,FAILED_TO_YIELD_RIGHT_OF_WAY_103,,
2480872,2,OTHER_97,-110.906943945138,32.1901668779902,3,Y_INTERSECTION,OTHER_97,TUCSON,"2010-12-10 11:44:00",UNSAFE_LANE_CHANGE,NO_IMPROPER_ACTION,,
2480960,2,OTHER_97,-110.926677343367,32.2046008697298,3,NOT_AT_INTERSECTION_0,OTHER_97,TUCSON,"2010-12-07 19:57:00",KNOWINGLY_OPERATED_WITH_FAULTY_MISSING_EQUIPMENT,NO_IMPROPER_ACTION,,
2480973,2,OTHER_97,-110.812250896009,32.1773236061507,2,T_INTERSECTION,OTHER_97,TUCSON,"2010-12-07 21:15:00",KNOWINGLY_OPERATED_WITH_FAULTY_MISSING_EQUIPMENT,NO_IMPROPER_ACTION,,
2480985,2,OTHER_97,-110.946646298342,32.2214163609613,2,FOUR_WAY_INTERSECTION,OTHER_97,TUCSON,"2010-12-11 18:49:00",DROVE_RODE_IN_OPPOSING_TRAFFIC_LANE,NO_IMPROPER_ACTION+NOT_APPLICABLE_MINUS_1,,
2480994,2,SIDESWIPE_SAME_DIRECTION,-110.914042530857,32.2505651988729,2,FOUR_WAY_INTERSECTION,SIDESWIPE_SAME_DIRECTION,TUCSON,"2010-12-11 12:28:00",NO_IMPROPER_ACTION,UNKNOWN_99,,
2481014,2,OTHER_97,-112.248983158967,33.6580345346589,4,UNKNOWN_99,OTHER_97,PEORIA,"2010-12-21 09:07:00",FAILED_TO_YIELD_RIGHT_OF_WAY_103,NOT_APPLICABLE_MINUS_1+NO_IMPROPER_ACTION,,
2481029,2,OTHER_97,-112.211664527951,33.567037173579,4,T_INTERSECTION,OTHER_97,GLENDALE,"2010-12-18 14:07:00",UNKNOWN_99,UNKNOWN_99,,
2481117,2,UNKNOWN_99,-110.946292531266,31.3647529736856,4,UNKNOWN_99,UNKNOWN_99,NOGALES,"2010-12-17 16:41:00",UNKNOWN_99,NOT_APPLICABLE_MINUS_1+UNKNOWN_99+NOT_APPLICABLE_MINUS_1+NOT_APPLICABLE_MINUS_1,,
2481200,2,ANGLE_FRONT_TO_SIDE,-111.936035907522,33.3928927435845,3,UNKNOWN_99,ANGLE_FRONT_TO_SIDE,TEMPE,"2010-12-23 13:58:00",DROVE_RODE_IN_OPPOSING_TRAFFIC_LANE,NO_IMPROPER_ACTION,141,0.00123878973022383
2481224,2,OTHER_97,-112.077560707349,33.4657772595426,2,UNKNOWN_99,OTHER_97,PHOENIX,"2010-11-24 09:04:00",NO_IMPROPER_ACTION,FAILED_TO_YIELD_RIGHT_OF_WAY_103,,
2481225,2,OTHER_97,-112.082419607868,33.4503387091065,2,LEGACY_INTERSECTION_RELATED_PRIOR_2009_98,OTHER_97,PHOENIX,"2010-11-15 11:05:00",INATTENTION_DISTRACTION,NO_IMPROPER_ACTION,,
2481352,2,OTHER_97,-110.903484932125,32.2578721343125,3,NOT_AT_INTERSECTION_0,OTHER_97,TUCSON,"2010-12-10 17:40:00",NO_IMPROPER_ACTION,INATTENTION_DISTRACTION,,
2481361,2,OTHER_97,-110.990268428406,32.2356166378294,3,T_INTERSECTION,OTHER_97,TUCSON,"2010-12-16 17:05:00",DISREGARDED_TRAFFIC_SIGNAL,NO_IMPROPER_ACTION,,
2481391,2,OTHER_97,-110.823808586169,32.2281295946156,3,FOUR_WAY_INTERSECTION,OTHER_97,TUCSON,"2010-12-14 11:25:00",NO_IMPROPER_ACTION,FAILED_TO_YIELD_RIGHT_OF_WAY_103,,
2481412,2,LEFT_TURN,-110.909717697682,32.2508879584859,3,NOT_AT_INTERSECTION_0,LEFT_TURN,TUCSON,"2010-12-19 17:40:00",NO_IMPROPER_ACTION,NOT_APPLICABLE_MINUS_1+ELECTRONIC_COMMUNICATIONS_DEVICE,,
2481488,2,OTHER_97,-110.986891571966,32.1778261936281,4,T_INTERSECTION,OTHER_97,TUCSON,"2010-12-24 16:03:00",NO_IMPROPER_ACTION,FAILED_TO_YIELD_RIGHT_OF_WAY_103,,
2481593,2,OTHER_97,-110.935443068769,32.22792179063,2,NOT_REPORTED_255,OTHER_97,TUCSON,"2010-12-20 11:17:00",NO_IMPROPER_ACTION,FAILED_TO_YIELD_RIGHT_OF_WAY_103,,
2481605,2,OTHER_97,-110.939562610013,32.2349213882404,3,FOUR_WAY_INTERSECTION,OTHER_97,TUCSON,"2010-12-28 16:21:00",NO_IMPROPER_ACTION,INATTENTION_DISTRACTION,,
2481764,2,OTHER_97,-110.839694072932,32.3088838990827,2,UNKNOWN_99,OTHER_97,UNSPECIFIED_999,"2010-12-16 12:09:00",INATTENTION_DISTRACTION,NO_IMPROPER_ACTION,,
2481934,2,LEFT_TURN,-111.632710864122,33.4078451581168,1,FOUR_WAY_INTERSECTION,LEFT_TURN,UNSPECIFIED_999,"2010-12-12 19:24:00",DROVE_RODE_IN_OPPOSING_TRAFFIC_LANE,NOT_APPLICABLE_MINUS_1+NO_IMPROPER_ACTION+NOT_APPLICABLE_MINUS_1+NOT_APPLICABLE_MINUS_1,,
2481993,2,REAR_END,-111.869278190845,33.344304576114,3,UNKNOWN_99,REAR_END,CHANDLER,"2010-12-10 18:03:00",NO_IMPROPER_ACTION,FAILED_TO_KEEP_IN_PROPER_LANE+NOT_APPLICABLE_MINUS_1+NOT_APPLICABLE_MINUS_1,,
2482154,2,ANGLE_FRONT_TO_SIDE,-111.940998436149,33.3053724679495,2,T_INTERSECTION,ANGLE_FRONT_TO_SIDE,CHANDLER,"2010-12-19 14:24:00",WALKED_ON_WRONG_SIDE_OF_ROAD,NO_IMPROPER_ACTION,,
2482196,3,OTHER_97,-112.080296533348,33.4471006351962,3,LEGACY_INTERSECTION_RELATED_PRIOR_2009_98,OTHER_97,PHOENIX,"2010-11-18 16:28:00",NO_IMPROPER_ACTION,FAILED_TO_YIELD_RIGHT_OF_WAY_103,,
2482204,2,OTHER_97,-112.069564432899,33.5713491444211,3,LEGACY_INTERSECTION_RELATED_PRIOR_2009_98,OTHER_97,PHOENIX,"2010-11-19 07:30:00",NO_IMPROPER_ACTION,FAILED_TO_YIELD_RIGHT_OF_WAY_103,,
2482206,4,OTHER_97,-111.977383240921,33.6479013969154,4,UNKNOWN_99,OTHER_97,PHOENIX,"2010-12-02 16:44:00",NO_IMPROPER_ACTION+NO_IMPROPER_ACTION+NO_IMPROPER_ACTION,NO_IMPROPER_ACTION,,
2482502,2,LEFT_TURN,-110.877951368833,32.5391878160327,3,T_INTERSECTION,LEFT_TURN,UNSPECIFIED_999,"2010-12-24 11:20:00",FAILED_TO_YIELD_RIGHT_OF_WAY_103,NO_IMPROPER_ACTION,,
2482591,2,OTHER_97,-112.08285198412,33.6404097614753,2,FOUR_WAY_INTERSECTION,OTHER_97,PHOENIX,"2010-12-02 20:31:00",NO_IMPROPER_ACTION,FAILED_TO_YIELD_RIGHT_OF_WAY_103,,
2482631,2,ANGLE_FRONT_TO_SIDE,-111.841746521996,33.3401554031831,2,NOT_REPORTED_255,ANGLE_FRONT_TO_SIDE,CHANDLER,"2010-12-08 18:52:00",DROVE_RODE_IN_OPPOSING_TRAFFIC_LANE,NO_IMPROPER_ACTION,,
2482695,2,OTHER_97,-112.047473382354,33.4983804986061,2,FOUR_WAY_INTERSECTION,OTHER_97,PHOENIX,"2010-12-04 07:38:00",UNKNOWN_99,NO_IMPROPER_ACTION,,
2482766,2,ANGLE_FRONT_TO_SIDE,-111.926210145002,33.5967044153425,1,UNKNOWN_99,ANGLE_FRONT_TO_SIDE,PHOENIX,"2010-12-03 11:21:00",UNKNOWN_99,UNKNOWN_99,,
2482817,2,OTHER_97,-112.345887275352,33.4921695773531,2,FOUR_WAY_INTERSECTION,OTHER_97,AVONDALE,"2010-12-11 23:09:00",NO_IMPROPER_ACTION,DISREGARDED_TRAFFIC_SIGNAL,,
2482829,2,LEFT_TURN,-111.980058828016,33.3254775890367,2,FOUR_WAY_INTERSECTION,LEFT_TURN,PHOENIX,"2010-12-01 14:21:00",OTHER_97,NO_IMPROPER_ACTION,,
2482913,2,ANGLE_FRONT_TO_SIDE,-111.980288292175,33.3254880418515,2,T_INTERSECTION,ANGLE_FRONT_TO_SIDE,PHOENIX,"2010-12-07 17:06:00",OTHER_97,NO_IMPROPER_ACTION,,
2482914,2,ANGLE_FRONT_TO_SIDE,-112.073709884149,33.5255115451575,3,T_INTERSECTION,ANGLE_FRONT_TO_SIDE,PHOENIX,"2010-12-01 11:01:00",UNKNOWN_99,NO_IMPROPER_ACTION,,
2482985,2,ANGLE_FRONT_TO_SIDE,-112.106292821341,33.5097150645949,2,FOUR_WAY_INTERSECTION,ANGLE_FRONT_TO_SIDE,PHOENIX,"2010-12-05 13:23:00",FAILED_TO_KEEP_IN_PROPER_LANE,NO_IMPROPER_ACTION,,
2483126,2,OTHER_97,-112.078981504846,33.4875471788009,3,LEGACY_INTERSECTION_RELATED_PRIOR_2009_98,OTHER_97,PHOENIX,"2010-10-29 15:06:00",OTHER_97,NO_IMPROPER_ACTION,,
2483144,2,OTHER_97,-112.04907312982,33.4946770994252,4,NOT_AT_INTERSECTION_0,OTHER_97,PHOENIX,"2010-12-09 15:03:00",FAILED_TO_YIELD_RIGHT_OF_WAY_103,NOT_APPLICABLE_MINUS_1+NO_IMPROPER_ACTION,,
2483145,2,OTHER_97,-112.067577810769,33.465734296736,3,UNKNOWN_99,OTHER_97,PHOENIX,"2010-12-13 14:19:00",OTHER_97,DISREGARDED_TRAFFIC_SIGNAL,,
2483148,2,OTHER_97,-112.10438634872,33.4806601736167,1,NOT_AT_INTERSECTION_0,OTHER_97,PHOENIX,"2010-12-14 15:02:00",FAILED_TO_YIELD_RIGHT_OF_WAY_103,NO_IMPROPER_ACTION,,
2483149,2,OTHER_97,-112.099901668974,33.494853395265,3,LEGACY_INTERSECTION_RELATED_PRIOR_2009_98,OTHER_97,PHOENIX,"2010-12-14 20:10:00",INATTENTION_DISTRACTION,INATTENTION_DISTRACTION,,
2483253,2,LEFT_TURN,-112.114213892967,33.8565545951004,3,FOUR_WAY_INTERSECTION,LEFT_TURN,UNSPECIFIED_999,"2010-12-11 12:23:00",NO_IMPROPER_ACTION,NO_IMPROPER_ACTION,,
2483337,2,ANGLE_FRONT_TO_SIDE,-112.133517696822,33.5094463215217,3,UNKNOWN_99,ANGLE_FRONT_TO_SIDE,PHOENIX,"2010-12-10 15:50:00",DROVE_RODE_IN_OPPOSING_TRAFFIC_LANE,NO_IMPROPER_ACTION,,
2483379,2,SIDESWIPE_SAME_DIRECTION,-112.122308180258,33.5838878802839,2,FOUR_WAY_INTERSECTION,SIDESWIPE_SAME_DIRECTION,PHOENIX,"2010-12-10 13:43:00",NO_IMPROPER_ACTION,INATTENTION_DISTRACTION,,
2483503,2,ANGLE_FRONT_TO_SIDE,-112.182125631721,33.4805312434864,4,UNKNOWN_99,ANGLE_FRONT_TO_SIDE,PHOENIX,"2010-12-14 18:54:00",DID_NOT_USE_CROSSWALK,NOT_APPLICABLE_MINUS_1+NOT_APPLICABLE_MINUS_1+NO_IMPROPER_ACTION,,
2483723,2,ANGLE_FRONT_TO_SIDE,-112.151452578957,33.5311930778816,2,FOUR_WAY_INTERSECTION,ANGLE_FRONT_TO_SIDE,PHOENIX,"2010-12-19 17:07:00",DISREGARDED_TRAFFIC_SIGNAL,NOT_APPLICABLE_MINUS_1+NO_IMPROPER_ACTION,,
2483890,2,SIDESWIPE_SAME_DIRECTION,-111.960558806702,33.6078060720031,2,FOUR_WAY_INTERSECTION,SIDESWIPE_SAME_DIRECTION,PHOENIX,"2010-12-19 15:13:00",FAILED_TO_KEEP_IN_PROPER_LANE,NO_IMPROPER_ACTION,,
2483943,2,OTHER_97,-112.099758682294,33.5068675091066,3,LEGACY_INTERSECTION_RELATED_PRIOR_2009_98,OTHER_97,PHOENIX,"2010-12-16 08:32:00",FAILED_TO_YIELD_RIGHT_OF_WAY_103,NO_IMPROPER_ACTION,,
2483944,2,OTHER_97,-112.079062829458,33.4840217418421,2,LEGACY_INTERSECTION_RELATED_PRIOR_2009_98,OTHER_97,PHOENIX,"2010-12-16 11:46:00",OTHER_97,NO_IMPROPER_ACTION,,
2484143,2,OTHER_97,-110.896596749993,32.2214925502033,3,NOT_AT_INTERSECTION_0,OTHER_97,TUCSON,"2010-12-21 12:35:00",OTHER_97,NO_IMPROPER_ACTION,,
2484427,2,OTHER_97,-112.186193456138,33.542222682833,3,FOUR_WAY_INTERSECTION,OTHER_97,GLENDALE,"2010-12-03 17:46:00",OTHER_97,NO_IMPROPER_ACTION,,
2484565,2,ANGLE_FRONT_TO_SIDE,-112.030310211031,33.4833655922327,2,T_INTERSECTION,ANGLE_FRONT_TO_SIDE,PHOENIX,"2010-12-18 15:24:00",DROVE_RODE_IN_OPPOSING_TRAFFIC_LANE,NO_IMPROPER_ACTION,,
2484641,2,SIDESWIPE_SAME_DIRECTION,-112.013733442922,33.4804816702406,3,UNKNOWN_99,SIDESWIPE_SAME_DIRECTION,PHOENIX,"2010-12-24 13:47:00",OTHER_97,NO_IMPROPER_ACTION,,
2484694,2,ANGLE_FRONT_TO_SIDE,-111.995589964828,33.465717887597,2,FOUR_WAY_INTERSECTION,ANGLE_FRONT_TO_SIDE,PHOENIX,"2010-12-26 19:54:00",NO_IMPROPER_ACTION,INATTENTION_DISTRACTION+NOT_APPLICABLE_MINUS_1,,
2484804,2,ANGLE_FRONT_TO_SIDE,-112.047533612497,33.4774955620132,2,FOUR_WAY_INTERSECTION,ANGLE_FRONT_TO_SIDE,PHOENIX,"2010-12-28 08:24:00",DROVE_RODE_IN_OPPOSING_TRAFFIC_LANE,NO_IMPROPER_ACTION+NOT_APPLICABLE_MINUS_1,,
2484815,2,ANGLE_FRONT_TO_SIDE,-112.030868051405,33.6544604065171,1,UNKNOWN_99,ANGLE_FRONT_TO_SIDE,PHOENIX,"2010-12-26 14:42:00",NO_IMPROPER_ACTION,NOT_APPLICABLE_MINUS_1+FAILED_TO_YIELD_RIGHT_OF_WAY_103,,
2484846,2,OTHER_97,-112.116977645238,33.5531218807322,2,FOUR_WAY_INTERSECTION,OTHER_97,PHOENIX,"2010-12-23 19:35:00",UNKNOWN_99,INATTENTION_DISTRACTION,,
2484847,2,SIDESWIPE_OPPOSITE_DIRECTION,-111.598038560508,33.385828789439,1,FOUR_WAY_INTERSECTION,SIDESWIPE_OPPOSITE_DIRECTION,UNSPECIFIED_999,"2010-12-09 10:43:00",FAILED_TO_YIELD_RIGHT_OF_WAY_103,NO_IMPROPER_ACTION,,
2484993,2,LEFT_TURN,-112.066198887169,33.3995846629624,1,T_INTERSECTION,LEFT_TURN,PHOENIX,"2010-12-01 05:58:00",OTHER_97,NO_IMPROPER_ACTION,,
2485058,2,LEFT_TURN,-112.203090970537,33.5347039798046,2,FOUR_WAY_INTERSECTION,LEFT_TURN,GLENDALE,"2010-12-24 14:02:00",NO_IMPROPER_ACTION,FAILED_TO_YIELD_RIGHT_OF_WAY_103,,
2485392,2,OTHER_97,-112.086876345691,33.5057530040444,2,LEGACY_INTERSECTION_RELATED_PRIOR_2009_98,OTHER_97,PHOENIX,"2010-10-28 08:37:00",NO_IMPROPER_ACTION,FAILED_TO_YIELD_RIGHT_OF_WAY_103,,
2485393,2,OTHER_97,-112.133997238629,33.6107543411796,3,LEGACY_INTERSECTION_RELATED_PRIOR_2009_98,OTHER_97,PHOENIX,"2010-12-06 07:49:00",NO_IMPROPER_ACTION,FAILED_TO_YIELD_RIGHT_OF_WAY_103,,
2485395,2,OTHER_97,-112.09947997476,33.5820743163932,1,LEGACY_INTERSECTION_RELATED_PRIOR_2009_98,OTHER_97,PHOENIX,"2010-12-10 15:44:00",FAILED_TO_YIELD_RIGHT_OF_WAY_103,NO_IMPROPER_ACTION,,
2485568,2,ANGLE_FRONT_TO_SIDE,-111.701739716999,33.4335769662426,3,T_INTERSECTION,ANGLE_FRONT_TO_SIDE,MESA,"2010-12-25 16:22:00",FAILED_TO_YIELD_RIGHT_OF_WAY_103,NO_IMPROPER_ACTION,,
2486010,2,ANGLE_FRONT_TO_SIDE,-112.073813097798,33.4482410804499,2,FOUR_WAY_INTERSECTION,ANGLE_FRONT_TO_SIDE,GLENDALE,"2010-12-13 17:39:00",NO_IMPROPER_ACTION,INATTENTION_DISTRACTION,,
2486307,2,REAR_END,-112.255021894444,33.5225443735276,1,UNKNOWN_99,REAR_END,GLENDALE,"2010-12-09 07:53:00",NO_IMPROPER_ACTION,SPEED_TOO_FAST_FOR_CONDITIONS+NOT_APPLICABLE_MINUS_1,,
2486308,2,ANGLE_FRONT_TO_SIDE,-112.186141469815,33.5783250068946,2,FOUR_WAY_INTERSECTION,ANGLE_FRONT_TO_SIDE,GLENDALE,"2010-12-31 14:51:00",WALKED_ON_WRONG_SIDE_OF_ROAD,INATTENTION_DISTRACTION,,
2486340,2,LEFT_TURN,-112.168629323093,33.531334676221,2,FOUR_WAY_INTERSECTION,LEFT_TURN,GLENDALE,"2010-12-11 16:20:00",NO_IMPROPER_ACTION,FAILED_TO_YIELD_RIGHT_OF_WAY_103,,
2488423,2,ANGLE_FRONT_TO_SIDE,-112.111529118513,33.8637481558691,3,T_INTERSECTION,ANGLE_FRONT_TO_SIDE,UNSPECIFIED_999,"2010-12-27 17:42:00",NO_IMPROPER_ACTION,NOT_APPLICABLE_MINUS_1+NOT_APPLICABLE_MINUS_1+FAILED_TO_YIELD_RIGHT_OF_WAY_103,,
2488813,2,ANGLE_FRONT_TO_SIDE,-112.112883497305,33.5094492857232,3,FOUR_WAY_INTERSECTION,ANGLE_FRONT_TO_SIDE,PHOENIX,"2010-12-03 16:08:00",OTHER_97,NOT_APPLICABLE_MINUS_1+NOT_APPLICABLE_MINUS_1+NOT_APPLICABLE_MINUS_1+NO_IMPROPER_ACTION,,
2489105,2,LEFT_TURN,-112.203056952417,33.5383208678362,2,FOUR_WAY_INTERSECTION,LEFT_TURN,GLENDALE,"2010-12-20 12:37:00",DROVE_RODE_IN_OPPOSING_TRAFFIC_LANE,NOT_APPLICABLE_MINUS_1+NO_IMPROPER_ACTION,,
2535605,2,OTHER_97,-112.141496243966,33.4476858306601,5,NOT_AT_INTERSECTION_0,OTHER_97,PHOENIX,"2010-12-23 15:04:00",MADE_IMPROPER_TURN,NO_IMPROPER_ACTION,,
2415774,3,REAR_END,-111.926312028329,33.4354383481449,2,FOUR_WAY_INTERSECTION,REAR_END,TEMPE,"2011-02-16 12:06:00",NO_IMPROPER_ACTION,NOT_APPLICABLE_MINUS_1+NOT_APPLICABLE_MINUS_1+SPEED_TOO_FAST_FOR_CONDITIONS+NO_IMPROPER_ACTION,,
2417329,2,OTHER_97,-111.563711562209,33.3859007466002,2,FOUR_WAY_INTERSECTION,OTHER_97,UNSPECIFIED_999,"2011-02-15 13:24:00",OTHER_97,NOT_APPLICABLE_MINUS_1+FAILED_TO_YIELD_RIGHT_OF_WAY_103,,
2428724,2,HEAD_ON,-112.099581700487,33.5383275610387,3,FOUR_WAY_INTERSECTION,HEAD_ON,PHOENIX,"2011-01-24 21:49:00",INATTENTION_DISTRACTION,NO_IMPROPER_ACTION+NOT_APPLICABLE_MINUS_1,,
2434137,2,SIDESWIPE_SAME_DIRECTION,-111.842084762784,33.3700304051166,3,FOUR_WAY_INTERSECTION,SIDESWIPE_SAME_DIRECTION,GILBERT,"2011-03-24 16:09:00",FAILED_TO_KEEP_IN_PROPER_LANE,MADE_IMPROPER_TURN,,
2438572,2,OTHER_97,-111.996487088878,33.0249472361535,5,FOUR_WAY_INTERSECTION,OTHER_97,MARICOPA,"2011-03-08 13:22:00",RAN_STOP_SIGN,NOT_APPLICABLE_MINUS_1+NOT_APPLICABLE_MINUS_1+NO_IMPROPER_ACTION,,
2439638,2,ANGLE_FRONT_TO_SIDE,-111.859001440686,33.3428542314237,3,T_INTERSECTION,ANGLE_FRONT_TO_SIDE,CHANDLER,"2011-01-19 16:00:00",UNSAFE_LANE_CHANGE,NO_IMPROPER_ACTION,,
2439723,2,SIDESWIPE_SAME_DIRECTION,-112.073813097798,33.4482410804499,2,NOT_AT_INTERSECTION_0,SIDESWIPE_SAME_DIRECTION,UNSPECIFIED_999,"2011-01-03 06:16:00",UNKNOWN_99,OTHER_UNSAFE_PASSING,,
2443082,2,ANGLE_FRONT_TO_SIDE,-112.065199848566,33.5382755402635,3,FOUR_WAY_INTERSECTION,ANGLE_FRONT_TO_SIDE,PHOENIX,"2011-03-03 17:10:00",FAILED_TO_YIELD_RIGHT_OF_WAY_103,NO_IMPROPER_ACTION+NOT_APPLICABLE_MINUS_1+NOT_APPLICABLE_MINUS_1+NOT_APPLICABLE_MINUS_1+NOT_APPLICABLE_MINUS_1+NOT_APPLICABLE_MINUS_1,,
2447514,2,ANGLE_FRONT_TO_SIDE,-111.840293487083,33.3855073877939,2,FOUR_WAY_INTERSECTION,ANGLE_FRONT_TO_SIDE,MESA,"2011-04-17 07:51:00",FAILED_TO_YIELD_RIGHT_OF_WAY_103,OTHER_97,,
2447543,2,ANGLE_FRONT_TO_SIDE,-112.114963435619,33.6109201734651,3,FOUR_WAY_INTERSECTION,ANGLE_FRONT_TO_SIDE,PHOENIX,"2011-04-12 17:09:00",DISREGARDED_TRAFFIC_SIGNAL,NOT_APPLICABLE_MINUS_1+NO_IMPROPER_ACTION+NOT_APPLICABLE_MINUS_1+NOT_APPLICABLE_MINUS_1,,
2448655,2,SIDESWIPE_SAME_DIRECTION,-111.97781229024,33.6257150271193,3,NOT_AT_INTERSECTION_0,SIDESWIPE_SAME_DIRECTION,PHOENIX,"2011-03-16 10:49:00",NO_IMPROPER_ACTION,FAILED_TO_KEEP_IN_PROPER_LANE,,
2449529,2,OTHER_97,-112.07150379426,33.4513934391329,4,NOT_AT_INTERSECTION_0,OTHER_97,PHOENIX,"2011-03-18 10:01:00",INATTENTION_DISTRACTION,NO_IMPROPER_ACTION,,
2452732,2,OTHER_97,-112.006768211298,33.6263321087417,4,FOUR_WAY_INTERSECTION,OTHER_97,PHOENIX,"2011-04-24 00:19:00",DISREGARDED_TRAFFIC_SIGNAL,NO_IMPROPER_ACTION,,
2453091,2,ANGLE_FRONT_TO_SIDE,-112.332183923457,33.4890181439311,4,T_INTERSECTION,ANGLE_FRONT_TO_SIDE,AVONDALE,"2011-04-15 15:33:00",INATTENTION_DISTRACTION,NO_IMPROPER_ACTION,,
2453912,2,OTHER_97,-112.056310769091,33.499848122025,5,NOT_REPORTED_255,OTHER_97,PHOENIX,"2011-01-07 15:12:00",OTHER_97,NO_IMPROPER_ACTION,,
2467262,2,HEAD_ON,-111.945950752827,33.3737730589554,4,NOT_AT_INTERSECTION_0,HEAD_ON,TEMPE,"2011-03-28 19:10:00",DROVE_RODE_IN_OPPOSING_TRAFFIC_LANE,NOT_APPLICABLE_MINUS_1+NO_IMPROPER_ACTION+NOT_APPLICABLE_MINUS_1+NOT_APPLICABLE_MINUS_1,126,0.00421503166676481
2481141,2,ANGLE_FRONT_TO_SIDE,-112.113982390377,33.6402478114967,3,INTERSECTION_AS_PART_OF_INTERCHANGE,ANGLE_FRONT_TO_SIDE,PHOENIX,"2011-06-08 10:50:00",DISREGARDED_TRAFFIC_SIGNAL,NO_IMPROPER_ACTION,,
2481499,2,ANGLE_FRONT_TO_SIDE,-111.874613387951,33.3930549555705,3,FOUR_WAY_INTERSECTION,ANGLE_FRONT_TO_SIDE,MESA,"2011-01-28 11:40:00",NO_IMPROPER_ACTION,OTHER_97,,
2481590,2,ANGLE_FRONT_TO_SIDE,-111.787785124551,33.4428285080815,4,NOT_AT_INTERSECTION_0,ANGLE_FRONT_TO_SIDE,MESA,"2011-01-28 16:05:00",UNSAFE_LANE_CHANGE,NOT_APPLICABLE_MINUS_1+NO_IMPROPER_ACTION,,
2482105,2,ANGLE_FRONT_TO_SIDE,-112.232983171482,33.6530499663204,2,FOUR_WAY_INTERSECTION,ANGLE_FRONT_TO_SIDE,GLENDALE,"2011-05-17 15:21:00",DISREGARDED_TRAFFIC_SIGNAL,NO_IMPROPER_ACTION,,