IncidentID,num_vehicles_involved,eCollisionManner,Longitude,Latitude,InjurySeverity,eIntersectionType,eCollisionManner,city_name,IncidentDateTime,cyclist_citations,driver_citations,nearest_count_site,distance_to_nearest_count_site
2498620,2,UNKNOWN_99,-110.884100151052,32.2434247282636,4,FOUR_WAY_INTERSECTION,UNKNOWN_99,TUCSON,"2011-02-01 15:30:00",NO_IMPROPER_ACTION,FAILED_TO_YIELD_RIGHT_OF_WAY_103+NOT_APPLICABLE_MINUS_1,,
2498654,2,UNKNOWN_99,-110.959450182792,32.2316898781703,2,FOUR_WAY_INTERSECTION,UNKNOWN_99,TUCSON,"2011-02-02 17:04:00",NO_IMPROPER_ACTION,FAILED_TO_YIELD_RIGHT_OF_WAY_103,,
2498666,2,LEFT_TURN,-111.757283657526,32.9087840055248,1,FOUR_WAY_INTERSECTION,LEFT_TURN,"CASA GRANDE","2011-02-25 21:03:00",NO_IMPROPER_ACTION,FAILED_TO_YIELD_RIGHT_OF_WAY_103,,
2498711,2,ANGLE_FRONT_TO_SIDE,-111.809642489951,33.4187987197316,1,T_INTERSECTION,ANGLE_FRONT_TO_SIDE,MESA,"2011-02-18 17:26:00",INATTENTION_DISTRACTION,NO_IMPROPER_ACTION,,
2498766,2,OTHER_97,-111.769723232996,32.9707116682544,1,UNKNOWN_99,OTHER_97,UNSPECIFIED_999,"2011-02-28 18:45:00",UNKNOWN_99,NO_IMPROPER_ACTION,,
2498785,2,LEFT_TURN,-112.195016188512,33.5239571468791,3,FOUR_WAY_INTERSECTION,LEFT_TURN,GLENDALE,"2011-02-03 16:56:00",FAILED_TO_KEEP_IN_PROPER_LANE,NO_IMPROPER_ACTION,,
2498803,2,ANGLE_FRONT_TO_SIDE,-112.202490045527,33.625004101393,2,FOUR_WAY_INTERSECTION,ANGLE_FRONT_TO_SIDE,GLENDALE,"2011-02-10 17:27:00",NO_IMPROPER_ACTION,FAILED_TO_YIELD_RIGHT_OF_WAY_103,,
2498968,2,OTHER_97,-110.963446081052,32.2720524794215,2,T_INTERSECTION,OTHER_97,TUCSON,"2011-02-05 11:11:00",NO_IMPROPER_ACTION,OTHER_97,,
2499007,2,ANGLE_FRONT_TO_SIDE,-112.186442732994,33.567515396849,2,FOUR_WAY_INTERSECTION,ANGLE_FRONT_TO_SIDE,GLENDALE,"2011-02-01 11:26:00",NO_IMPROPER_ACTION,UNKNOWN_99,,
2499093,2,ANGLE_FRONT_TO_SIDE,-111.881334635408,33.3494835683731,3,T_INTERSECTION,ANGLE_FRONT_TO_SIDE,CHANDLER,"2011-02-25 16:56:00",OTHER_97,NO_IMPROPER_ACTION,,
2499289,2,ANGLE_FRONT_TO_SIDE,0,0,3,FOUR_WAY_INTERSECTION,ANGLE_FRONT_TO_SIDE,"COLORADO CITY","2011-02-25 12:30:00",INATTENTION_DISTRACTION,NO_IMPROPER_ACTION,,
2499309,2,OTHER_97,-110.935285809944,32.2576093465908,3,FOUR_WAY_INTERSECTION,OTHER_97,TUCSON,"2011-02-11 17:15:00",NO_IMPROPER_ACTION,NOT_APPLICABLE_MINUS_1+FAILED_TO_YIELD_RIGHT_OF_WAY_103,,
2499314,2,OTHER_97,-110.90969845168,32.2470535035278,3,T_INTERSECTION,OTHER_97,TUCSON,"2011-02-14 15:40:00",NO_IMPROPER_ACTION,OTHER_97,,
2499413,2,OTHER_97,-110.961072373887,32.2793599287798,2,FOUR_WAY_INTERSECTION,OTHER_97,TUCSON,"2011-02-18 17:00:00",NO_IMPROPER_ACTION,DISREGARDED_TRAFFIC_SIGNAL,,
2499459,2,OTHER_97,-110.967155805679,32.1704529478467,3,T_INTERSECTION,OTHER_97,TUCSON,"2011-02-21 07:35:00",RAN_STOP_SIGN,NOT_APPLICABLE_MINUS_1+NO_IMPROPER_ACTION+NOT_APPLICABLE_MINUS_1,,
2499507,2,OTHER_97,-110.943924266682,32.2520109457633,2,FOUR_WAY_INTERSECTION,OTHER_97,TUCSON,"2011-02-22 11:31:00",DROVE_RODE_IN_OPPOSING_TRAFFIC_LANE,NO_IMPROPER_ACTION,,
2499537,2,OTHER_97,-110.973763142618,32.1759424074585,3,FOUR_WAY_INTERSECTION,OTHER_97,TUCSON,"2011-02-23 18:26:00",OTHER_97,NO_IMPROPER_ACTION,,
2499662,2,ANGLE_FRONT_TO_SIDE,-110.25739771723,31.4843057159656,4,T_INTERSECTION,ANGLE_FRONT_TO_SIDE,UNSPECIFIED_999,"2011-07-04 21:42:00",KNOWINGLY_OPERATED_WITH_FAULTY_MISSING_EQUIPMENT,NO_IMPROPER_ACTION+NOT_APPLICABLE_MINUS_1,,
2499679,2,ANGLE_FRONT_TO_SIDE,-112.190550777602,33.5543032270563,1,T_INTERSECTION,ANGLE_FRONT_TO_SIDE,GLENDALE,"2011-02-15 16:54:00",DROVE_RODE_IN_OPPOSING_TRAFFIC_LANE,NOT_APPLICABLE_MINUS_1+SPEED_TOO_FAST_FOR_CONDITIONS,,
2499838,2,ANGLE_FRONT_TO_SIDE,-112.112863047817,33.5526879299112,4,NOT_REPORTED_255,ANGLE_FRONT_TO_SIDE,PHOENIX,"2011-02-18 10:58:00",DID_NOT_USE_CROSSWALK,NO_IMPROPER_ACTION+NOT_APPLICABLE_MINUS_1,,
2500326,2,ANGLE_FRONT_TO_SIDE,-111.992061203367,33.3199241292118,3,FOUR_WAY_INTERSECTION,ANGLE_FRONT_TO_SIDE,PHOENIX,"2011-02-02 16:01:00",OTHER_97,NO_IMPROPER_ACTION,,
2500429,2,SIDESWIPE_OPPOSITE_DIRECTION,-112.107800803867,33.4806972148154,3,UNKNOWN_99,SIDESWIPE_OPPOSITE_DIRECTION,PHOENIX,"2011-02-06 14:46:00",DROVE_RODE_IN_OPPOSING_TRAFFIC_LANE,NO_IMPROPER_ACTION,,
2500529,2,ANGLE_FRONT_TO_SIDE,-112.073813097798,33.4482410804499,2,T_INTERSECTION,ANGLE_FRONT_TO_SIDE,PHOENIX,"2011-02-07 23:22:00",NO_IMPROPER_ACTION,INATTENTION_DISTRACTION,,
2500696,2,OTHER_97,-112.22048154752,33.5451556700462,1,FOUR_WAY_INTERSECTION,OTHER_97,GLENDALE,"2011-02-16 15:26:00",UNKNOWN_99,INATTENTION_DISTRACTION,,
2500821,2,ANGLE_FRONT_TO_SIDE,-112.073813097798,33.4482410804499,2,T_INTERSECTION,ANGLE_FRONT_TO_SIDE,PHOENIX,"2011-02-08 21:46:00",OTHER_97,RAN_STOP_SIGN,,
2500826,2,ANGLE_FRONT_TO_SIDE,-112.151922815382,33.6544130136166,4,FOUR_WAY_INTERSECTION,ANGLE_FRONT_TO_SIDE,PHOENIX,"2011-02-11 07:55:00",OTHER_97,NOT_APPLICABLE_MINUS_1+INATTENTION_DISTRACTION+NOT_APPLICABLE_MINUS_1,,
2500892,2,ANGLE_FRONT_TO_SIDE,-112.069668251417,33.4067129685895,3,FOUR_WAY_INTERSECTION,ANGLE_FRONT_TO_SIDE,PHOENIX,"2011-02-15 17:03:00",OTHER_97,NO_IMPROPER_ACTION,,
2500961,2,ANGLE_FRONT_TO_SIDE,-112.116902161294,33.5232423773974,4,UNKNOWN_99,ANGLE_FRONT_TO_SIDE,PHOENIX,"2011-02-15 17:20:00",DROVE_RODE_IN_OPPOSING_TRAFFIC_LANE,NO_IMPROPER_ACTION,,
2501016,2,ANGLE_FRONT_TO_SIDE,-112.130040090509,33.4804972101557,2,FOUR_WAY_INTERSECTION,ANGLE_FRONT_TO_SIDE,PHOENIX,"2011-02-09 11:04:00",OTHER_97,NO_IMPROPER_ACTION+NOT_APPLICABLE_MINUS_1,,
2501104,2,ANGLE_FRONT_TO_SIDE,-112.099801189002,33.4992803028069,2,UNKNOWN_99,ANGLE_FRONT_TO_SIDE,PHOENIX,"2011-02-17 13:35:00",DROVE_RODE_IN_OPPOSING_TRAFFIC_LANE,NOT_APPLICABLE_MINUS_1+NO_IMPROPER_ACTION,,
2501142,2,ANGLE_FRONT_TO_SIDE,-112.134267444942,33.5276021463328,1,FOUR_WAY_INTERSECTION,ANGLE_FRONT_TO_SIDE,PHOENIX,"2011-02-17 16:30:00",DROVE_RODE_IN_OPPOSING_TRAFFIC_LANE,DISREGARDED_TRAFFIC_SIGNAL,,
2501251,2,ANGLE_FRONT_TO_SIDE,-112.078688237339,33.3858201404084,3,UNKNOWN_99,ANGLE_FRONT_TO_SIDE,PHOENIX,"2011-02-16 15:12:00",INATTENTION_DISTRACTION,NO_IMPROPER_ACTION+NOT_APPLICABLE_MINUS_1,,
2501266,2,ANGLE_FRONT_TO_SIDE,-112.106283736136,33.495025192104,3,T_INTERSECTION,ANGLE_FRONT_TO_SIDE,PHOENIX,"2011-02-15 07:37:00",DROVE_RODE_IN_OPPOSING_TRAFFIC_LANE,FAILED_TO_YIELD_RIGHT_OF_WAY_103,,
2501270,2,ANGLE_FRONT_TO_SIDE,-112.030811472262,33.6204250770969,4,UNKNOWN_99,ANGLE_FRONT_TO_SIDE,PHOENIX,"2011-02-21 12:40:00",INATTENTION_DISTRACTION,INATTENTION_DISTRACTION,,
2501380,2,ANGLE_FRONT_TO_SIDE,-112.065536402141,33.6392941052085,3,UNKNOWN_99,ANGLE_FRONT_TO_SIDE,PHOENIX,"2011-02-16 12:48:00",OTHER_97,NO_IMPROPER_ACTION,,
2501393,2,ANGLE_FRONT_TO_SIDE,-112.138854970945,33.4659566917518,3,FOUR_WAY_INTERSECTION,ANGLE_FRONT_TO_SIDE,PHOENIX,"2011-02-14 18:52:00",NO_IMPROPER_ACTION,NOT_APPLICABLE_MINUS_1+FAILED_TO_YIELD_RIGHT_OF_WAY_103,,
2501415,2,ANGLE_FRONT_TO_SIDE,-112.147168045055,33.5385683505992,3,UNKNOWN_99,ANGLE_FRONT_TO_SIDE,PHOENIX,"2011-02-22 11:44:00",OTHER_97,NO_IMPROPER_ACTION,,
2501609,2,SIDESWIPE_OPPOSITE_DIRECTION,-112.023710805849,33.4803707848025,2,T_INTERSECTION,SIDESWIPE_OPPOSITE_DIRECTION,PHOENIX,"2011-02-25 16:31:00",NO_IMPROPER_ACTION,INATTENTION_DISTRACTION,,
2501706,2,ANGLE_FRONT_TO_SIDE,-112.220037912329,33.612570175216,2,T_INTERSECTION,ANGLE_FRONT_TO_SIDE,PEORIA,"2011-03-16 17:36:00",OTHER_97,FAILED_TO_YIELD_RIGHT_OF_WAY_103,,
2501712,2,ANGLE_FRONT_TO_SIDE,-112.065355875915,33.4586597760818,2,FOUR_WAY_INTERSECTION,ANGLE_FRONT_TO_SIDE,PHOENIX,"2011-02-22 14:20:00",UNKNOWN_99,NO_IMPROPER_ACTION,,
2501753,2,OTHER_97,-112.065530249729,33.6379608348794,4,UNKNOWN_99,OTHER_97,PHOENIX,"2011-02-23 15:30:00",OTHER_97,FAILED_TO_YIELD_RIGHT_OF_WAY_103,,
2501772,2,ANGLE_FRONT_TO_SIDE,-112.016235563977,33.6285751847685,2,UNKNOWN_99,ANGLE_FRONT_TO_SIDE,PHOENIX,"2011-02-28 17:30:00",DID_NOT_USE_CROSSWALK,INATTENTION_DISTRACTION,,
2501867,2,SIDESWIPE_OPPOSITE_DIRECTION,-112.359156632026,34.5900289764173,1,T_INTERSECTION,SIDESWIPE_OPPOSITE_DIRECTION,"PRESCOTT VALLEY","2011-03-26 12:16:00",NO_IMPROPER_ACTION,NOT_APPLICABLE_MINUS_1+NO_IMPROPER_ACTION,,
2502011,2,ANGLE_FRONT_TO_SIDE,0,0,1,T_INTERSECTION,ANGLE_FRONT_TO_SIDE,TEMPE,"2011-03-11 09:37:00",OTHER_97,NO_IMPROPER_ACTION,,
2502035,2,ANGLE_FRONT_TO_SIDE,-111.939879625953,33.4133514531722,3,NOT_AT_INTERSECTION_0,ANGLE_FRONT_TO_SIDE,TEMPE,"2011-03-08 19:09:00",KNOWINGLY_OPERATED_WITH_FAULTY_MISSING_EQUIPMENT,OTHER_97,113,0.00129605707436711
2502068,2,ANGLE_FRONT_TO_SIDE,-111.926345317799,33.392957047448,1,FOUR_WAY_INTERSECTION,ANGLE_FRONT_TO_SIDE,TEMPE,"2011-03-09 13:42:00",OTHER_97,NO_IMPROPER_ACTION,142,0.000147731445572541
2502417,2,HEAD_ON,-111.12006466527,32.3256896168977,4,NOT_AT_INTERSECTION_0,HEAD_ON,UNSPECIFIED_999,"2011-03-15 14:26:00",SPEED_TOO_FAST_FOR_CONDITIONS,NO_IMPROPER_ACTION,,
2502525,2,ANGLE_FRONT_TO_SIDE,-111.986496916252,33.6408116189444,3,FOUR_WAY_INTERSECTION,ANGLE_FRONT_TO_SIDE,PHOENIX,"2011-02-23 17:00:00",DROVE_RODE_IN_OPPOSING_TRAFFIC_LANE,INATTENTION_DISTRACTION,,
2502557,2,SIDESWIPE_OPPOSITE_DIRECTION,-112.073813097798,33.4482410804499,4,T_INTERSECTION,SIDESWIPE_OPPOSITE_DIRECTION,UNSPECIFIED_999,"2011-03-14 17:29:00",DROVE_RODE_IN_OPPOSING_TRAFFIC_LANE,NOT_APPLICABLE_MINUS_1+NO_IMPROPER_ACTION+NOT_APPLICABLE_MINUS_1+NOT_APPLICABLE_MINUS_1,,
2502594,2,SIDESWIPE_OPPOSITE_DIRECTION,-111.568861085913,33.4150706609448,2,NOT_AT_INTERSECTION_0,SIDESWIPE_OPPOSITE_DIRECTION,"APACHE JUNCTION","2011-03-25 18:55:00",DID_NOT_USE_CROSSWALK,NO_IMPROPER_ACTION+NOT_APPLICABLE_MINUS_1,,
2502614,2,HEAD_ON,-112.46669762784,34.5419042673401,3,NOT_AT_INTERSECTION_0,HEAD_ON,PRESCOTT,"2011-03-16 17:40:00",DROVE_RODE_IN_OPPOSING_TRAFFIC_LANE,NO_IMPROPER_ACTION,,
2502654,2,ANGLE_FRONT_TO_SIDE,-111.739655380244,32.8941270511258,2,NOT_REPORTED_255,ANGLE_FRONT_TO_SIDE,"CASA GRANDE","2011-03-09 07:40:00",OTHER_97,INATTENTION_DISTRACTION,,
2502676,2,ANGLE_FRONT_TO_SIDE,-112.065201921699,33.5713094730815,3,FOUR_WAY_INTERSECTION,ANGLE_FRONT_TO_SIDE,PHOENIX,"2011-02-28 16:47:00",NO_IMPROPER_ACTION,INATTENTION_DISTRACTION,,
2502677,2,LEFT_TURN,-111.747582843387,32.8792730544953,1,NOT_AT_INTERSECTION_0,LEFT_TURN,"CASA GRANDE","2011-03-01 11:26:00",INATTENTION_DISTRACTION,UNKNOWN_99,,
2502792,2,ANGLE_FRONT_TO_SIDE,-112.071134133215,33.5092739978431,1,T_INTERSECTION,ANGLE_FRONT_TO_SIDE,PHOENIX,"2011-02-14 13:39:00",FAILED_TO_YIELD_RIGHT_OF_WAY_103,NO_IMPROPER_ACTION,,
2502915,2,OTHER_97,-111.986648877435,33.5122868168873,3,LEGACY_INTERSECTION_RELATED_PRIOR_2009_98,OTHER_97,PHOENIX,"2011-01-27 06:50:00",NO_IMPROPER_ACTION,FAILED_TO_YIELD_RIGHT_OF_WAY_103,,
2502919,2,OTHER_97,-112.112841846498,33.5090200586872,1,NOT_AT_INTERSECTION_0,OTHER_97,PHOENIX,"2011-02-04 14:04:00",FAILED_TO_YIELD_RIGHT_OF_WAY_103,NO_IMPROPER_ACTION,,
2502921,2,OTHER_97,-111.978419565618,33.3780343228424,3,LEGACY_INTERSECTION_RELATED_PRIOR_2009_98,OTHER_97,PHOENIX,"2011-02-03 10:30:00",INATTENTION_DISTRACTION,INATTENTION_DISTRACTION,,
2502928,2,ANGLE_FRONT_TO_SIDE,-111.789685388435,33.3427779681943,3,FOUR_WAY_INTERSECTION,ANGLE_FRONT_TO_SIDE,GILBERT,"2011-03-29 20:20:00",NO_IMPROPER_ACTION,INATTENTION_DISTRACTION,,
2502949,2,OTHER_97,-112.358022280104,33.4586021207495,4,FOUR_WAY_INTERSECTION,OTHER_97,GOODYEAR,"2011-01-05 08:46:00",NO_IMPROPER_ACTION,INATTENTION_DISTRACTION+NOT_APPLICABLE_MINUS_1,,
2503069,2,ANGLE_FRONT_TO_SIDE,-111.908546006237,33.5320125012019,2,FOUR_WAY_INTERSECTION,ANGLE_FRONT_TO_SIDE,SCOTTSDALE,"2011-03-02 13:05:00",WALKED_ON_WRONG_SIDE_OF_ROAD,INATTENTION_DISTRACTION,,
2503094,2,ANGLE_FRONT_TO_SIDE,-111.886135792836,33.5825502153709,2,FOUR_WAY_INTERSECTION,ANGLE_FRONT_TO_SIDE,SCOTTSDALE,"2011-03-01 09:20:00",NO_IMPROPER_ACTION,SPEED_TOO_FAST_FOR_CONDITIONS,,
2503095,2,ANGLE_FRONT_TO_SIDE,-111.915380719811,33.5021840849969,1,T_INTERSECTION,ANGLE_FRONT_TO_SIDE,SCOTTSDALE,"2011-03-06 00:51:00",NO_IMPROPER_ACTION,FAILED_TO_YIELD_RIGHT_OF_WAY_103,,
2503226,2,ANGLE_FRONT_TO_SIDE,-111.909191502455,33.3847041867497,2,UNKNOWN_99,ANGLE_FRONT_TO_SIDE,TEMPE,"2011-01-13 14:58:00",OTHER_97,NO_IMPROPER_ACTION,,
2503259,2,ANGLE_FRONT_TO_SIDE,-112.073813097798,33.4482410804499,3,T_INTERSECTION,ANGLE_FRONT_TO_SIDE,NOGALES,"2011-01-03 13:34:00",FAILED_TO_YIELD_RIGHT_OF_WAY_103,INATTENTION_DISTRACTION,,
2503364,2,ANGLE_FRONT_TO_SIDE,-110.25735611411,31.5362227817508,2,T_INTERSECTION,ANGLE_FRONT_TO_SIDE,"SIERRA VISTA","2011-01-07 13:34:00",NO_IMPROPER_ACTION,OTHER_97,,
2503636,2,ANGLE_FRONT_TO_SIDE,-110.25735859107,31.5328171759691,2,FOUR_WAY_INTERSECTION,ANGLE_FRONT_TO_SIDE,"SIERRA VISTA","2011-01-06 15:06:00",NO_IMPROPER_ACTION,FAILED_TO_YIELD_RIGHT_OF_WAY_103,,
2503908,2,OTHER_97,-111.75567522629,33.3501675418814,5,FOUR_WAY_INTERSECTION,OTHER_97,GILBERT,"2011-06-16 21:04:00",DISREGARDED_TRAFFIC_SIGNAL,NO_IMPROPER_ACTION,,
2503921,2,REAR_END,-111.762394659262,33.3646683403413,3,T_INTERSECTION,REAR_END,GILBERT,"2011-03-03 16:15:00",NO_IMPROPER_ACTION,NOT_APPLICABLE_MINUS_1+NO_IMPROPER_ACTION+NOT_APPLICABLE_MINUS_1+NOT_APPLICABLE_MINUS_1,,
2503931,2,SIDESWIPE_SAME_DIRECTION,-111.78984061539,33.3644494766535,1,FOUR_WAY_INTERSECTION,SIDESWIPE_SAME_DIRECTION,GILBERT,"2011-03-01 14:50:00",NO_IMPROPER_ACTION,INATTENTION_DISTRACTION,,
2503935,2,ANGLE_FRONT_TO_SIDE,-111.861555755723,33.6119817288151,3,FOUR_WAY_INTERSECTION,ANGLE_FRONT_TO_SIDE,SCOTTSDALE,"2011-03-06 15:31:00",FAILED_TO_YIELD_RIGHT_OF_WAY_103,NOT_APPLICABLE_MINUS_1+NO_IMPROPER_ACTION,,
2504041,2,OTHER_97,-110.935948488514,32.1634449330755,3,FOUR_WAY_INTERSECTION,OTHER_97,TUCSON,"2011-01-11 03:16:00",OTHER_97,NO_IMPROPER_ACTION,,
2504087,2,ANGLE_FRONT_TO_SIDE,-112.340942124831,33.4823979449385,1,FOUR_WAY_INTERSECTION,ANGLE_FRONT_TO_SIDE,UNSPECIFIED_999,"2011-03-03 20:57:00",NO_IMPROPER_ACTION,FAILED_TO_YIELD_RIGHT_OF_WAY_103,,
2504133,2,ANGLE_FRONT_TO_SIDE,-112.073813097798,33.4482410804499,3,UNKNOWN_99,ANGLE_FRONT_TO_SIDE,KINGMAN,"2011-03-05 14:43:00",MADE_IMPROPER_TURN,NOT_APPLICABLE_MINUS_1+NOT_APPLICABLE_MINUS_1+NO_IMPROPER_ACTION,,
2504205,2,ANGLE_FRONT_TO_SIDE,-111.822969161399,33.4059579707435,2,T_INTERSECTION,ANGLE_FRONT_TO_SIDE,MESA,"2011-03-03 15:38:00",DROVE_RODE_IN_OPPOSING_TRAFFIC_LANE,NO_IMPROPER_ACTION,,
2504207,2,ANGLE_FRONT_TO_SIDE,-111.854575513393,33.4178955337052,4,T_INTERSECTION,ANGLE_FRONT_TO_SIDE,MESA,"2011-03-01 15:57:00",OTHER_97,NO_IMPROPER_ACTION+NOT_APPLICABLE_MINUS_1+NOT_APPLICABLE_MINUS_1,,
2504270,2,ANGLE_FRONT_TO_SIDE,-111.853916658924,33.4076708407883,3,T_INTERSECTION,ANGLE_FRONT_TO_SIDE,MESA,"2011-03-24 08:53:00",NO_IMPROPER_ACTION,INATTENTION_DISTRACTION,,
2504460,2,ANGLE_FRONT_TO_SIDE,-111.755212899341,33.2776685046545,3,FOUR_WAY_INTERSECTION,ANGLE_FRONT_TO_SIDE,GILBERT,"2011-03-08 07:30:00",DROVE_RODE_IN_OPPOSING_TRAFFIC_LANE,INATTENTION_DISTRACTION,,
2504541,3,ANGLE_FRONT_TO_SIDE,-111.875460254234,33.4148433279617,1,UNKNOWN_99,ANGLE_FRONT_TO_SIDE,MESA,"2011-03-07 16:46:00",NO_IMPROPER_ACTION+NO_IMPROPER_ACTION,SPEED_TOO_FAST_FOR_CONDITIONS,,
2504665,2,ANGLE_FRONT_TO_SIDE,-112.073813097798,33.4482410804499,2,FOUR_WAY_INTERSECTION,ANGLE_FRONT_TO_SIDE,MESA,"2011-03-10 15:11:00",NO_IMPROPER_ACTION,MADE_IMPROPER_TURN,,
2504705,2,ANGLE_FRONT_TO_SIDE,-111.848449737424,33.4036966923614,1,UNKNOWN_99,ANGLE_FRONT_TO_SIDE,MESA,"2011-03-02 20:52:00",NO_IMPROPER_ACTION,INATTENTION_DISTRACTION,,
2504839,2,SIDESWIPE_SAME_DIRECTION,-110.710937755412,32.048504186391,3,UNKNOWN_99,SIDESWIPE_SAME_DIRECTION,UNSPECIFIED_999,"2011-03-28 15:10:00",NO_IMPROPER_ACTION,FAILED_TO_KEEP_IN_PROPER_LANE+NOT_APPLICABLE_MINUS_1,,
2504850,2,ANGLE_FRONT_TO_SIDE,-112.009995328017,34.7323882565732,3,FOUR_WAY_INTERSECTION,ANGLE_FRONT_TO_SIDE,COTTONWOOD,"2011-03-15 15:18:00",FAILED_TO_YIELD_RIGHT_OF_WAY_103,NO_IMPROPER_ACTION,,
2504851,2,ANGLE_FRONT_TO_SIDE,-111.926157011893,33.4209688049932,2,T_INTERSECTION,ANGLE_FRONT_TO_SIDE,TEMPE,"2011-03-23 09:38:00",DROVE_RODE_IN_OPPOSING_TRAFFIC_LANE,NO_IMPROPER_ACTION+NOT_APPLICABLE_MINUS_1,117,0.00108552121820942
2504879,2,SIDESWIPE_OPPOSITE_DIRECTION,-111.063050279956,32.3448703967536,2,INTERSECTION_AS_PART_OF_INTERCHANGE,SIDESWIPE_OPPOSITE_DIRECTION,UNSPECIFIED_999,"2011-03-29 21:53:00",NO_IMPROPER_ACTION,INATTENTION_DISTRACTION,,
2504955,3,ANGLE_FRONT_TO_SIDE,-112.131969975405,33.8609741934109,3,T_INTERSECTION,ANGLE_FRONT_TO_SIDE,UNSPECIFIED_999,"2011-03-03 15:00:00",DROVE_RODE_IN_OPPOSING_TRAFFIC_LANE+DROVE_RODE_IN_OPPOSING_TRAFFIC_LANE,FAILED_TO_YIELD_RIGHT_OF_WAY_103,,
2505037,2,ANGLE_FRONT_TO_SIDE,-112.298577799905,33.4318202911096,3,UNKNOWN_99,ANGLE_FRONT_TO_SIDE,AVONDALE,"2011-03-11 18:00:00",OTHER_97,NO_IMPROPER_ACTION,,
2505098,2,ANGLE_FRONT_TO_SIDE,-112.073813097798,33.4482410804499,2,FOUR_WAY_INTERSECTION,ANGLE_FRONT_TO_SIDE,UNSPECIFIED_999,"2011-03-01 07:12:00",NO_IMPROPER_ACTION,OTHER_97,,
2505130,2,SIDESWIPE_SAME_DIRECTION,0,0,3,UNKNOWN_99,SIDESWIPE_SAME_DIRECTION,UNSPECIFIED_999,"2011-03-06 11:20:00",NO_IMPROPER_ACTION,INATTENTION_DISTRACTION+NOT_APPLICABLE_MINUS_1,,
2505200,2,LEFT_TURN,-111.661403988416,35.1803423794273,1,T_INTERSECTION,LEFT_TURN,FLAGSTAFF,"2011-03-30 17:44:00",NO_IMPROPER_ACTION,INATTENTION_DISTRACTION,,
2505277,2,SIDESWIPE_OPPOSITE_DIRECTION,-112.748438885326,33.9654280172148,3,NOT_AT_INTERSECTION_0,SIDESWIPE_OPPOSITE_DIRECTION,WICKENBURG,"2011-03-26 21:04:00",DROVE_RODE_IN_OPPOSING_TRAFFIC_LANE,NO_IMPROPER_ACTION+NOT_APPLICABLE_MINUS_1,,
2505361,2,ANGLE_FRONT_TO_SIDE,-111.777400057832,33.4081362472812,2,UNKNOWN_99,ANGLE_FRONT_TO_SIDE,MESA,"2011-03-01 17:44:00",DID_NOT_USE_CROSSWALK,NO_IMPROPER_ACTION,,
2505363,2,REAR_END,-111.859023157813,33.3001161316438,3,NOT_AT_INTERSECTION_0,REAR_END,CHANDLER,"2011-03-06 00:30:00",NO_IMPROPER_ACTION,UNKNOWN_99,,
2505462,2,OTHER_97,-111.563425778326,33.4307040303358,4,UNKNOWN_99,OTHER_97,"APACHE JUNCTION","2011-03-23 17:23:00",INATTENTION_DISTRACTION,NO_IMPROPER_ACTION+NOT_APPLICABLE_MINUS_1+NOT_APPLICABLE_MINUS_1+NOT_APPLICABLE_MINUS_1,,
2505477,2,ANGLE_FRONT_TO_SIDE,-111.557437690071,33.4223429026573,3,T_INTERSECTION,ANGLE_FRONT_TO_SIDE,"APACHE JUNCTION","2011-03-16 19:13:00",DROVE_RODE_IN_OPPOSING_TRAFFIC_LANE,NO_IMPROPER_ACTION,,
2505498,2,HEAD_ON,-111.82239968095,33.44775789562,3,T_INTERSECTION,HEAD_ON,MESA,"2011-03-24 09:09:00",DROVE_RODE_IN_OPPOSING_TRAFFIC_LANE,NO_IMPROPER_ACTION,,
2505499,2,ANGLE_FRONT_TO_SIDE,-111.874595544851,33.3969084563245,3,T_INTERSECTION,ANGLE_FRONT_TO_SIDE,MESA,"2011-03-15 12:26:00",DROVE_RODE_IN_OPPOSING_TRAFFIC_LANE,NOT_APPLICABLE_MINUS_1+OTHER_97,,
2505534,2,SIDESWIPE_SAME_DIRECTION,-111.926299488983,33.439202590234,3,UNKNOWN_99,SIDESWIPE_SAME_DIRECTION,TEMPE,"2011-03-12 18:08:00",SPEED_TOO_FAST_FOR_CONDITIONS,NOT_APPLICABLE_MINUS_1+NO_IMPROPER_ACTION,,
2505540,2,OTHER_97,-111.680822051987,33.3793570482849,2,FOUR_WAY_INTERSECTION,OTHER_97,MESA,"2011-03-29 20:07:00",OTHER_97,NO_IMPROPER_ACTION,,
2505649,2,ANGLE_FRONT_TO_SIDE,-111.940034280674,33.392855683632,3,UNKNOWN_99,ANGLE_FRONT_TO_SIDE,TEMPE,"2011-03-01 19:19:00",DROVE_RODE_IN_OPPOSING_TRAFFIC_LANE,OTHER_97,144,0.000535368258946433
2505697,2,OTHER_97,-112.013391977603,33.6260646424953,1,UNKNOWN_99,OTHER_97,PHOENIX,"2011-02-22 17:40:00",FAILED_TO_YIELD_RIGHT_OF_WAY_103,FAILED_TO_YIELD_RIGHT_OF_WAY_103,,
2505830,2,ANGLE_FRONT_TO_SIDE,-111.813864431174,33.3933524692829,2,UNKNOWN_99,ANGLE_FRONT_TO_SIDE,MESA,"2011-03-21 17:52:00",NO_IMPROPER_ACTION,NO_IMPROPER_ACTION,,