IncidentID,num_vehicles_involved,eCollisionManner,Longitude,Latitude,InjurySeverity,eIntersectionType,eCollisionManner,city_name,IncidentDateTime,cyclist_citations,driver_citations,nearest_count_site,distance_to_nearest_count_site
2531524,2,ANGLE_FRONT_TO_SIDE,-112.151570950598,33.5531163399721,2,FOUR_WAY_INTERSECTION,ANGLE_FRONT_TO_SIDE,PHOENIX,"2011-06-13 21:47:00",NO_IMPROPER_ACTION,DISREGARDED_TRAFFIC_SIGNAL,,
2531680,2,ANGLE_FRONT_TO_SIDE,-111.606623208973,35.2125068033873,1,FOUR_WAY_INTERSECTION,ANGLE_FRONT_TO_SIDE,FLAGSTAFF,"2011-06-10 13:10:00",DISREGARDED_TRAFFIC_SIGNAL,NO_IMPROPER_ACTION,,
2531684,2,SIDESWIPE_SAME_DIRECTION,-111.648236454303,35.1783612343844,3,UNKNOWN_99,SIDESWIPE_SAME_DIRECTION,FLAGSTAFF,"2011-06-09 10:17:00",NO_IMPROPER_ACTION,OTHER_97,,
2531691,2,ANGLE_FRONT_TO_SIDE,-111.789770858432,33.3064079460172,1,FOUR_WAY_INTERSECTION,ANGLE_FRONT_TO_SIDE,UNSPECIFIED_999,"2011-06-02 14:41:00",DISREGARDED_TRAFFIC_SIGNAL,UNKNOWN_99,,
2531706,2,ANGLE_FRONT_TO_SIDE,-111.738357877653,33.3324824714907,1,T_INTERSECTION,ANGLE_FRONT_TO_SIDE,GILBERT,"2011-06-08 17:21:00",UNKNOWN_99,UNKNOWN_99,,
2531708,2,ANGLE_FRONT_TO_SIDE,-111.72105378276,33.3017288689727,1,T_INTERSECTION,ANGLE_FRONT_TO_SIDE,GILBERT,"2011-06-08 13:48:00",OTHER_97,NO_IMPROPER_ACTION,,
2532058,2,ANGLE_FRONT_TO_SIDE,-111.658418341121,33.3792300068252,3,T_INTERSECTION,ANGLE_FRONT_TO_SIDE,MESA,"2011-06-06 20:25:00",UNKNOWN_99,NO_IMPROPER_ACTION,,
2532065,2,ANGLE_FRONT_TO_SIDE,-111.739677515208,33.3800284797175,3,UNKNOWN_99,ANGLE_FRONT_TO_SIDE,MESA,"2011-06-18 08:55:00",DROVE_RODE_IN_OPPOSING_TRAFFIC_LANE,NO_IMPROPER_ACTION,,
2532095,2,ANGLE_FRONT_TO_SIDE,-111.704051440983,33.3215281970923,4,FOUR_WAY_INTERSECTION,ANGLE_FRONT_TO_SIDE,GILBERT,"2011-06-30 21:24:00",DISREGARDED_TRAFFIC_SIGNAL,NO_IMPROPER_ACTION,,
2532158,2,OTHER_97,-112.254921516316,33.5772054255217,3,FOUR_WAY_INTERSECTION,OTHER_97,PEORIA,"2011-06-15 17:44:00",OTHER_97,NO_IMPROPER_ACTION,,
2532159,2,SIDESWIPE_OPPOSITE_DIRECTION,-112.221471023915,33.5396542456743,3,UNKNOWN_99,SIDESWIPE_OPPOSITE_DIRECTION,GLENDALE,"2011-06-26 15:19:00",NO_IMPROPER_ACTION,EXCEEDED_LAWFUL_SPEED,,
2532214,2,REAR_END,-112.255126259341,33.5929877046306,3,FOUR_WAY_INTERSECTION,REAR_END,PEORIA,"2011-06-15 10:45:00",INATTENTION_DISTRACTION,NO_IMPROPER_ACTION,,
2532217,2,HEAD_ON,-112.228930643712,33.6078046092582,3,T_INTERSECTION,HEAD_ON,PEORIA,"2011-06-16 07:30:00",DROVE_RODE_IN_OPPOSING_TRAFFIC_LANE,INATTENTION_DISTRACTION+NOT_APPLICABLE_MINUS_1+NOT_APPLICABLE_MINUS_1,,
2532249,2,ANGLE_FRONT_TO_SIDE,-112.370894132873,33.6237251985014,1,T_INTERSECTION,ANGLE_FRONT_TO_SIDE,SURPRISE,"2011-06-17 09:34:00",INATTENTION_DISTRACTION,FAILED_TO_YIELD_RIGHT_OF_WAY_103,,
2532263,2,ANGLE_FRONT_TO_SIDE,-111.864969501868,33.4076132470669,3,NOT_AT_INTERSECTION_0,ANGLE_FRONT_TO_SIDE,MESA,"2011-06-21 15:54:00",NO_IMPROPER_ACTION,UNKNOWN_99,,
2532266,2,ANGLE_FRONT_TO_SIDE,-111.66751775536,33.3934001431467,2,FOUR_WAY_INTERSECTION,ANGLE_FRONT_TO_SIDE,MESA,"2011-06-17 17:18:00",DISREGARDED_TRAFFIC_SIGNAL,NO_IMPROPER_ACTION,,
2532430,2,ANGLE_FRONT_TO_SIDE,-111.724998518192,33.4373199169235,4,T_INTERSECTION,ANGLE_FRONT_TO_SIDE,MESA,"2011-06-22 11:05:00",DROVE_RODE_IN_OPPOSING_TRAFFIC_LANE,NO_IMPROPER_ACTION,,
2532570,2,ANGLE_FRONT_TO_SIDE,-112.169325307113,33.6678056855127,2,NOT_AT_INTERSECTION_0,ANGLE_FRONT_TO_SIDE,GLENDALE,"2011-06-08 10:33:00",NO_IMPROPER_ACTION,INATTENTION_DISTRACTION,,
2532645,2,ANGLE_FRONT_TO_SIDE,0,0,3,UNKNOWN_99,ANGLE_FRONT_TO_SIDE,MESA,"2011-06-20 09:48:00",DROVE_RODE_IN_OPPOSING_TRAFFIC_LANE,NO_IMPROPER_ACTION,,
2532728,2,UNKNOWN_99,-109.913188840599,34.1069487406669,4,UNKNOWN_99,UNKNOWN_99,UNSPECIFIED_999,"2011-06-03 12:05:00",DROVE_RODE_IN_OPPOSING_TRAFFIC_LANE,NO_IMPROPER_ACTION,,
2532748,2,ANGLE_FRONT_TO_SIDE,-111.653125242654,35.1998380721097,4,FOUR_WAY_INTERSECTION,ANGLE_FRONT_TO_SIDE,FLAGSTAFF,"2011-06-16 08:45:00",RAN_STOP_SIGN,NOT_APPLICABLE_MINUS_1+NO_IMPROPER_ACTION,,
2532906,2,OTHER_97,0,0,1,UNKNOWN_99,OTHER_97,CHANDLER,"2011-06-05 10:36:00",DID_NOT_USE_CROSSWALK,UNKNOWN_99,,
2533162,2,HEAD_ON,-111.794467176655,33.4123919210216,3,FOUR_WAY_INTERSECTION,HEAD_ON,MESA,"2011-06-30 15:59:00",DROVE_RODE_IN_OPPOSING_TRAFFIC_LANE,INATTENTION_DISTRACTION,,
2533183,2,SIDESWIPE_SAME_DIRECTION,-111.680004533781,33.379356692585,2,UNKNOWN_99,SIDESWIPE_SAME_DIRECTION,MESA,"2011-06-29 14:59:00",NO_IMPROPER_ACTION,OTHER_UNSAFE_PASSING,,
2533191,3,ANGLE_FRONT_TO_SIDE,-111.721100114577,33.3075091997675,1,UNKNOWN_99,ANGLE_FRONT_TO_SIDE,GILBERT,"2011-06-22 11:13:00",OTHER_97+OTHER_97,NO_IMPROPER_ACTION,,
2533208,2,ANGLE_FRONT_TO_SIDE,-111.770982359576,33.4284254502018,2,FOUR_WAY_INTERSECTION,ANGLE_FRONT_TO_SIDE,MESA,"2011-06-28 12:20:00",NO_IMPROPER_ACTION,INATTENTION_DISTRACTION,,
2533492,2,ANGLE_FRONT_TO_SIDE,-112.202773087478,33.4803461929534,2,UNKNOWN_99,ANGLE_FRONT_TO_SIDE,PHOENIX,"2011-06-12 19:23:00",NO_IMPROPER_ACTION,INATTENTION_DISTRACTION,,
2533572,2,OTHER_97,-112.060818538026,33.447174003888,3,T_INTERSECTION,OTHER_97,PHOENIX,"2011-06-14 11:00:00",UNKNOWN_99,UNKNOWN_99,,
2533594,5,OTHER_97,-111.826961790595,36.6874602043615,4,NOT_AT_INTERSECTION_0,OTHER_97,UNSPECIFIED_999,"2011-06-25 14:12:00",NO_IMPROPER_ACTION+NO_IMPROPER_ACTION+NO_IMPROPER_ACTION+NO_IMPROPER_ACTION,SPEED_TOO_FAST_FOR_CONDITIONS+NOT_APPLICABLE_MINUS_1,,
2533643,2,ANGLE_FRONT_TO_SIDE,0,0,2,FOUR_WAY_INTERSECTION,ANGLE_FRONT_TO_SIDE,PHOENIX,"2011-06-09 19:28:00",FAILED_TO_YIELD_RIGHT_OF_WAY_103,NO_IMPROPER_ACTION,,
2533718,2,UNKNOWN_99,-112.138155135129,33.6108228198686,3,UNKNOWN_99,UNKNOWN_99,PHOENIX,"2011-06-08 15:30:00",UNKNOWN_99,UNKNOWN_99,,
2533812,2,ANGLE_FRONT_TO_SIDE,-112.065089003526,33.448276565027,2,FOUR_WAY_INTERSECTION,ANGLE_FRONT_TO_SIDE,PHOENIX,"2011-06-17 13:30:00",DROVE_RODE_IN_OPPOSING_TRAFFIC_LANE,NO_IMPROPER_ACTION+NOT_APPLICABLE_MINUS_1,,
2533854,2,ANGLE_FRONT_TO_SIDE,-112.336421067156,33.6090282492634,1,FOUR_WAY_INTERSECTION,ANGLE_FRONT_TO_SIDE,"EL MIRAGE","2011-07-02 13:11:00",INATTENTION_DISTRACTION,NO_IMPROPER_ACTION,,
2533859,2,OTHER_97,-112.053552585746,33.3777352051298,3,UNKNOWN_99,OTHER_97,PHOENIX,"2011-06-18 06:18:00",UNKNOWN_99,UNKNOWN_99+NOT_APPLICABLE_MINUS_1,,
2533896,2,ANGLE_FRONT_TO_SIDE,-111.788300797112,33.4082096517296,4,FOUR_WAY_INTERSECTION,ANGLE_FRONT_TO_SIDE,MESA,"2011-07-02 22:54:00",DISREGARDED_TRAFFIC_SIGNAL,NO_IMPROPER_ACTION+NOT_APPLICABLE_MINUS_1,,
2533899,2,REAR_END,-112.045633568905,33.3777422430196,4,UNKNOWN_99,REAR_END,PHOENIX,"2011-06-07 04:40:00",NO_IMPROPER_ACTION,OTHER_97,,
2533906,2,ANGLE_FRONT_TO_SIDE,-112.073813097798,33.4482410804499,4,NOT_REPORTED_255,ANGLE_FRONT_TO_SIDE,TUCSON,"2011-07-05 15:00:00",FAILED_TO_KEEP_IN_PROPER_LANE,SPEED_TOO_FAST_FOR_CONDITIONS,,
2534007,2,ANGLE_FRONT_TO_SIDE,-112.151522404408,33.5818063402912,3,FOUR_WAY_INTERSECTION,ANGLE_FRONT_TO_SIDE,PHOENIX,"2011-06-21 13:46:00",INATTENTION_DISTRACTION,NO_IMPROPER_ACTION,,
2534032,2,LEFT_TURN,-112.133803691477,33.610040478742,3,UNKNOWN_99,LEFT_TURN,PHOENIX,"2011-06-06 20:30:00",DID_NOT_USE_CROSSWALK,OTHER_97,,
2534179,2,OTHER_97,0,0,2,FOUR_WAY_INTERSECTION,OTHER_97,PHOENIX,"2011-06-19 22:05:00",NO_IMPROPER_ACTION,NO_IMPROPER_ACTION+NOT_APPLICABLE_MINUS_1,,
2534185,2,HEAD_ON,-112.015529779264,33.6264044963822,2,T_INTERSECTION,HEAD_ON,PHOENIX,"2011-06-13 16:46:00",INATTENTION_DISTRACTION,INATTENTION_DISTRACTION,,
2534395,2,OTHER_97,-112.233602691839,33.4224169433506,2,T_INTERSECTION,OTHER_97,PHOENIX,"2011-06-25 20:52:00",NO_IMPROPER_ACTION,NO_IMPROPER_ACTION,,
2534459,2,ANGLE_FRONT_TO_SIDE,-112.03837091485,33.5969187433038,3,UNKNOWN_99,ANGLE_FRONT_TO_SIDE,PHOENIX,"2011-06-22 18:14:00",DID_NOT_USE_CROSSWALK,NO_IMPROPER_ACTION,,
2534551,2,ANGLE_FRONT_TO_SIDE,-112.168698453978,33.6545051254922,1,UNKNOWN_99,ANGLE_FRONT_TO_SIDE,PHOENIX,"2011-06-27 18:31:00",NO_IMPROPER_ACTION,OTHER_97,,
2534634,2,LEFT_TURN,-112.116383573839,33.581969590206,3,INTERSECTION_AS_PART_OF_INTERCHANGE,LEFT_TURN,PHOENIX,"2011-05-13 22:53:00",DISREGARDED_TRAFFIC_SIGNAL,NO_IMPROPER_ACTION,,
2534651,2,OTHER_97,0,0,4,T_INTERSECTION,OTHER_97,PHOENIX,"2011-06-22 15:18:00",DROVE_RODE_IN_OPPOSING_TRAFFIC_LANE,NO_IMPROPER_ACTION,,
2534685,2,ANGLE_FRONT_TO_SIDE,-112.075102854722,33.4471510791099,4,FOUR_WAY_INTERSECTION,ANGLE_FRONT_TO_SIDE,PHOENIX,"2011-06-30 14:12:00",DISREGARDED_TRAFFIC_SIGNAL,NO_IMPROPER_ACTION,,
2534881,2,ANGLE_FRONT_TO_SIDE,-111.657795666004,35.193317518417,3,Y_INTERSECTION,ANGLE_FRONT_TO_SIDE,FLAGSTAFF,"2011-06-11 23:21:00",NO_IMPROPER_ACTION,UNKNOWN_99,,
2534884,2,REAR_END,-112.073792313027,33.4694366078598,3,FOUR_WAY_INTERSECTION,REAR_END,PHOENIX,"2011-06-18 06:30:00",NO_IMPROPER_ACTION,SPEED_TOO_FAST_FOR_CONDITIONS,,
2534886,2,ANGLE_FRONT_TO_SIDE,-112.091380659174,33.4512204568588,3,FOUR_WAY_INTERSECTION,ANGLE_FRONT_TO_SIDE,PHOENIX,"2011-06-27 12:20:00",INATTENTION_DISTRACTION,NO_IMPROPER_ACTION,,
2534932,2,ANGLE_FRONT_TO_SIDE,-112.234869416104,33.4943396082644,3,UNKNOWN_99,ANGLE_FRONT_TO_SIDE,PHOENIX,"2011-06-25 21:10:00",UNKNOWN_99,INATTENTION_DISTRACTION,,
2534983,2,ANGLE_FRONT_TO_SIDE,0,0,1,FOUR_WAY_INTERSECTION,ANGLE_FRONT_TO_SIDE,"SAN LUIS","2011-07-04 10:01:00",NO_IMPROPER_ACTION,INATTENTION_DISTRACTION,,
2535007,2,OTHER_97,0,0,3,FOUR_WAY_INTERSECTION,OTHER_97,FLAGSTAFF,"2011-06-28 06:26:00",NO_IMPROPER_ACTION,INATTENTION_DISTRACTION,,
2535083,2,ANGLE_FRONT_TO_SIDE,-112.030621236456,33.6353139462395,3,FOUR_WAY_INTERSECTION,ANGLE_FRONT_TO_SIDE,PHOENIX,"2011-06-06 12:17:00",UNKNOWN_99,UNKNOWN_99,,
2535143,2,ANGLE_FRONT_TO_SIDE,-112.120215397616,33.5819473315913,3,UNKNOWN_99,ANGLE_FRONT_TO_SIDE,PHOENIX,"2011-06-06 23:44:00",DID_NOT_USE_CROSSWALK,NO_IMPROPER_ACTION,,
2535246,2,ANGLE_FRONT_TO_SIDE,-111.954432731926,33.3473395390008,3,UNKNOWN_99,ANGLE_FRONT_TO_SIDE,TEMPE,"2011-06-21 15:59:00",OTHER_97,OTHER_97,,
2535272,2,ANGLE_FRONT_TO_SIDE,-111.887564376411,33.4147977751294,2,UNKNOWN_99,ANGLE_FRONT_TO_SIDE,TEMPE,"2011-06-27 08:44:00",OTHER_97,NOT_APPLICABLE_MINUS_1+NOT_APPLICABLE_MINUS_1+NO_IMPROPER_ACTION,,
2535282,2,ANGLE_FRONT_TO_SIDE,0,0,3,UNKNOWN_99,ANGLE_FRONT_TO_SIDE,TEMPE,"2011-06-27 17:39:00",OTHER_97,NOT_APPLICABLE_MINUS_1+NOT_APPLICABLE_MINUS_1+NO_IMPROPER_ACTION+NOT_APPLICABLE_MINUS_1+NOT_APPLICABLE_MINUS_1,,
2535353,2,HEAD_ON,-110.695893419202,35.0325488606746,1,FOUR_WAY_INTERSECTION,HEAD_ON,WINSLOW,"2011-06-18 10:51:00",NO_IMPROPER_ACTION,FAILED_TO_YIELD_RIGHT_OF_WAY_103,,
2535532,2,OTHER_97,0,0,3,FOUR_WAY_INTERSECTION,OTHER_97,FLAGSTAFF,"2011-07-23 01:15:00",NO_IMPROPER_ACTION,SPEED_TOO_FAST_FOR_CONDITIONS,,
2535646,2,ANGLE_FRONT_TO_SIDE,-112.121253736249,33.5167793436632,2,T_INTERSECTION,ANGLE_FRONT_TO_SIDE,PHOENIX,"2011-06-19 08:43:00",NO_IMPROPER_ACTION,INATTENTION_DISTRACTION,,
2535665,2,OTHER_97,-112.132600804575,33.8026863077435,3,FOUR_WAY_INTERSECTION,OTHER_97,PHOENIX,"2011-06-30 18:34:00",NO_IMPROPER_ACTION,OTHER_97,,
2535793,2,ANGLE_FRONT_TO_SIDE,0,0,2,T_INTERSECTION,ANGLE_FRONT_TO_SIDE,UNSPECIFIED_999,"2011-01-07 14:19:00",NO_IMPROPER_ACTION,INATTENTION_DISTRACTION,,
2535879,2,ANGLE_FRONT_TO_SIDE,-112.345393236656,33.4498531598664,1,T_INTERSECTION,ANGLE_FRONT_TO_SIDE,GOODYEAR,"2011-07-11 17:07:00",NO_IMPROPER_ACTION,FAILED_TO_YIELD_RIGHT_OF_WAY_103,,
2535902,2,OTHER_97,-111.648245281559,35.181163014434,3,UNKNOWN_99,OTHER_97,FLAGSTAFF,"2011-07-13 14:11:00",UNKNOWN_99,NO_IMPROPER_ACTION,,
2535905,2,ANGLE_FRONT_TO_SIDE,-112.279919817848,33.681783610481,1,FOUR_WAY_INTERSECTION,ANGLE_FRONT_TO_SIDE,PEORIA,"2011-07-08 19:39:00",NO_IMPROPER_ACTION,INATTENTION_DISTRACTION,,
2535933,2,OTHER_97,-112.238547489581,33.6099372353666,3,UNKNOWN_99,OTHER_97,PEORIA,"2011-07-05 08:30:00",FAILED_TO_YIELD_RIGHT_OF_WAY_103,NO_IMPROPER_ACTION,,
2535954,2,ANGLE_FRONT_TO_SIDE,-112.306674317735,33.4785968686609,2,UNKNOWN_99,ANGLE_FRONT_TO_SIDE,AVONDALE,"2011-07-01 12:26:00",NO_IMPROPER_ACTION,FAILED_TO_YIELD_RIGHT_OF_WAY_103,,
2536095,2,ANGLE_FRONT_TO_SIDE,-111.8745803933,33.4003299874045,2,FOUR_WAY_INTERSECTION,ANGLE_FRONT_TO_SIDE,MESA,"2011-07-06 18:54:00",OTHER_97,OTHER_97,,
2536183,2,SIDESWIPE_SAME_DIRECTION,-109.907907415817,34.0943674235066,4,NOT_AT_INTERSECTION_0,SIDESWIPE_SAME_DIRECTION,UNSPECIFIED_999,"2011-06-25 09:23:00",NO_IMPROPER_ACTION,FAILED_TO_KEEP_IN_PROPER_LANE,,
2536210,2,ANGLE_FRONT_TO_SIDE,-112.459359880498,34.5453778125467,4,FOUR_WAY_INTERSECTION,ANGLE_FRONT_TO_SIDE,PRESCOTT,"2011-07-19 14:22:00",WALKED_ON_WRONG_SIDE_OF_ROAD,NO_IMPROPER_ACTION,,
2536269,2,ANGLE_FRONT_TO_SIDE,-111.832787596145,33.3061833256193,1,FOUR_WAY_INTERSECTION,ANGLE_FRONT_TO_SIDE,CHANDLER,"2011-07-06 16:26:00",DROVE_RODE_IN_OPPOSING_TRAFFIC_LANE,NO_IMPROPER_ACTION,,
2536277,2,ANGLE_FRONT_TO_SIDE,-111.869413510764,33.3205880250186,2,T_INTERSECTION,ANGLE_FRONT_TO_SIDE,CHANDLER,"2011-07-06 17:22:00",DROVE_RODE_IN_OPPOSING_TRAFFIC_LANE,NO_IMPROPER_ACTION,,
2536357,2,OTHER_97,-111.751098723078,33.2192718052984,2,FOUR_WAY_INTERSECTION,OTHER_97,GILBERT,"2011-07-17 08:00:00",NO_IMPROPER_ACTION,NOT_APPLICABLE_MINUS_1+NO_IMPROPER_ACTION,,
2536370,2,ANGLE_FRONT_TO_SIDE,-111.789667496062,33.2919042619206,1,FOUR_WAY_INTERSECTION,ANGLE_FRONT_TO_SIDE,UNSPECIFIED_999,"2011-07-15 07:01:00",INATTENTION_DISTRACTION,INATTENTION_DISTRACTION+NOT_APPLICABLE_MINUS_1,,
2536386,2,ANGLE_FRONT_TO_SIDE,-111.755969581466,33.3610681761389,1,FOUR_WAY_INTERSECTION,ANGLE_FRONT_TO_SIDE,GILBERT,"2011-07-10 14:30:00",OTHER_97,NO_IMPROPER_ACTION,,
2536520,2,ANGLE_FRONT_TO_SIDE,-111.656795192629,35.1941066314315,3,NOT_AT_INTERSECTION_0,ANGLE_FRONT_TO_SIDE,FLAGSTAFF,"2011-06-10 15:03:00",NO_IMPROPER_ACTION,INATTENTION_DISTRACTION+NOT_APPLICABLE_MINUS_1,,
2536684,2,HEAD_ON,-111.842033512773,33.3686446893397,1,FOUR_WAY_INTERSECTION,HEAD_ON,GILBERT,"2011-07-27 07:45:00",DROVE_RODE_IN_OPPOSING_TRAFFIC_LANE,NOT_APPLICABLE_MINUS_1+NOT_APPLICABLE_MINUS_1+OTHER_97+NOT_APPLICABLE_MINUS_1,,
2536728,2,SIDESWIPE_SAME_DIRECTION,-111.738928499385,33.3664905842009,2,UNKNOWN_99,SIDESWIPE_SAME_DIRECTION,GILBERT,"2011-07-25 09:55:00",FAILED_TO_KEEP_IN_PROPER_LANE,NO_IMPROPER_ACTION,,
2536776,2,SIDESWIPE_SAME_DIRECTION,0,0,4,NOT_AT_INTERSECTION_0,SIDESWIPE_SAME_DIRECTION,UNSPECIFIED_999,"2011-05-31 07:44:00",NO_IMPROPER_ACTION,OTHER_UNSAFE_PASSING,,
2536816,2,SIDESWIPE_SAME_DIRECTION,0,0,2,UNKNOWN_99,SIDESWIPE_SAME_DIRECTION,"ORO VALLEY","2011-07-27 11:35:00",NO_IMPROPER_ACTION,OTHER_UNSAFE_PASSING,,
2536838,2,ANGLE_FRONT_TO_SIDE,-112.121783441532,33.6397958648701,2,NOT_REPORTED_255,ANGLE_FRONT_TO_SIDE,PHOENIX,"2011-02-12 15:59:00",NO_IMPROPER_ACTION,UNKNOWN_99,,
2536891,2,SIDESWIPE_SAME_DIRECTION,-111.719334423657,33.6230947536687,2,T_INTERSECTION,SIDESWIPE_SAME_DIRECTION,"FOUNTAIN HILLS","2011-07-07 06:30:00",NO_IMPROPER_ACTION,DISREGARDED_PAVEMENT_MARKINGS,,
2536903,2,ANGLE_FRONT_TO_SIDE,0,0,3,FOUR_WAY_INTERSECTION,ANGLE_FRONT_TO_SIDE,"LAKE HAVASU CITY","2011-08-04 05:50:00",NO_IMPROPER_ACTION,FAILED_TO_YIELD_RIGHT_OF_WAY_103,,
2537003,2,ANGLE_FRONT_TO_SIDE,-111.771238746488,33.3827582786524,2,FOUR_WAY_INTERSECTION,ANGLE_FRONT_TO_SIDE,MESA,"2011-07-28 20:05:00",DID_NOT_USE_CROSSWALK,NO_IMPROPER_ACTION,,
2537098,2,ANGLE_FRONT_TO_SIDE,-112.23771307904,33.5876653031256,3,UNKNOWN_99,ANGLE_FRONT_TO_SIDE,PEORIA,"2011-07-14 06:37:00",FAILED_TO_YIELD_RIGHT_OF_WAY_103,NO_IMPROPER_ACTION,,
2537184,2,OTHER_97,-112.013437655552,33.6298960210642,3,LEGACY_INTERSECTION_RELATED_PRIOR_2009_98,OTHER_97,PHOENIX,"2011-06-10 16:10:00",FAILED_TO_YIELD_RIGHT_OF_WAY_103,NO_IMPROPER_ACTION,,
2537314,2,SIDESWIPE_SAME_DIRECTION,-111.634231368379,33.4513692752665,4,UNKNOWN_99,SIDESWIPE_SAME_DIRECTION,MESA,"2011-07-30 05:47:00",NO_IMPROPER_ACTION,INATTENTION_DISTRACTION,,
2537329,2,ANGLE_FRONT_TO_SIDE,-111.928555481874,33.3346511586059,2,FOUR_WAY_INTERSECTION,ANGLE_FRONT_TO_SIDE,TEMPE,"2011-05-19 16:20:00",OTHER_97,NO_IMPROPER_ACTION,,
2537351,2,ANGLE_FRONT_TO_SIDE,-111.903226722668,33.4220666322453,2,NOT_AT_INTERSECTION_0,ANGLE_FRONT_TO_SIDE,TEMPE,"2011-05-20 07:20:00",FAILED_TO_KEEP_IN_PROPER_LANE,NO_IMPROPER_ACTION,,
2537352,2,SIDESWIPE_SAME_DIRECTION,-110.994912508651,31.8815475382391,2,FOUR_WAY_INTERSECTION,SIDESWIPE_SAME_DIRECTION,UNSPECIFIED_999,"2011-01-22 17:06:00",NO_IMPROPER_ACTION,MADE_IMPROPER_TURN,,
2537440,2,OTHER_97,-112.083199414888,33.4876267820221,3,FOUR_WAY_INTERSECTION,OTHER_97,PHOENIX,"2011-05-05 15:00:00",NO_IMPROPER_ACTION,MADE_IMPROPER_TURN,,
2537449,2,ANGLE_FRONT_TO_SIDE,-111.925745173864,33.4803561607692,2,UNKNOWN_99,ANGLE_FRONT_TO_SIDE,SCOTTSDALE,"2011-07-29 16:55:00",NO_IMPROPER_ACTION,NO_IMPROPER_ACTION,,
2537450,2,ANGLE_FRONT_TO_SIDE,-111.917607800452,33.463283620029,4,T_INTERSECTION,ANGLE_FRONT_TO_SIDE,SCOTTSDALE,"2011-07-27 17:52:00",INATTENTION_DISTRACTION,NOT_APPLICABLE_MINUS_1+NO_IMPROPER_ACTION,,
2537472,2,ANGLE_FRONT_TO_SIDE,-110.283634797986,31.5473539307654,3,UNKNOWN_99,ANGLE_FRONT_TO_SIDE,"SIERRA VISTA","2011-07-25 20:49:00",NO_IMPROPER_ACTION,OTHER_97,,
2537490,2,ANGLE_FRONT_TO_SIDE,-111.977394423354,33.4800839502204,2,T_INTERSECTION,ANGLE_FRONT_TO_SIDE,PHOENIX,"2011-05-16 18:30:00",DROVE_RODE_IN_OPPOSING_TRAFFIC_LANE,FAILED_TO_YIELD_RIGHT_OF_WAY_103,,
2537645,2,SIDESWIPE_SAME_DIRECTION,0,0,3,UNKNOWN_99,SIDESWIPE_SAME_DIRECTION,CHANDLER,"2011-07-22 18:50:00",MADE_IMPROPER_TURN,NO_IMPROPER_ACTION,,
2537653,2,SIDESWIPE_OPPOSITE_DIRECTION,-112.117400864338,33.7910210217813,2,T_INTERSECTION,SIDESWIPE_OPPOSITE_DIRECTION,PHOENIX,"2011-05-28 08:12:00",NO_IMPROPER_ACTION,INATTENTION_DISTRACTION,,
2537701,2,ANGLE_FRONT_TO_SIDE,-111.841511018533,33.3134200758724,1,FOUR_WAY_INTERSECTION,ANGLE_FRONT_TO_SIDE,CHANDLER,"2011-07-23 11:57:00",DROVE_RODE_IN_OPPOSING_TRAFFIC_LANE,NO_IMPROPER_ACTION,,
2537760,2,UNKNOWN_99,-111.860557539286,33.3060395574393,3,T_INTERSECTION,UNKNOWN_99,CHANDLER,"2011-07-18 10:30:00",NO_IMPROPER_ACTION,NO_IMPROPER_ACTION,,
2537781,2,LEFT_TURN,-112.023005355986,34.7287104995433,4,FOUR_WAY_INTERSECTION,LEFT_TURN,COTTONWOOD,"2011-07-22 08:38:00",NO_IMPROPER_ACTION,SPEED_TOO_FAST_FOR_CONDITIONS,,
2537841,2,UNKNOWN_99,-112.252836431478,33.6381049588244,1,FOUR_WAY_INTERSECTION,UNKNOWN_99,PEORIA,"2011-07-31 21:00:00",UNKNOWN_99,UNKNOWN_99,,
2537972,2,HEAD_ON,-112.272608455091,33.5872007635723,3,NOT_REPORTED_255,HEAD_ON,UNSPECIFIED_999,"2011-07-05 14:21:00",DROVE_RODE_IN_OPPOSING_TRAFFIC_LANE,NO_IMPROPER_ACTION,,
2537973,2,ANGLE_FRONT_TO_SIDE,-112.023843733335,33.5096210592618,2,UNKNOWN_99,ANGLE_FRONT_TO_SIDE,PHOENIX,"2011-07-01 17:53:00",UNKNOWN_99,UNKNOWN_99,,
2538047,2,ANGLE_FRONT_TO_SIDE,-112.134604027507,33.5819550132934,4,UNKNOWN_99,ANGLE_FRONT_TO_SIDE,PHOENIX,"2011-07-07 11:52:00",OTHER_97,NO_IMPROPER_ACTION,,
2538070,2,OTHER_97,-111.939961275748,33.6255398914285,4,LEGACY_INTERSECTION_RELATED_PRIOR_2009_98,OTHER_97,PHOENIX,"2011-06-08 06:21:00",OTHER_97,INATTENTION_DISTRACTION,,
2538075,2,OTHER_97,-111.978472118319,33.4656565599537,4,LEGACY_INTERSECTION_RELATED_PRIOR_2009_98,OTHER_97,PHOENIX,"2011-06-20 18:45:00",NO_IMPROPER_ACTION,NOT_APPLICABLE_MINUS_1+NOT_APPLICABLE_MINUS_1+FAILED_TO_YIELD_RIGHT_OF_WAY_103,,
2538211,2,ANGLE_FRONT_TO_SIDE,0,0,4,INTERSECTION_AS_PART_OF_INTERCHANGE,ANGLE_FRONT_TO_SIDE,PHOENIX,"2011-06-20 15:18:00",OTHER_97,NOT_APPLICABLE_MINUS_1+NO_IMPROPER_ACTION,,