IncidentID,num_vehicles_involved,eCollisionManner,Longitude,Latitude,InjurySeverity,eIntersectionType,eCollisionManner,city_name,IncidentDateTime,cyclist_citations,driver_citations,nearest_count_site,distance_to_nearest_count_site
2556263,2,OTHER_97,-110.858886539955,32.2213555946052,4,UNKNOWN_99,OTHER_97,TUCSON,"2011-08-09 10:52:00",NO_IMPROPER_ACTION,FAILED_TO_YIELD_RIGHT_OF_WAY_103,,
2556270,2,OTHER_97,-110.935285809944,32.2576093465908,2,FOUR_WAY_INTERSECTION,OTHER_97,TUCSON,"2011-08-09 08:51:00",OTHER_97,NO_IMPROPER_ACTION,,
2556325,2,OTHER_97,-110.881019469703,32.2071791572305,1,UNKNOWN_99,OTHER_97,TUCSON,"2011-08-18 08:13:00",DROVE_RODE_IN_OPPOSING_TRAFFIC_LANE,NOT_APPLICABLE_MINUS_1+NO_IMPROPER_ACTION+NOT_APPLICABLE_MINUS_1,,
2556384,2,HEAD_ON,-111.850340809666,33.3642377167378,4,NOT_AT_INTERSECTION_0,HEAD_ON,MESA,"2011-09-20 19:32:00",DROVE_RODE_IN_OPPOSING_TRAFFIC_LANE,FAILED_TO_KEEP_IN_PROPER_LANE,,
2556398,2,OTHER_97,-111.000567761241,32.2473303085656,2,UNKNOWN_99,OTHER_97,TUCSON,"2011-08-19 05:29:00",KNOWINGLY_OPERATED_WITH_FAULTY_MISSING_EQUIPMENT,OTHER_97,,
2556417,2,OTHER_97,-112.065126359002,33.4471787972226,3,FOUR_WAY_INTERSECTION,OTHER_97,PHOENIX,"2011-09-24 14:03:00",NO_IMPROPER_ACTION,DISREGARDED_TRAFFIC_SIGNAL,,
2556630,2,ANGLE_FRONT_TO_SIDE,-112.129211467568,33.6270699979752,4,T_INTERSECTION,ANGLE_FRONT_TO_SIDE,PHOENIX,"2011-09-25 10:06:00",RAN_STOP_SIGN,NO_IMPROPER_ACTION,,
2556638,2,ANGLE_FRONT_TO_SIDE,-110.768530755532,33.3930944676233,2,T_INTERSECTION,ANGLE_FRONT_TO_SIDE,GLOBE,"2011-05-29 17:51:00",RAN_STOP_SIGN,OTHER_97,,
2556671,2,ANGLE_FRONT_TO_SIDE,-112.073772836747,33.4368188370702,2,UNKNOWN_99,ANGLE_FRONT_TO_SIDE,PHOENIX,"2011-09-21 07:50:00",NO_IMPROPER_ACTION,FAILED_TO_YIELD_RIGHT_OF_WAY_103,,
2556781,2,ANGLE_FRONT_TO_SIDE,-111.046049041268,32.3274811161196,1,T_INTERSECTION,ANGLE_FRONT_TO_SIDE,MARANA,"2011-10-08 11:09:00",DROVE_RODE_IN_OPPOSING_TRAFFIC_LANE,NO_IMPROPER_ACTION,,
2557121,2,ANGLE_FRONT_TO_SIDE,-112.057328847139,33.4947177359507,3,UNKNOWN_99,ANGLE_FRONT_TO_SIDE,PHOENIX,"2011-07-19 11:21:00",NO_IMPROPER_ACTION,SPEED_TOO_FAST_FOR_CONDITIONS,,
2557130,2,ANGLE_FRONT_TO_SIDE,-112.304769442635,33.5654226088587,1,T_INTERSECTION,ANGLE_FRONT_TO_SIDE,UNSPECIFIED_999,"2011-08-17 15:21:00",DROVE_RODE_IN_OPPOSING_TRAFFIC_LANE,DISREGARDED_PAVEMENT_MARKINGS,,
2557231,2,OTHER_97,-112.012997911861,33.5026055123513,3,FOUR_WAY_INTERSECTION,OTHER_97,PHOENIX,"2011-09-28 18:45:00",DROVE_RODE_IN_OPPOSING_TRAFFIC_LANE,NO_IMPROPER_ACTION,,
2557358,2,ANGLE_FRONT_TO_SIDE,-111.707158097818,33.2777809533627,2,T_INTERSECTION,ANGLE_FRONT_TO_SIDE,GILBERT,"2011-10-10 16:37:00",NO_IMPROPER_ACTION,MADE_IMPROPER_TURN,,
2557517,2,SIDESWIPE_SAME_DIRECTION,-111.939606394699,33.3937931342591,1,NOT_REPORTED_255,SIDESWIPE_SAME_DIRECTION,TEMPE,"2011-07-13 17:30:00",NO_IMPROPER_ACTION,UNSAFE_LANE_CHANGE,144,0.000953203507197731
2557559,2,ANGLE_FRONT_TO_SIDE,-112.237676501893,33.6027279692655,1,FOUR_WAY_INTERSECTION,ANGLE_FRONT_TO_SIDE,PEORIA,"2011-10-13 14:00:00",DROVE_RODE_IN_OPPOSING_TRAFFIC_LANE,NO_IMPROPER_ACTION,,
2557602,2,ANGLE_FRONT_TO_SIDE,-112.235944503465,33.5819140228198,3,T_INTERSECTION,ANGLE_FRONT_TO_SIDE,PEORIA,"2011-10-03 06:50:00",DISREGARDED_TRAFFIC_SIGNAL,INATTENTION_DISTRACTION,,
2557636,2,OTHER_97,-110.935173052127,32.2215677441487,3,NOT_AT_INTERSECTION_0,OTHER_97,TUCSON,"2011-08-24 20:14:00",NO_IMPROPER_ACTION,FAILED_TO_YIELD_RIGHT_OF_WAY_103,,
2557643,2,OTHER_97,-110.957357299252,32.236050026319,3,T_INTERSECTION,OTHER_97,TUCSON,"2011-08-24 10:50:00",OTHER_97,NO_IMPROPER_ACTION,,
2557679,3,REAR_END,-110.939412576597,32.2068032975011,2,NOT_AT_INTERSECTION_0,REAR_END,TUCSON,"2011-08-28 11:32:00",NO_IMPROPER_ACTION,NO_IMPROPER_ACTION+UNKNOWN_99,,
2557702,2,OTHER_97,-110.92676528808,32.2406192614588,2,FOUR_WAY_INTERSECTION,OTHER_97,TUCSON,"2011-08-31 19:45:00",KNOWINGLY_OPERATED_WITH_FAULTY_MISSING_EQUIPMENT,NO_IMPROPER_ACTION,,
2557724,2,ANGLE_FRONT_TO_SIDE,-112.289939724355,33.47893154183,3,NOT_REPORTED_255,ANGLE_FRONT_TO_SIDE,AVONDALE,"2011-10-19 15:39:00",DISREGARDED_TRAFFIC_SIGNAL,NO_IMPROPER_ACTION,,
2557729,2,OTHER_97,-110.796757089856,32.2426574569264,2,NOT_REPORTED_255,OTHER_97,TUCSON,"2011-08-31 07:34:00",OTHER_97,OTHER_97,,
2557735,2,ANGLE_FRONT_TO_SIDE,-112.335280383984,33.4639940185012,3,T_INTERSECTION,ANGLE_FRONT_TO_SIDE,AVONDALE,"2011-10-21 11:16:00",DROVE_RODE_IN_OPPOSING_TRAFFIC_LANE,NO_IMPROPER_ACTION+NOT_APPLICABLE_MINUS_1,,
2557778,2,SIDESWIPE_OPPOSITE_DIRECTION,-112.23964270134,33.7238036253845,4,FOUR_WAY_INTERSECTION,SIDESWIPE_OPPOSITE_DIRECTION,PEORIA,"2011-10-11 17:25:00",INATTENTION_DISTRACTION,INATTENTION_DISTRACTION,,
2557787,2,ANGLE_FRONT_TO_SIDE,-112.151521029172,33.63673142947,2,NOT_REPORTED_255,ANGLE_FRONT_TO_SIDE,PHOENIX,"2011-09-21 09:12:00",NO_IMPROPER_ACTION,OTHER_97,,
2557974,2,ANGLE_FRONT_TO_SIDE,-110.282038215848,31.557796472149,2,T_INTERSECTION,ANGLE_FRONT_TO_SIDE,"SIERRA VISTA","2011-10-13 13:01:00",SPEED_TOO_FAST_FOR_CONDITIONS,NO_IMPROPER_ACTION,,
2558095,2,ANGLE_FRONT_TO_SIDE,-112.190716125002,33.6470967335892,2,FOUR_WAY_INTERSECTION,ANGLE_FRONT_TO_SIDE,GLENDALE,"2011-09-23 12:31:00",FAILED_TO_YIELD_RIGHT_OF_WAY_103,NO_IMPROPER_ACTION,,
2558131,2,LEFT_TURN,-112.155887374163,33.5531053268516,2,UNKNOWN_99,LEFT_TURN,GLENDALE,"2011-09-01 17:39:00",NO_IMPROPER_ACTION,SPEED_TOO_FAST_FOR_CONDITIONS,,
2558159,2,ANGLE_FRONT_TO_SIDE,-112.173908418832,33.6107426455954,3,T_INTERSECTION,ANGLE_FRONT_TO_SIDE,GLENDALE,"2011-09-08 07:15:00",INATTENTION_DISTRACTION,NO_IMPROPER_ACTION,,
2558305,2,ANGLE_FRONT_TO_SIDE,-112.177545506091,33.5095223833565,1,FOUR_WAY_INTERSECTION,ANGLE_FRONT_TO_SIDE,GLENDALE,"2011-09-11 17:14:00",FAILED_TO_YIELD_RIGHT_OF_WAY_103,NO_IMPROPER_ACTION,,
2558310,2,ANGLE_FRONT_TO_SIDE,-112.156719278125,33.5384509028234,2,UNKNOWN_99,ANGLE_FRONT_TO_SIDE,GLENDALE,"2011-09-11 09:46:00",OTHER_UNSAFE_PASSING,FAILED_TO_YIELD_RIGHT_OF_WAY_103,,
2558383,2,SIDESWIPE_OPPOSITE_DIRECTION,-112.154721243014,33.5384401441047,2,UNKNOWN_99,SIDESWIPE_OPPOSITE_DIRECTION,GLENDALE,"2011-09-23 21:43:00",DROVE_RODE_IN_OPPOSING_TRAFFIC_LANE,FAILED_TO_YIELD_RIGHT_OF_WAY_103,,
2558495,2,OTHER_97,-112.151439366645,33.5384459736493,5,FOUR_WAY_INTERSECTION,OTHER_97,PHOENIX,"2011-07-30 21:24:00",DISREGARDED_TRAFFIC_SIGNAL,NO_IMPROPER_ACTION,,
2558518,2,ANGLE_FRONT_TO_SIDE,-111.053198601982,32.3375549158144,1,T_INTERSECTION,ANGLE_FRONT_TO_SIDE,MARANA,"2011-10-27 17:35:00",INATTENTION_DISTRACTION,NO_IMPROPER_ACTION,,
2558531,2,LEFT_TURN,-110.272399886764,31.5522147452806,2,FOUR_WAY_INTERSECTION,LEFT_TURN,"SIERRA VISTA","2011-10-13 17:19:00",NO_IMPROPER_ACTION,FAILED_TO_YIELD_RIGHT_OF_WAY_103,,
2558610,2,OTHER_97,-111.78977300808,33.3608228339087,3,UNKNOWN_99,OTHER_97,GILBERT,"2011-10-24 13:07:00",UNKNOWN_99,NO_IMPROPER_ACTION,,
2558683,2,ANGLE_FRONT_TO_SIDE,-111.687685244809,33.365631531094,2,UNKNOWN_99,ANGLE_FRONT_TO_SIDE,GILBERT,"2011-10-19 08:02:00",NO_IMPROPER_ACTION,OTHER_97,,
2558751,2,REAR_END,-112.133819570506,33.852473518617,2,T_INTERSECTION,REAR_END,UNSPECIFIED_999,"2011-10-11 15:36:00",NO_IMPROPER_ACTION,NO_IMPROPER_ACTION,,
2559162,2,ANGLE_FRONT_TO_SIDE,-112.160173098976,33.5819214083168,1,FOUR_WAY_INTERSECTION,ANGLE_FRONT_TO_SIDE,GLENDALE,"2011-09-16 14:18:00",DROVE_RODE_IN_OPPOSING_TRAFFIC_LANE,NOT_APPLICABLE_MINUS_1+NO_IMPROPER_ACTION,,
2559244,3,REAR_END,-112.193292616681,33.6106817400611,3,NOT_AT_INTERSECTION_0,REAR_END,GLENDALE,"2011-09-13 06:41:00",NO_IMPROPER_ACTION,UNKNOWN_99+SPEED_TOO_FAST_FOR_CONDITIONS,,
2559316,2,ANGLE_FRONT_TO_SIDE,0,0,2,T_INTERSECTION,ANGLE_FRONT_TO_SIDE,GLENDALE,"2011-09-15 15:48:00",FAILED_TO_YIELD_RIGHT_OF_WAY_103,NO_IMPROPER_ACTION,,
2559575,2,ANGLE_FRONT_TO_SIDE,-112.194646688812,33.6206521290804,2,FOUR_WAY_INTERSECTION,ANGLE_FRONT_TO_SIDE,GLENDALE,"2011-09-09 08:14:00",INATTENTION_DISTRACTION,NO_IMPROPER_ACTION,,
2559671,2,OTHER_97,-111.659427788377,35.192119004721,2,NOT_REPORTED_255,OTHER_97,FLAGSTAFF,"2011-10-31 12:56:00",UNKNOWN_99,NO_IMPROPER_ACTION,,
2559824,2,OTHER_97,-111.84447524914,33.3787740619404,3,FOUR_WAY_INTERSECTION,OTHER_97,MESA,"2011-10-18 17:20:00",OTHER_97,OTHER_97,,
2559852,2,SIDESWIPE_SAME_DIRECTION,-111.641327640035,33.4168297508291,3,NOT_AT_INTERSECTION_0,SIDESWIPE_SAME_DIRECTION,UNSPECIFIED_999,"2011-10-14 18:00:00",DROVE_RODE_IN_OPPOSING_TRAFFIC_LANE,NO_IMPROPER_ACTION,,
2559911,2,ANGLE_FRONT_TO_SIDE,-112.341019020339,33.457129363261,3,FOUR_WAY_INTERSECTION,ANGLE_FRONT_TO_SIDE,AVONDALE,"2011-10-31 14:56:00",NO_IMPROPER_ACTION,FAILED_TO_YIELD_RIGHT_OF_WAY_103,,
2559944,2,ANGLE_FRONT_TO_SIDE,-112.099736258932,33.5198994106207,2,FOUR_WAY_INTERSECTION,ANGLE_FRONT_TO_SIDE,PHOENIX,"2011-09-23 16:47:00",INATTENTION_DISTRACTION,NO_IMPROPER_ACTION+NOT_APPLICABLE_MINUS_1,,
2559945,2,LEFT_TURN,-112.06738241662,33.6553226149796,2,FOUR_WAY_INTERSECTION,LEFT_TURN,PHOENIX,"2011-10-04 21:00:00",UNKNOWN_99,UNKNOWN_99,,
2559947,3,LEFT_TURN,-111.653004719101,35.1915565648262,3,UNKNOWN_99,LEFT_TURN,FLAGSTAFF,"2011-10-18 18:23:00",OTHER_97+OTHER_97,FAILED_TO_YIELD_RIGHT_OF_WAY_103,,
2559974,2,OTHER_97,-111.563392906606,33.4223242861642,1,FOUR_WAY_INTERSECTION,OTHER_97,"APACHE JUNCTION","2011-10-23 18:42:00",NO_IMPROPER_ACTION,DISREGARDED_TRAFFIC_SIGNAL,,
2560013,2,SIDESWIPE_OPPOSITE_DIRECTION,-109.263784422058,34.1255235590732,1,FOUR_WAY_INTERSECTION,SIDESWIPE_OPPOSITE_DIRECTION,SPRINGERVILLE,"2011-04-08 19:12:00",NO_IMPROPER_ACTION,RAN_STOP_SIGN,,
2560036,2,SIDESWIPE_SAME_DIRECTION,-111.961853773806,33.0580843439847,4,NOT_AT_INTERSECTION_0,SIDESWIPE_SAME_DIRECTION,MARICOPA,"2011-10-09 19:01:00",NO_IMPROPER_ACTION,OTHER_UNSAFE_PASSING,,
2560043,2,ANGLE_FRONT_TO_SIDE,-112.100075103056,33.6957585106394,3,T_INTERSECTION,ANGLE_FRONT_TO_SIDE,PHOENIX,"2011-09-28 12:05:00",FAILED_TO_YIELD_RIGHT_OF_WAY_103,NO_IMPROPER_ACTION,,
2560114,2,ANGLE_FRONT_TO_SIDE,-110.995640890238,32.4238612572648,1,FOUR_WAY_INTERSECTION,ANGLE_FRONT_TO_SIDE,"ORO VALLEY","2011-10-13 09:07:00",OTHER_97,NO_IMPROPER_ACTION,,
2560142,2,UNKNOWN_99,-111.841738158827,33.3352231845753,1,FOUR_WAY_INTERSECTION,UNKNOWN_99,CHANDLER,"2011-09-20 12:05:00",OTHER_97,OTHER_97,,
2560278,2,OTHER_97,-111.841474831899,33.3097868341455,1,FOUR_WAY_INTERSECTION,OTHER_97,CHANDLER,"2011-09-20 18:52:00",UNKNOWN_99,INATTENTION_DISTRACTION,,
2560297,2,SIDESWIPE_SAME_DIRECTION,-111.203703403991,32.3426784060258,3,NOT_AT_INTERSECTION_0,SIDESWIPE_SAME_DIRECTION,UNSPECIFIED_999,"2011-10-27 19:41:00",KNOWINGLY_OPERATED_WITH_FAULTY_MISSING_EQUIPMENT,NO_IMPROPER_ACTION,,
2560387,2,ANGLE_FRONT_TO_SIDE,-112.083230055135,33.4984910221457,3,T_INTERSECTION,ANGLE_FRONT_TO_SIDE,PHOENIX,"2011-10-02 09:16:00",NO_IMPROPER_ACTION,NOT_APPLICABLE_MINUS_1+FAILED_TO_YIELD_RIGHT_OF_WAY_103,,
2560635,2,OTHER_97,-112.008125534412,33.4657371712759,2,LEGACY_INTERSECTION_RELATED_PRIOR_2009_98,OTHER_97,PHOENIX,"2011-10-07 18:24:00",NO_IMPROPER_ACTION,NO_IMPROPER_ACTION,,
2560751,2,ANGLE_FRONT_TO_SIDE,-111.91298599433,33.4147588809266,2,UNKNOWN_99,ANGLE_FRONT_TO_SIDE,TEMPE,"2011-08-25 17:56:00",DROVE_RODE_IN_OPPOSING_TRAFFIC_LANE,NO_IMPROPER_ACTION,,
2560796,2,LEFT_TURN,-110.787798358357,32.2686090441723,3,FOUR_WAY_INTERSECTION,LEFT_TURN,UNSPECIFIED_999,"2011-10-28 07:59:00",NO_IMPROPER_ACTION,NOT_APPLICABLE_MINUS_1+INATTENTION_DISTRACTION,,
2560820,2,ANGLE_FRONT_TO_SIDE,-112.101661023485,33.5096037678015,3,UNKNOWN_99,ANGLE_FRONT_TO_SIDE,PHOENIX,"2011-09-30 08:16:00",UNKNOWN_99,NO_IMPROPER_ACTION,,
2560821,2,OTHER_97,-111.668379870453,35.1842007724599,4,FOUR_WAY_INTERSECTION,OTHER_97,FLAGSTAFF,"2011-10-26 08:42:00",NO_IMPROPER_ACTION,INATTENTION_DISTRACTION,,
2560830,2,LEFT_TURN,-112.022067141161,33.6405522703518,3,T_INTERSECTION,LEFT_TURN,PHOENIX,"2011-10-01 09:17:00",OTHER_97,NO_IMPROPER_ACTION,,
2560942,2,UNKNOWN_99,-112.012913824746,33.4657372782586,2,FOUR_WAY_INTERSECTION,UNKNOWN_99,PHOENIX,"2011-10-04 15:15:00",NO_IMPROPER_ACTION,INATTENTION_DISTRACTION+NOT_APPLICABLE_MINUS_1,,
2560946,2,ANGLE_FRONT_TO_SIDE,-111.807916529601,33.3063933847718,3,NOT_AT_INTERSECTION_0,ANGLE_FRONT_TO_SIDE,CHANDLER,"2011-09-26 19:35:00",UNSAFE_LANE_CHANGE,UNKNOWN_99,,
2560958,2,ANGLE_FRONT_TO_SIDE,-111.85974835458,33.3786807423893,2,FOUR_WAY_INTERSECTION,ANGLE_FRONT_TO_SIDE,MESA,"2011-10-28 08:47:00",DISREGARDED_TRAFFIC_SIGNAL,NO_IMPROPER_ACTION,,
2560965,2,ANGLE_FRONT_TO_SIDE,0,0,4,UNKNOWN_99,ANGLE_FRONT_TO_SIDE,GILBERT,"2011-10-24 19:21:00",DROVE_RODE_IN_OPPOSING_TRAFFIC_LANE,NO_IMPROPER_ACTION,,
2560979,2,ANGLE_FRONT_TO_SIDE,-111.941657185864,33.3059168250301,3,NOT_AT_INTERSECTION_0,ANGLE_FRONT_TO_SIDE,CHANDLER,"2011-09-26 14:05:00",DROVE_RODE_IN_OPPOSING_TRAFFIC_LANE,INATTENTION_DISTRACTION,,
2560999,3,LEFT_TURN,-111.692095336246,33.32164733038,3,T_INTERSECTION,LEFT_TURN,UNSPECIFIED_999,"2011-10-27 16:52:00",NO_IMPROPER_ACTION+NO_IMPROPER_ACTION,OTHER_97,,
2561044,2,OTHER_97,-110.896391466559,32.5369337641139,1,T_INTERSECTION,OTHER_97,UNSPECIFIED_999,"2011-09-09 09:39:00",NO_IMPROPER_ACTION,INATTENTION_DISTRACTION,,
2561051,2,LEFT_TURN,-111.5602775784,33.2233022175311,3,T_INTERSECTION,LEFT_TURN,UNSPECIFIED_999,"2011-09-10 17:01:00",OTHER_97,NO_IMPROPER_ACTION,,
2561343,2,LEFT_TURN,-112.237736052575,33.5664940878723,4,FOUR_WAY_INTERSECTION,LEFT_TURN,PEORIA,"2011-10-25 13:27:00",NO_IMPROPER_ACTION,OTHER_97,,
2561348,2,ANGLE_FRONT_TO_SIDE,-112.117057326429,33.4878012381579,3,FOUR_WAY_INTERSECTION,ANGLE_FRONT_TO_SIDE,PHOENIX,"2011-09-30 08:05:00",DISREGARDED_TRAFFIC_SIGNAL,NO_IMPROPER_ACTION,,
2561358,2,ANGLE_FRONT_TO_SIDE,-111.926377785361,33.2985344508137,2,NOT_AT_INTERSECTION_0,ANGLE_FRONT_TO_SIDE,CHANDLER,"2011-09-21 13:21:00",RAN_STOP_SIGN,NOT_APPLICABLE_MINUS_1+NO_IMPROPER_ACTION,,
2561373,2,ANGLE_FRONT_TO_SIDE,-112.147541525646,33.4659602380026,4,FOUR_WAY_INTERSECTION,ANGLE_FRONT_TO_SIDE,PHOENIX,"2011-09-29 17:53:00",DROVE_RODE_IN_OPPOSING_TRAFFIC_LANE,NO_IMPROPER_ACTION,,
2561381,2,ANGLE_FRONT_TO_SIDE,-112.153804291989,33.5094408707835,3,T_INTERSECTION,ANGLE_FRONT_TO_SIDE,GLENDALE,"2011-09-30 16:11:00",FAILED_TO_KEEP_IN_PROPER_LANE,NO_IMPROPER_ACTION,,
2561406,2,REAR_END,-112.422489677412,34.7591454209479,3,TRAFFIC_CIRCLE,REAR_END,"CHINO VALLEY","2011-10-30 13:27:00",NO_IMPROPER_ACTION,UNKNOWN_99,,
2561451,2,ANGLE_FRONT_TO_SIDE,-112.021930649844,33.4950305888571,2,NOT_AT_INTERSECTION_0,ANGLE_FRONT_TO_SIDE,PHOENIX,"2011-10-05 16:00:00",UNKNOWN_99,MADE_IMPROPER_TURN,,
2561485,2,ANGLE_FRONT_TO_SIDE,-112.056326175753,33.4947887728005,2,FOUR_WAY_INTERSECTION,ANGLE_FRONT_TO_SIDE,PHOENIX,"2011-10-06 20:30:00",DISREGARDED_TRAFFIC_SIGNAL,NO_IMPROPER_ACTION,,
2561489,2,OTHER_97,-110.936954666706,32.163251958082,4,T_INTERSECTION,OTHER_97,TUCSON,"2011-09-01 15:35:00",NO_IMPROPER_ACTION,FAILED_TO_YIELD_RIGHT_OF_WAY_103,,
2561499,2,ANGLE_FRONT_TO_SIDE,-112.099614088652,33.5458566152427,3,FOUR_WAY_INTERSECTION,ANGLE_FRONT_TO_SIDE,PHOENIX,"2011-10-04 11:53:00",DROVE_RODE_IN_OPPOSING_TRAFFIC_LANE,NO_IMPROPER_ACTION,,
2561506,2,UNKNOWN_99,-112.013004516776,33.5048196300115,3,NOT_AT_INTERSECTION_0,UNKNOWN_99,PHOENIX,"2011-10-01 23:19:00",UNKNOWN_99,UNKNOWN_99,,
2561528,2,OTHER_97,-110.965600773199,32.229446162959,3,UNKNOWN_99,OTHER_97,TUCSON,"2011-09-02 00:05:00",NO_IMPROPER_ACTION,NO_IMPROPER_ACTION,,
2561537,2,OTHER_97,-110.998379429865,32.1313015267561,3,FOUR_WAY_INTERSECTION,OTHER_97,TUCSON,"2011-09-03 21:34:00",NO_IMPROPER_ACTION,OTHER_97,,
2561746,2,UNKNOWN_99,-111.739727100078,32.9234132731528,3,UNKNOWN_99,UNKNOWN_99,"CASA GRANDE","2011-10-19 06:43:00",UNKNOWN_99,UNKNOWN_99+NOT_APPLICABLE_MINUS_1+NOT_APPLICABLE_MINUS_1,,
2561749,2,SIDESWIPE_SAME_DIRECTION,-112.142348837933,33.3920788668311,4,UNKNOWN_99,SIDESWIPE_SAME_DIRECTION,PHOENIX,"2011-07-27 17:23:00",FAILED_TO_YIELD_RIGHT_OF_WAY_103,NO_IMPROPER_ACTION,,
2561902,2,SIDESWIPE_SAME_DIRECTION,-112.037006853564,33.4875239740455,3,NOT_AT_INTERSECTION_0,SIDESWIPE_SAME_DIRECTION,PHOENIX,"2011-10-06 18:35:00",NO_IMPROPER_ACTION,NO_IMPROPER_ACTION,,
2562074,2,ANGLE_FRONT_TO_SIDE,-112.074942952861,33.625718321644,4,T_INTERSECTION,ANGLE_FRONT_TO_SIDE,PHOENIX,"2011-10-10 08:06:00",NO_IMPROPER_ACTION,MADE_IMPROPER_TURN,,
2562137,2,REAR_END,0,0,4,UNKNOWN_99,REAR_END,UNSPECIFIED_999,"2011-09-19 23:20:00",UNKNOWN_99,INATTENTION_DISTRACTION,,
2562191,2,LEFT_TURN,-112.063719812681,33.4657244600679,3,NOT_AT_INTERSECTION_0,LEFT_TURN,PHOENIX,"2011-10-06 14:47:00",NO_IMPROPER_ACTION,FAILED_TO_YIELD_RIGHT_OF_WAY_103,,
2562202,2,ANGLE_FRONT_TO_SIDE,-111.859727016327,33.3642243365071,2,T_INTERSECTION,ANGLE_FRONT_TO_SIDE,MESA,"2011-10-27 15:00:00",INATTENTION_DISTRACTION,NOT_APPLICABLE_MINUS_1+NOT_APPLICABLE_MINUS_1+INATTENTION_DISTRACTION,,
2562212,2,SIDESWIPE_OPPOSITE_DIRECTION,-112.134290648143,33.4876791801174,2,FOUR_WAY_INTERSECTION,SIDESWIPE_OPPOSITE_DIRECTION,PHOENIX,"2011-10-11 16:50:00",DISREGARDED_TRAFFIC_SIGNAL,NO_IMPROPER_ACTION,,
2562226,2,ANGLE_FRONT_TO_SIDE,-111.8483190211,33.4150167733099,2,FOUR_WAY_INTERSECTION,ANGLE_FRONT_TO_SIDE,MESA,"2011-10-27 18:00:00",UNKNOWN_99,INATTENTION_DISTRACTION,,
2562245,2,REAR_END,-111.02908990096,32.3100070228515,3,T_INTERSECTION,REAR_END,TUCSON,"2011-10-28 07:05:00",SPEED_TOO_FAST_FOR_CONDITIONS,NO_IMPROPER_ACTION,,
2562342,2,ANGLE_FRONT_TO_SIDE,-111.815081193717,33.4174141636237,1,UNKNOWN_99,ANGLE_FRONT_TO_SIDE,MESA,"2011-11-04 11:24:00",FAILED_TO_KEEP_IN_PROPER_LANE,NO_IMPROPER_ACTION,,
2562529,2,ANGLE_FRONT_TO_SIDE,-111.714503667155,33.2892981451797,2,FOUR_WAY_INTERSECTION,ANGLE_FRONT_TO_SIDE,GILBERT,"2011-11-01 16:13:00",RAN_STOP_SIGN,NO_IMPROPER_ACTION,,
2562545,2,OTHER_97,-111.75567522629,33.3501675418814,4,FOUR_WAY_INTERSECTION,OTHER_97,GILBERT,"2011-11-09 07:15:00",NO_IMPROPER_ACTION,MADE_IMPROPER_TURN,,
2562607,2,OTHER_97,-112.064682682789,33.3907229289564,4,NOT_REPORTED_255,OTHER_97,PHOENIX,"2011-10-18 14:05:00",OTHER_97,NO_IMPROPER_ACTION,,
2562612,2,OTHER_97,-111.753667871377,33.4196374657484,3,UNKNOWN_99,OTHER_97,MESA,"2011-11-07 13:35:00",NO_IMPROPER_ACTION,NO_IMPROPER_ACTION,,
2562621,2,LEFT_TURN,-111.736410206128,33.4227678086227,1,FOUR_WAY_INTERSECTION,LEFT_TURN,MESA,"2011-11-03 07:19:00",NO_IMPROPER_ACTION,OTHER_97,,
2562706,2,OTHER_97,-110.806812340701,32.2217549212681,1,UNKNOWN_99,OTHER_97,TUCSON,"2011-09-06 18:22:00",UNSAFE_LANE_CHANGE,NOT_APPLICABLE_MINUS_1+NO_IMPROPER_ACTION,,
2562740,2,OTHER_97,-110.913272683587,32.2361529664585,3,FOUR_WAY_INTERSECTION,OTHER_97,TUCSON,"2011-09-12 07:29:00",NO_IMPROPER_ACTION,INATTENTION_DISTRACTION+NOT_APPLICABLE_MINUS_1+NOT_APPLICABLE_MINUS_1,,
2562752,2,OTHER_97,-110.971793481119,32.2363088421622,3,UNKNOWN_99,OTHER_97,TUCSON,"2011-09-07 15:28:00",FAILED_TO_YIELD_RIGHT_OF_WAY_103,NO_IMPROPER_ACTION,,
2562799,2,OTHER_97,-110.90952595859,32.207037960002,2,FOUR_WAY_INTERSECTION,OTHER_97,TUCSON,"2011-09-10 22:11:00",MADE_IMPROPER_TURN,NO_IMPROPER_ACTION,,
2563048,2,UNKNOWN_99,-112.012935514938,33.4850765890167,3,T_INTERSECTION,UNKNOWN_99,PHOENIX,"2011-10-10 20:55:00",UNKNOWN_99,UNKNOWN_99,,
2563053,2,OTHER_97,-112.099642565401,33.5735416262633,1,T_INTERSECTION,OTHER_97,PHOENIX,"2011-10-03 08:26:00",NO_IMPROPER_ACTION,UNKNOWN_99,,
2563064,2,ANGLE_FRONT_TO_SIDE,-112.447261333986,33.3561274918395,1,T_INTERSECTION,ANGLE_FRONT_TO_SIDE,GOODYEAR,"2011-11-08 07:34:00",DROVE_RODE_IN_OPPOSING_TRAFFIC_LANE,FAILED_TO_YIELD_RIGHT_OF_WAY_103,,