IncidentID,num_vehicles_involved,eCollisionManner,Longitude,Latitude,InjurySeverity,eIntersectionType,eCollisionManner,city_name,IncidentDateTime,cyclist_citations,driver_citations,nearest_count_site,distance_to_nearest_count_site
2617902,2,ANGLE_FRONT_TO_SIDE,-112.173303761542,33.4948634503835,2,UNKNOWN_99,ANGLE_FRONT_TO_SIDE,PHOENIX,"2012-03-30 11:48:00",INATTENTION_DISTRACTION,NO_IMPROPER_ACTION,,
2618129,2,SIDESWIPE_OPPOSITE_DIRECTION,-111.65592767311,35.1996215838197,3,Y_INTERSECTION,SIDESWIPE_OPPOSITE_DIRECTION,FLAGSTAFF,"2012-05-22 17:39:00",NO_IMPROPER_ACTION,FAILED_TO_YIELD_RIGHT_OF_WAY_103,,
2618138,2,SIDESWIPE_SAME_DIRECTION,-111.65531565485,35.1952708259463,2,FOUR_WAY_INTERSECTION,SIDESWIPE_SAME_DIRECTION,FLAGSTAFF,"2012-05-24 09:57:00",NO_IMPROPER_ACTION,NOT_APPLICABLE_MINUS_1+NO_IMPROPER_ACTION,,
2618150,2,ANGLE_FRONT_TO_SIDE,-111.657271967943,35.1937253892482,4,Y_INTERSECTION,ANGLE_FRONT_TO_SIDE,FLAGSTAFF,"2012-05-24 08:08:00",DROVE_RODE_IN_OPPOSING_TRAFFIC_LANE,NO_IMPROPER_ACTION,,
2618245,2,ANGLE_FRONT_TO_SIDE,-112.065219582264,33.570085747369,2,UNKNOWN_99,ANGLE_FRONT_TO_SIDE,PHOENIX,"2012-04-11 17:45:00",DID_NOT_USE_CROSSWALK,NO_IMPROPER_ACTION,,
2618246,2,OTHER_97,-112.10378304573,33.5095855389693,3,FOUR_WAY_INTERSECTION,OTHER_97,PHOENIX,"2012-04-09 12:48:00",NO_IMPROPER_ACTION,SPEED_TOO_FAST_FOR_CONDITIONS,,
2618268,2,ANGLE_FRONT_TO_SIDE,-112.090543559422,33.3921405268639,3,FOUR_WAY_INTERSECTION,ANGLE_FRONT_TO_SIDE,PHOENIX,"2012-04-12 10:20:00",DROVE_RODE_IN_OPPOSING_TRAFFIC_LANE,UNKNOWN_99,,
2618352,2,SIDESWIPE_SAME_DIRECTION,-111.804562341535,33.7413886130127,4,UNKNOWN_99,SIDESWIPE_SAME_DIRECTION,SCOTTSDALE,"2012-02-26 11:17:00",NO_IMPROPER_ACTION,UNKNOWN_99,,
2618372,2,LEFT_TURN,-111.90743122629,33.671628094633,3,FOUR_WAY_INTERSECTION,LEFT_TURN,SCOTTSDALE,"2012-03-14 19:09:00",OTHER_97,NOT_APPLICABLE_MINUS_1+NO_IMPROPER_ACTION,,
2618630,2,OTHER_97,-111.011431127785,32.2719080159582,2,NOT_REPORTED_255,OTHER_97,TUCSON,"2012-02-29 21:17:00",MADE_IMPROPER_TURN,NO_IMPROPER_ACTION,,
2618695,2,HEAD_ON,-111.93479556185,33.47299232178,1,FOUR_WAY_INTERSECTION,HEAD_ON,SCOTTSDALE,"2012-03-23 15:18:00",NO_IMPROPER_ACTION,MADE_IMPROPER_TURN,,
2618729,2,ANGLE_FRONT_TO_SIDE,-111.926337701881,33.458568444221,2,FOUR_WAY_INTERSECTION,ANGLE_FRONT_TO_SIDE,SCOTTSDALE,"2012-03-30 09:37:00",DISREGARDED_TRAFFIC_SIGNAL,NO_IMPROPER_ACTION,,
2618783,2,LEFT_TURN,-112.453373074742,34.5992592231938,1,T_INTERSECTION,LEFT_TURN,PRESCOTT,"2012-05-23 06:10:00",RAN_STOP_SIGN,NO_IMPROPER_ACTION,,
2618946,2,SIDESWIPE_SAME_DIRECTION,-111.814007989051,33.4354965089286,2,FOUR_WAY_INTERSECTION,SIDESWIPE_SAME_DIRECTION,MESA,"2012-04-02 16:14:00",NO_IMPROPER_ACTION,DISREGARDED_TRAFFIC_SIGNAL,,
2618956,2,ANGLE_FRONT_TO_SIDE,-111.836696340054,33.4123855397271,2,UNKNOWN_99,ANGLE_FRONT_TO_SIDE,MESA,"2012-04-30 16:17:00",UNKNOWN_99,NO_IMPROPER_ACTION,,
2619010,2,ANGLE_FRONT_TO_SIDE,-111.082483711819,32.1794549194397,1,T_INTERSECTION,ANGLE_FRONT_TO_SIDE,UNSPECIFIED_999,"2012-04-29 08:07:00",NO_IMPROPER_ACTION,OTHER_97,,
2619025,2,ANGLE_FRONT_TO_SIDE,-112.342024222808,33.6163195494116,2,T_INTERSECTION,ANGLE_FRONT_TO_SIDE,"EL MIRAGE","2012-04-27 16:48:00",NO_IMPROPER_ACTION,DISREGARDED_PAVEMENT_MARKINGS,,
2619271,2,ANGLE_FRONT_TO_SIDE,-111.736410200835,33.4233174044532,3,UNKNOWN_99,ANGLE_FRONT_TO_SIDE,MESA,"2012-04-29 14:29:00",DROVE_RODE_IN_OPPOSING_TRAFFIC_LANE,NO_IMPROPER_ACTION,,
2619289,2,ANGLE_FRONT_TO_SIDE,-111.921853626238,33.4075090309961,3,UNKNOWN_99,ANGLE_FRONT_TO_SIDE,TEMPE,"2012-04-24 11:40:00",DROVE_RODE_IN_OPPOSING_TRAFFIC_LANE,NO_IMPROPER_ACTION,138,0.00424485672313532
2619306,2,ANGLE_FRONT_TO_SIDE,-111.936633291599,33.3638090511565,3,T_INTERSECTION,ANGLE_FRONT_TO_SIDE,TEMPE,"2012-04-19 19:15:00",DROVE_RODE_IN_OPPOSING_TRAFFIC_LANE,INATTENTION_DISTRACTION,,
2619428,2,ANGLE_FRONT_TO_SIDE,-112.111924075365,33.5529525118325,2,FOUR_WAY_INTERSECTION,ANGLE_FRONT_TO_SIDE,PHOENIX,"2012-04-30 21:25:00",NO_IMPROPER_ACTION,DISREGARDED_TRAFFIC_SIGNAL,,
2619530,2,SIDESWIPE_OPPOSITE_DIRECTION,-111.618107290554,35.2118100437386,3,NOT_AT_INTERSECTION_0,SIDESWIPE_OPPOSITE_DIRECTION,FLAGSTAFF,"2012-06-02 09:49:00",NO_IMPROPER_ACTION,NO_IMPROPER_ACTION,,
2619599,2,ANGLE_FRONT_TO_SIDE,-111.660499617866,33.4224171521658,2,T_INTERSECTION,ANGLE_FRONT_TO_SIDE,MESA,"2012-05-29 13:10:00",OTHER_97,NO_IMPROPER_ACTION,,
2619636,2,ANGLE_FRONT_TO_SIDE,-111.869888214742,33.4220270973153,4,UNKNOWN_99,ANGLE_FRONT_TO_SIDE,MESA,"2012-05-03 16:06:00",DROVE_RODE_IN_OPPOSING_TRAFFIC_LANE,RAN_STOP_SIGN,,
2619651,2,LEFT_TURN,-111.834132012765,33.4077719831033,3,NOT_AT_INTERSECTION_0,LEFT_TURN,MESA,"2012-05-30 14:54:00",NO_IMPROPER_ACTION,NOT_APPLICABLE_MINUS_1+OTHER_97,,
2619725,2,ANGLE_FRONT_TO_SIDE,-111.770927681405,33.4356454110972,1,T_INTERSECTION,ANGLE_FRONT_TO_SIDE,MESA,"2012-05-01 20:34:00",NO_IMPROPER_ACTION,INATTENTION_DISTRACTION,,
2619822,2,ANGLE_FRONT_TO_SIDE,-112.482058415792,34.5576868434698,3,FOUR_WAY_INTERSECTION,ANGLE_FRONT_TO_SIDE,PRESCOTT,"2012-05-05 16:33:00",UNKNOWN_99,NO_IMPROPER_ACTION,,
2619892,2,OTHER_97,-111.037416279947,32.3132817129254,3,T_INTERSECTION,OTHER_97,UNSPECIFIED_999,"2012-05-05 09:30:00",NO_IMPROPER_ACTION,DISREGARDED_PAVEMENT_MARKINGS,,
2619902,2,ANGLE_FRONT_TO_SIDE,-110.908043831499,32.3089057130772,1,T_INTERSECTION,ANGLE_FRONT_TO_SIDE,UNSPECIFIED_999,"2012-05-16 06:10:00",NO_IMPROPER_ACTION,DISREGARDED_TRAFFIC_SIGNAL,,
2619916,2,ANGLE_FRONT_TO_SIDE,-112.065243674146,33.440924447147,4,T_INTERSECTION,ANGLE_FRONT_TO_SIDE,PHOENIX,"2012-03-29 12:58:00",FAILED_TO_YIELD_RIGHT_OF_WAY_103,NO_IMPROPER_ACTION+NOT_APPLICABLE_MINUS_1,,
2619947,2,LEFT_TURN,-111.007176245396,32.343138542585,1,T_INTERSECTION,LEFT_TURN,UNSPECIFIED_999,"2012-05-29 17:40:00",NO_IMPROPER_ACTION,DISREGARDED_TRAFFIC_SIGNAL,,
2619953,2,ANGLE_FRONT_TO_SIDE,-111.876675164517,33.3755986170432,2,NOT_AT_INTERSECTION_0,ANGLE_FRONT_TO_SIDE,MESA,"2012-06-03 10:45:00",NO_IMPROPER_ACTION,INATTENTION_DISTRACTION,,
2620018,2,OTHER_97,-111.74734855977,33.3647396034044,2,T_INTERSECTION,OTHER_97,GILBERT,"2012-05-09 07:19:00",NO_IMPROPER_ACTION,OTHER_97,,
2620071,2,LEFT_TURN,-111.824313086664,33.3418884870337,1,T_INTERSECTION,LEFT_TURN,GILBERT,"2012-05-11 06:24:00",DISREGARDED_TRAFFIC_SIGNAL,OTHER_97,,
2620078,2,ANGLE_FRONT_TO_SIDE,-111.704459237563,33.3504726142303,1,FOUR_WAY_INTERSECTION,ANGLE_FRONT_TO_SIDE,GILBERT,"2012-05-11 05:26:00",NO_IMPROPER_ACTION,SPEED_TOO_FAST_FOR_CONDITIONS,,
2620086,2,ANGLE_FRONT_TO_SIDE,-110.991274157207,32.4497614051503,3,FOUR_WAY_INTERSECTION,ANGLE_FRONT_TO_SIDE,"ORO VALLEY","2012-05-28 11:26:00",UNKNOWN_99,NOT_APPLICABLE_MINUS_1+NOT_APPLICABLE_MINUS_1+NO_IMPROPER_ACTION,,
2620141,2,ANGLE_FRONT_TO_SIDE,-111.646240749607,35.1874092668794,3,FOUR_WAY_INTERSECTION,ANGLE_FRONT_TO_SIDE,FLAGSTAFF,"2012-06-04 20:19:00",OTHER_97,NO_IMPROPER_ACTION,,
2620151,3,REAR_END,-111.657634099027,35.1934410960812,3,NOT_AT_INTERSECTION_0,REAR_END,FLAGSTAFF,"2012-06-07 13:02:00",NO_IMPROPER_ACTION,UNSAFE_LANE_CHANGE+NOT_APPLICABLE_MINUS_1+NO_IMPROPER_ACTION+NOT_APPLICABLE_MINUS_1,,
2620220,2,ANGLE_FRONT_TO_SIDE,-111.613053918681,35.2061680903189,3,FOUR_WAY_INTERSECTION,ANGLE_FRONT_TO_SIDE,FLAGSTAFF,"2012-06-05 17:22:00",DISREGARDED_TRAFFIC_SIGNAL,NO_IMPROPER_ACTION,,
2620333,2,OTHER_97,-111.61883939203,33.4078318753993,2,T_INTERSECTION,OTHER_97,UNSPECIFIED_999,"2012-04-01 08:59:00",WALKED_ON_WRONG_SIDE_OF_ROAD,INATTENTION_DISTRACTION,,
2620365,2,ANGLE_FRONT_TO_SIDE,-112.368176875062,33.6878218838356,3,FOUR_WAY_INTERSECTION,ANGLE_FRONT_TO_SIDE,UNSPECIFIED_999,"2012-04-09 15:09:00",NO_IMPROPER_ACTION,FAILED_TO_YIELD_RIGHT_OF_WAY_103,,
2620395,2,ANGLE_FRONT_TO_SIDE,-111.987203996113,33.4480910463135,3,FOUR_WAY_INTERSECTION,ANGLE_FRONT_TO_SIDE,PHOENIX,"2012-05-10 18:01:00",FAILED_TO_YIELD_RIGHT_OF_WAY_103,NO_IMPROPER_ACTION,,
2620415,2,ANGLE_FRONT_TO_SIDE,-112.341090019871,33.4493193162439,4,UNKNOWN_99,ANGLE_FRONT_TO_SIDE,AVONDALE,"2012-05-09 16:01:00",NO_IMPROPER_ACTION,INATTENTION_DISTRACTION,,
2620417,2,ANGLE_FRONT_TO_SIDE,-111.837137189023,33.378775074193,2,FOUR_WAY_INTERSECTION,ANGLE_FRONT_TO_SIDE,MESA,"2012-05-01 22:15:00",UNKNOWN_99,UNKNOWN_99,,
2620604,2,ANGLE_FRONT_TO_SIDE,-112.047626522164,33.460517185674,1,FOUR_WAY_INTERSECTION,ANGLE_FRONT_TO_SIDE,PHOENIX,"2012-04-10 16:43:00",UNKNOWN_99,UNKNOWN_99,,
2620608,2,ANGLE_FRONT_TO_SIDE,-111.96705726936,33.6115687461471,3,T_INTERSECTION,ANGLE_FRONT_TO_SIDE,PHOENIX,"2012-04-13 07:10:00",OTHER_97,NO_IMPROPER_ACTION,,
2620672,2,OTHER_97,-112.047622611118,33.4945871796947,3,FOUR_WAY_INTERSECTION,OTHER_97,PHOENIX,"2012-04-14 16:20:00",OTHER_97,OTHER_97,,
2620673,2,ANGLE_FRONT_TO_SIDE,-112.069548410669,33.5713178901618,2,UNKNOWN_99,ANGLE_FRONT_TO_SIDE,PHOENIX,"2012-04-06 09:20:00",OTHER_97,NO_IMPROPER_ACTION,,
2620706,3,LEFT_TURN,-112.151188433149,33.6107355868091,2,FOUR_WAY_INTERSECTION,LEFT_TURN,PHOENIX,"2012-04-07 17:27:00",NO_IMPROPER_ACTION,NO_IMPROPER_ACTION+MADE_IMPROPER_TURN,,
2620725,2,UNKNOWN_99,-111.978042590139,33.357622520916,4,FOUR_WAY_INTERSECTION,UNKNOWN_99,PHOENIX,"2012-04-15 12:26:00",UNKNOWN_99,UNKNOWN_99,,
2620878,2,ANGLE_FRONT_TO_SIDE,-112.126498911708,33.5759889925583,2,UNKNOWN_99,ANGLE_FRONT_TO_SIDE,PHOENIX,"2012-04-17 06:08:00",NO_IMPROPER_ACTION,FAILED_TO_YIELD_RIGHT_OF_WAY_103,,
2620929,2,HEAD_ON,-112.05632605872,33.49480800064,1,FOUR_WAY_INTERSECTION,HEAD_ON,PHOENIX,"2012-04-17 18:29:00",DROVE_RODE_IN_OPPOSING_TRAFFIC_LANE,INATTENTION_DISTRACTION,,
2621264,2,ANGLE_FRONT_TO_SIDE,-112.082537768185,33.5711555239386,2,FOUR_WAY_INTERSECTION,ANGLE_FRONT_TO_SIDE,PHOENIX,"2012-04-15 09:52:00",DISREGARDED_TRAFFIC_SIGNAL,NO_IMPROPER_ACTION,,
2621284,2,SIDESWIPE_SAME_DIRECTION,-112.151583258588,33.5059222660677,1,UNKNOWN_99,SIDESWIPE_SAME_DIRECTION,PHOENIX,"2012-04-18 13:23:00",DID_NOT_USE_CROSSWALK,NO_IMPROPER_ACTION,,
2621430,2,ANGLE_FRONT_TO_SIDE,-111.744355133618,32.8795599350445,2,T_INTERSECTION,ANGLE_FRONT_TO_SIDE,"CASA GRANDE","2012-05-19 15:01:00",UNKNOWN_99,NOT_APPLICABLE_MINUS_1+NOT_APPLICABLE_MINUS_1+NO_IMPROPER_ACTION,,
2621442,2,ANGLE_FRONT_TO_SIDE,-111.934769125944,33.4803677404465,3,FOUR_WAY_INTERSECTION,ANGLE_FRONT_TO_SIDE,SCOTTSDALE,"2012-04-04 08:46:00",DROVE_RODE_IN_OPPOSING_TRAFFIC_LANE,NO_IMPROPER_ACTION,,
2621455,2,REAR_END,-111.906465716362,33.5447666785799,2,FOUR_WAY_INTERSECTION,REAR_END,SCOTTSDALE,"2012-04-03 12:05:00",NO_IMPROPER_ACTION,NO_IMPROPER_ACTION,,
2621456,2,ANGLE_FRONT_TO_SIDE,-111.882690090773,33.5825647744532,2,FOUR_WAY_INTERSECTION,ANGLE_FRONT_TO_SIDE,SCOTTSDALE,"2012-04-03 11:57:00",NO_IMPROPER_ACTION,INATTENTION_DISTRACTION+NOT_APPLICABLE_MINUS_1,,
2621476,2,ANGLE_FRONT_TO_SIDE,-111.925894447653,33.5242630141141,3,FOUR_WAY_INTERSECTION,ANGLE_FRONT_TO_SIDE,SCOTTSDALE,"2012-04-12 12:34:00",OTHER_97,INATTENTION_DISTRACTION,,
2621479,2,OTHER_97,-111.904906799742,33.4948708547294,2,FOUR_WAY_INTERSECTION,OTHER_97,SCOTTSDALE,"2012-04-08 19:25:00",UNKNOWN_99,NOT_APPLICABLE_MINUS_1+UNKNOWN_99,,
2621487,2,OTHER_97,-111.926107575657,33.4968326647628,3,FOUR_WAY_INTERSECTION,OTHER_97,SCOTTSDALE,"2012-04-06 19:26:00",INATTENTION_DISTRACTION,NO_IMPROPER_ACTION+NOT_APPLICABLE_MINUS_1,,
2621506,2,ANGLE_FRONT_TO_SIDE,-111.921762087525,33.4913103495487,3,T_INTERSECTION,ANGLE_FRONT_TO_SIDE,SCOTTSDALE,"2012-04-11 14:55:00",DISREGARDED_TRAFFIC_SIGNAL,NO_IMPROPER_ACTION,,
2621532,2,ANGLE_FRONT_TO_SIDE,-111.891960799145,33.4209066119894,2,NOT_REPORTED_255,ANGLE_FRONT_TO_SIDE,TEMPE,"2012-06-01 20:44:00",UNKNOWN_99,UNKNOWN_99,161,0.0011064089019741
2621537,2,OTHER_97,-110.917638042109,32.1671564265759,3,UNKNOWN_99,OTHER_97,TUCSON,"2012-01-16 13:50:00",DROVE_RODE_IN_OPPOSING_TRAFFIC_LANE,NO_IMPROPER_ACTION,,
2621557,2,OTHER_97,-110.965540233268,32.2251140966808,1,FOUR_WAY_INTERSECTION,OTHER_97,TUCSON,"2012-01-20 23:52:00",KNOWINGLY_OPERATED_WITH_FAULTY_MISSING_EQUIPMENT,FAILED_TO_YIELD_RIGHT_OF_WAY_103,,
2621601,2,ANGLE_FRONT_TO_SIDE,-110.282115665839,31.5546382016831,1,NOT_AT_INTERSECTION_0,ANGLE_FRONT_TO_SIDE,"SIERRA VISTA","2012-05-19 10:13:00",NO_IMPROPER_ACTION,INATTENTION_DISTRACTION,,
2621609,2,OTHER_97,-111.005551180064,32.2263654310461,3,T_INTERSECTION,OTHER_97,TUCSON,"2012-01-19 17:32:00",NO_IMPROPER_ACTION,NO_IMPROPER_ACTION,,
2621617,2,OTHER_97,-110.943537210585,32.1924232667371,1,FOUR_WAY_INTERSECTION,OTHER_97,TUCSON,"2012-01-19 18:19:00",NO_IMPROPER_ACTION,FAILED_TO_YIELD_RIGHT_OF_WAY_103,,
2621625,2,OTHER_97,-110.968527115266,32.2123497630348,4,UNKNOWN_99,OTHER_97,TUCSON,"2012-01-19 16:47:00",OTHER_97,FAILED_TO_YIELD_RIGHT_OF_WAY_103,,
2621657,2,OTHER_97,-110.956305668607,32.2121168439417,3,FOUR_WAY_INTERSECTION,OTHER_97,TUCSON,"2012-01-25 06:57:00",NO_IMPROPER_ACTION,FAILED_TO_YIELD_RIGHT_OF_WAY_103,,
2621675,2,OTHER_97,-110.789744091668,32.2208295085424,3,FOUR_WAY_INTERSECTION,OTHER_97,TUCSON,"2012-01-27 11:45:00",NO_IMPROPER_ACTION,NO_IMPROPER_ACTION,,
2621698,2,OTHER_97,-110.98657901128,32.2720380468372,3,FOUR_WAY_INTERSECTION,OTHER_97,TUCSON,"2012-01-30 13:50:00",DROVE_RODE_IN_OPPOSING_TRAFFIC_LANE,UNKNOWN_99,,
2621808,2,SIDESWIPE_SAME_DIRECTION,-110.974825562792,32.3205466631654,3,T_INTERSECTION,SIDESWIPE_SAME_DIRECTION,UNSPECIFIED_999,"2012-06-25 08:01:00",NO_IMPROPER_ACTION,FAILED_TO_YIELD_RIGHT_OF_WAY_103,,
2621825,2,OTHER_97,-110.90971399464,32.2506022604025,3,FOUR_WAY_INTERSECTION,OTHER_97,TUCSON,"2012-01-31 15:34:00",UNKNOWN_99,UNKNOWN_99,,
2621834,2,OTHER_97,-110.989559652257,32.2296163804137,3,FOUR_WAY_INTERSECTION,OTHER_97,TUCSON,"2012-01-31 20:31:00",UNKNOWN_99,UNKNOWN_99,,
2621855,2,OTHER_97,-110.864516553593,32.2380153489236,2,FOUR_WAY_INTERSECTION,OTHER_97,TUCSON,"2012-01-03 07:37:00",MADE_IMPROPER_TURN,NO_IMPROPER_ACTION,,
2621877,2,OTHER_97,-110.892282053179,32.2103525878857,2,T_INTERSECTION,OTHER_97,TUCSON,"2012-01-04 12:54:00",INATTENTION_DISTRACTION,NO_IMPROPER_ACTION,,
2621879,2,ANGLE_FRONT_TO_SIDE,-111.779796611367,33.4081370287143,1,FOUR_WAY_INTERSECTION,ANGLE_FRONT_TO_SIDE,MESA,"2012-06-01 18:05:00",DISREGARDED_PAVEMENT_MARKINGS,INATTENTION_DISTRACTION,,
2621905,3,OTHER_97,-110.975180539152,32.2719891223891,3,UNKNOWN_99,OTHER_97,TUCSON,"2012-01-07 17:30:00",DROVE_RODE_IN_OPPOSING_TRAFFIC_LANE,EXCEEDED_LAWFUL_SPEED,,
2621970,2,OTHER_97,-110.997751204972,32.1625834845293,4,UNKNOWN_99,OTHER_97,TUCSON,"2012-01-11 07:25:00",NO_IMPROPER_ACTION,FAILED_TO_KEEP_IN_PROPER_LANE,,
2621978,2,OTHER_97,-110.95468914561,32.206887398895,2,T_INTERSECTION,OTHER_97,TUCSON,"2012-01-11 14:05:00",NO_IMPROPER_ACTION,FAILED_TO_YIELD_RIGHT_OF_WAY_103+NOT_APPLICABLE_MINUS_1,,
2621986,2,OTHER_97,-110.874853323487,32.243461774642,2,UNKNOWN_99,OTHER_97,TUCSON,"2012-01-13 15:41:00",NO_IMPROPER_ACTION,FAILED_TO_YIELD_RIGHT_OF_WAY_103,,
2622005,2,OTHER_97,-112.326898479013,34.5858843178555,2,FOUR_WAY_INTERSECTION,OTHER_97,"PRESCOTT VALLEY","2012-05-18 13:08:00",UNKNOWN_99,NO_IMPROPER_ACTION,,
2622021,2,ANGLE_FRONT_TO_SIDE,-111.917482678533,33.4956620094507,4,UNKNOWN_99,ANGLE_FRONT_TO_SIDE,SCOTTSDALE,"2012-04-07 11:57:00",NO_IMPROPER_ACTION,INATTENTION_DISTRACTION,,
2622074,2,SIDESWIPE_SAME_DIRECTION,-112.239758575763,33.6782113692775,4,T_INTERSECTION,SIDESWIPE_SAME_DIRECTION,PEORIA,"2012-05-01 14:24:00",FAILED_TO_YIELD_RIGHT_OF_WAY_103,NO_IMPROPER_ACTION+NOT_APPLICABLE_MINUS_1,,
2622079,2,ANGLE_FRONT_TO_SIDE,-112.220057783001,33.6341744750699,1,T_INTERSECTION,ANGLE_FRONT_TO_SIDE,PEORIA,"2012-05-03 10:02:00",NO_IMPROPER_ACTION,FAILED_TO_YIELD_RIGHT_OF_WAY_103,,
2622139,2,ANGLE_FRONT_TO_SIDE,-111.908624696633,33.5966855208816,3,FOUR_WAY_INTERSECTION,ANGLE_FRONT_TO_SIDE,SCOTTSDALE,"2012-04-19 20:54:00",DROVE_RODE_IN_OPPOSING_TRAFFIC_LANE,INATTENTION_DISTRACTION,,
2622140,2,OTHER_97,-111.86895219014,33.7501960129148,4,T_INTERSECTION,OTHER_97,SCOTTSDALE,"2012-04-15 13:21:00",SPEED_TOO_FAST_FOR_CONDITIONS,NO_IMPROPER_ACTION,,
2622354,2,OTHER_97,-110.834571066255,32.220982093089,3,FOUR_WAY_INTERSECTION,OTHER_97,TUCSON,"2012-03-22 11:02:00",WALKED_ON_WRONG_SIDE_OF_ROAD,INATTENTION_DISTRACTION,,
2622369,2,OTHER_97,-110.978122905749,32.2610241314525,3,T_INTERSECTION,OTHER_97,TUCSON,"2012-03-24 10:12:00",NO_IMPROPER_ACTION,FAILED_TO_YIELD_RIGHT_OF_WAY_103,,
2622436,2,SIDESWIPE_OPPOSITE_DIRECTION,0,0,4,NOT_AT_INTERSECTION_0,SIDESWIPE_OPPOSITE_DIRECTION,TEMPE,"2012-04-22 19:57:00",INATTENTION_DISTRACTION,NO_IMPROPER_ACTION,,
2622440,2,LEFT_TURN,-111.909091494913,33.4183303692253,2,NOT_AT_INTERSECTION_0,LEFT_TURN,TEMPE,"2012-04-04 18:10:00",NO_IMPROPER_ACTION,OTHER_97,,
2622476,2,OTHER_97,-111.961602783641,33.3806405408966,2,FOUR_WAY_INTERSECTION,OTHER_97,TEMPE,"2012-04-07 18:07:00",DROVE_RODE_IN_OPPOSING_TRAFFIC_LANE,NOT_APPLICABLE_MINUS_1+NO_IMPROPER_ACTION,,
2622511,2,ANGLE_FRONT_TO_SIDE,-111.857042452501,33.3989951196582,3,UNKNOWN_99,ANGLE_FRONT_TO_SIDE,MESA,"2012-05-18 14:57:00",OTHER_97,OTHER_97,,
2622562,2,ANGLE_FRONT_TO_SIDE,-112.144201365358,33.4513942256548,3,T_INTERSECTION,ANGLE_FRONT_TO_SIDE,PHOENIX,"2012-04-12 17:05:00",NO_IMPROPER_ACTION,INATTENTION_DISTRACTION,,
2622654,2,OTHER_97,-112.035138426018,33.5056776579231,1,UNKNOWN_99,OTHER_97,PHOENIX,"2012-04-20 17:57:00",OTHER_97,NO_IMPROPER_ACTION,,
2622697,2,ANGLE_FRONT_TO_SIDE,-112.081533350794,33.4288191926314,2,T_INTERSECTION,ANGLE_FRONT_TO_SIDE,PHOENIX,"2012-05-10 17:11:00",DROVE_RODE_IN_OPPOSING_TRAFFIC_LANE,NO_IMPROPER_ACTION,,
2622754,2,ANGLE_FRONT_TO_SIDE,-112.12669621946,33.5530914602971,3,UNKNOWN_99,ANGLE_FRONT_TO_SIDE,PHOENIX,"2012-04-18 12:53:00",DROVE_RODE_IN_OPPOSING_TRAFFIC_LANE,NO_IMPROPER_ACTION,,
2622841,2,ANGLE_FRONT_TO_SIDE,-111.963161552086,33.3782394115219,2,FOUR_WAY_INTERSECTION,ANGLE_FRONT_TO_SIDE,TEMPE,"2012-03-10 19:10:00",DROVE_RODE_IN_OPPOSING_TRAFFIC_LANE,OTHER_97,,
2622877,2,ANGLE_FRONT_TO_SIDE,-112.116913752594,33.5380614637551,3,UNKNOWN_99,ANGLE_FRONT_TO_SIDE,PHOENIX,"2012-04-19 20:11:00",DROVE_RODE_IN_OPPOSING_TRAFFIC_LANE,NO_IMPROPER_ACTION,,
2622896,2,ANGLE_FRONT_TO_SIDE,-110.257344885341,31.5454014566366,1,FOUR_WAY_INTERSECTION,ANGLE_FRONT_TO_SIDE,"SIERRA VISTA","2012-05-28 13:12:00",NO_IMPROPER_ACTION,INATTENTION_DISTRACTION,,
2623092,2,ANGLE_FRONT_TO_SIDE,-111.99386259822,33.3926475386479,3,T_INTERSECTION,ANGLE_FRONT_TO_SIDE,PHOENIX,"2012-04-19 22:45:00",OTHER_97,NO_IMPROPER_ACTION,,
2623097,2,OTHER_97,-111.684311053748,33.4371569173979,2,FOUR_WAY_INTERSECTION,OTHER_97,MESA,"2012-05-07 09:49:00",DISREGARDED_TRAFFIC_SIGNAL,NO_IMPROPER_ACTION,,
2623116,2,ANGLE_FRONT_TO_SIDE,-112.109675560239,33.5240990569859,2,UNKNOWN_99,ANGLE_FRONT_TO_SIDE,PHOENIX,"2012-04-23 13:18:00",OTHER_97,NO_IMPROPER_ACTION,,
2623124,2,ANGLE_FRONT_TO_SIDE,-112.151522442208,33.5818035952123,3,FOUR_WAY_INTERSECTION,ANGLE_FRONT_TO_SIDE,PHOENIX,"2012-04-23 22:15:00",DISREGARDED_TRAFFIC_SIGNAL,NO_IMPROPER_ACTION+NOT_APPLICABLE_MINUS_1+NOT_APPLICABLE_MINUS_1,,
2623126,2,ANGLE_FRONT_TO_SIDE,-112.077020212023,33.5714015948193,2,T_INTERSECTION,ANGLE_FRONT_TO_SIDE,PHOENIX,"2012-04-18 15:06:00",INATTENTION_DISTRACTION,NO_IMPROPER_ACTION,,
2623172,2,ANGLE_FRONT_TO_SIDE,-112.181973354793,33.5058824098477,2,FOUR_WAY_INTERSECTION,ANGLE_FRONT_TO_SIDE,PHOENIX,"2012-04-24 08:21:00",RAN_STOP_SIGN,NOT_APPLICABLE_MINUS_1+NO_IMPROPER_ACTION,,
2623197,2,ANGLE_FRONT_TO_SIDE,-112.082815360222,33.6547743606652,3,UNKNOWN_99,ANGLE_FRONT_TO_SIDE,PHOENIX,"2012-04-24 18:33:00",SPEED_TOO_FAST_FOR_CONDITIONS,NO_IMPROPER_ACTION,,