IncidentID,num_vehicles_involved,eCollisionManner,Longitude,Latitude,InjurySeverity,eIntersectionType,eCollisionManner,city_name,IncidentDateTime,cyclist_citations,driver_citations,nearest_count_site,distance_to_nearest_count_site
2674065,2,ANGLE_FRONT_TO_SIDE,-111.926276645872,33.4289788466907,3,FOUR_WAY_INTERSECTION,ANGLE_FRONT_TO_SIDE,TEMPE,"2012-10-23 08:40:00",FAILED_TO_YIELD_RIGHT_OF_WAY_103,NO_IMPROPER_ACTION,103,0.000319993187259582
2674075,2,ANGLE_FRONT_TO_SIDE,-111.931467290756,33.4219846703601,1,UNKNOWN_99,ANGLE_FRONT_TO_SIDE,TEMPE,"2012-10-23 11:59:00",FAILED_TO_YIELD_RIGHT_OF_WAY_103,NOT_APPLICABLE_MINUS_1+NO_IMPROPER_ACTION,115,0.00333463555670029
2674083,2,SIDESWIPE_SAME_DIRECTION,-111.878722536025,33.4221179237603,1,T_INTERSECTION,SIDESWIPE_SAME_DIRECTION,TEMPE,"2012-09-22 07:45:00",UNKNOWN_99,FAILED_TO_YIELD_RIGHT_OF_WAY_103,,
2674109,2,HEAD_ON,-111.9264039172,33.3893760762967,2,T_INTERSECTION,HEAD_ON,TEMPE,"2012-09-30 16:55:00",DROVE_RODE_IN_OPPOSING_TRAFFIC_LANE,NOT_APPLICABLE_MINUS_1+NO_IMPROPER_ACTION,142,0.00357585753920121
2674169,2,ANGLE_FRONT_TO_SIDE,-111.82271795917,33.432402014585,4,UNKNOWN_99,ANGLE_FRONT_TO_SIDE,MESA,"2012-11-03 15:10:00",DROVE_RODE_IN_OPPOSING_TRAFFIC_LANE,NO_IMPROPER_ACTION,,
2674186,2,ANGLE_FRONT_TO_SIDE,-111.82768037272,33.4005360840536,3,FOUR_WAY_INTERSECTION,ANGLE_FRONT_TO_SIDE,MESA,"2012-10-26 22:15:00",RAN_STOP_SIGN,NO_IMPROPER_ACTION,,
2674364,2,ANGLE_FRONT_TO_SIDE,-112.421850110282,33.6681556748689,3,UNKNOWN_99,ANGLE_FRONT_TO_SIDE,SURPRISE,"2012-12-05 11:25:00",DISREGARDED_PAVEMENT_MARKINGS,INATTENTION_DISTRACTION,,
2674417,2,ANGLE_FRONT_TO_SIDE,-111.875132951989,33.4148473120149,2,UNKNOWN_99,ANGLE_FRONT_TO_SIDE,MESA,"2012-12-08 06:59:00",NO_IMPROPER_ACTION,OTHER_97,,
2674441,2,ANGLE_FRONT_TO_SIDE,-111.788183225868,33.4198834828136,3,UNKNOWN_99,ANGLE_FRONT_TO_SIDE,MESA,"2012-12-07 16:32:00",OTHER_97,NO_IMPROPER_ACTION+NOT_APPLICABLE_MINUS_1+NOT_APPLICABLE_MINUS_1+NOT_APPLICABLE_MINUS_1,,
2674446,2,ANGLE_FRONT_TO_SIDE,-111.848892636729,33.3642346549933,1,T_INTERSECTION,ANGLE_FRONT_TO_SIDE,MESA,"2012-12-07 08:04:00",NO_IMPROPER_ACTION,UNKNOWN_99+NOT_APPLICABLE_MINUS_1,,
2674586,2,OTHER_97,-111.687291281009,33.3277989507754,3,T_INTERSECTION,OTHER_97,GILBERT,"2012-11-26 12:50:00",NO_IMPROPER_ACTION,SPEED_TOO_FAST_FOR_CONDITIONS,,
2674747,2,ANGLE_FRONT_TO_SIDE,-111.945656830567,33.3331791041488,3,UNKNOWN_99,ANGLE_FRONT_TO_SIDE,TEMPE,"2012-10-11 16:28:00",DROVE_RODE_IN_OPPOSING_TRAFFIC_LANE,NO_IMPROPER_ACTION,,
2674759,2,ANGLE_FRONT_TO_SIDE,-111.904841981872,33.3929680712521,3,UNKNOWN_99,ANGLE_FRONT_TO_SIDE,TEMPE,"2012-10-17 07:40:00",OTHER_97,NO_IMPROPER_ACTION,149,0.00409023234222747
2674783,2,LEFT_TURN,-111.917639970612,33.407502199357,3,FOUR_WAY_INTERSECTION,LEFT_TURN,TEMPE,"2012-12-11 09:04:00",NO_IMPROPER_ACTION,FAILED_TO_YIELD_RIGHT_OF_WAY_103,,
2674791,2,UNKNOWN_99,-111.909246863223,33.3789696820466,2,NOT_AT_INTERSECTION_0,UNKNOWN_99,TEMPE,"2012-12-06 08:30:00",UNKNOWN_99,UNKNOWN_99,,
2674793,2,ANGLE_FRONT_TO_SIDE,-111.960958872607,33.4297065547629,3,FOUR_WAY_INTERSECTION,ANGLE_FRONT_TO_SIDE,TEMPE,"2012-10-28 05:30:00",DISREGARDED_TRAFFIC_SIGNAL,NO_IMPROPER_ACTION,167,0.00360984508703005
2674834,2,ANGLE_FRONT_TO_SIDE,-111.96075701537,33.3930091630979,2,UNKNOWN_99,ANGLE_FRONT_TO_SIDE,TEMPE,"2012-12-04 12:19:00",DISREGARDED_TRAFFIC_SIGNAL,NO_IMPROPER_ACTION,140,0.000171040926299462
2674860,2,REAR_END,-111.773338732248,34.8667787603965,3,NOT_AT_INTERSECTION_0,REAR_END,SEDONA,"2012-12-02 11:38:00",NO_IMPROPER_ACTION,FAILED_TO_KEEP_IN_PROPER_LANE,,
2674861,2,SIDESWIPE_SAME_DIRECTION,-111.764734110252,34.8659754220329,3,ROUNDABOUT,SIDESWIPE_SAME_DIRECTION,SEDONA,"2012-12-06 14:13:00",NO_IMPROPER_ACTION,FAILED_TO_YIELD_RIGHT_OF_WAY_103+NOT_APPLICABLE_MINUS_1,,
2674872,2,SIDESWIPE_SAME_DIRECTION,-111.926246029229,33.4348897287649,2,NOT_AT_INTERSECTION_0,SIDESWIPE_SAME_DIRECTION,TEMPE,"2012-10-18 17:06:00",NO_IMPROPER_ACTION,INATTENTION_DISTRACTION,,
2674874,2,ANGLE_FRONT_TO_SIDE,-112.250221844004,33.6096721656058,3,FOUR_WAY_INTERSECTION,ANGLE_FRONT_TO_SIDE,PEORIA,"2012-12-10 15:44:00",OTHER_97,FAILED_TO_YIELD_RIGHT_OF_WAY_103,,
2674889,2,ANGLE_FRONT_TO_SIDE,-111.932428565051,33.3928468612241,3,T_INTERSECTION,ANGLE_FRONT_TO_SIDE,TEMPE,"2012-10-23 16:47:00",OTHER_97,NO_IMPROPER_ACTION,141,0.00236943510551845
2675211,2,ANGLE_FRONT_TO_SIDE,-110.961046438291,32.2757550138671,4,FOUR_WAY_INTERSECTION,ANGLE_FRONT_TO_SIDE,TUCSON,"2012-09-02 00:42:00",DID_NOT_USE_CROSSWALK,SPEED_TOO_FAST_FOR_CONDITIONS,,
2675219,3,ANGLE_FRONT_TO_SIDE,-111.02026552935,32.2249670652624,4,FOUR_WAY_INTERSECTION,ANGLE_FRONT_TO_SIDE,TUCSON,"2012-09-03 12:59:00",NO_IMPROPER_ACTION,NOT_APPLICABLE_MINUS_1+DISREGARDED_TRAFFIC_SIGNAL+NO_IMPROPER_ACTION,,
2675226,2,SIDESWIPE_SAME_DIRECTION,-110.909349482962,32.2361919210137,3,FOUR_WAY_INTERSECTION,SIDESWIPE_SAME_DIRECTION,TUCSON,"2012-09-04 07:50:00",NO_IMPROPER_ACTION,UNSAFE_LANE_CHANGE,,
2675238,2,ANGLE_FRONT_TO_SIDE,-110.87515561298,32.2169250583496,2,FOUR_WAY_INTERSECTION,ANGLE_FRONT_TO_SIDE,TUCSON,"2012-09-04 15:45:00",NO_IMPROPER_ACTION,FAILED_TO_YIELD_RIGHT_OF_WAY_103,,
2675284,2,ANGLE_FRONT_TO_SIDE,-110.972031463308,32.2643437934351,4,NOT_REPORTED_255,ANGLE_FRONT_TO_SIDE,TUCSON,"2012-09-06 07:11:00",UNKNOWN_99,UNKNOWN_99,,
2675285,2,ANGLE_FRONT_TO_SIDE,-111.920489679249,33.3783195192063,3,FOUR_WAY_INTERSECTION,ANGLE_FRONT_TO_SIDE,TEMPE,"2012-10-16 14:43:00",DISREGARDED_TRAFFIC_SIGNAL,NO_IMPROPER_ACTION+NOT_APPLICABLE_MINUS_1,,
2675294,2,ANGLE_FRONT_TO_SIDE,-110.875325516288,32.252326413191,1,FOUR_WAY_INTERSECTION,ANGLE_FRONT_TO_SIDE,TUCSON,"2012-09-07 16:30:00",UNKNOWN_99,NO_IMPROPER_ACTION,,
2675306,2,ANGLE_FRONT_TO_SIDE,-111.932771996768,33.4145784819235,2,UNKNOWN_99,ANGLE_FRONT_TO_SIDE,TEMPE,"2012-10-02 13:21:00",OTHER_97,NO_IMPROPER_ACTION,133,0.00192729408636362
2675313,2,ANGLE_FRONT_TO_SIDE,-110.961072373887,32.2793599287798,2,FOUR_WAY_INTERSECTION,ANGLE_FRONT_TO_SIDE,TUCSON,"2012-08-30 17:47:00",NO_IMPROPER_ACTION,FAILED_TO_YIELD_RIGHT_OF_WAY_103,,
2675315,2,REAR_END,-110.941442303831,32.2869559088911,3,T_INTERSECTION,REAR_END,TUCSON,"2012-08-30 13:29:00",NO_IMPROPER_ACTION,FAILED_TO_YIELD_RIGHT_OF_WAY_103,,
2675319,2,ANGLE_FRONT_TO_SIDE,-110.959479170777,32.2360193877107,1,FOUR_WAY_INTERSECTION,ANGLE_FRONT_TO_SIDE,TUCSON,"2012-08-30 21:26:00",UNKNOWN_99,UNKNOWN_99+NOT_APPLICABLE_MINUS_1,,
2675362,2,ANGLE_FRONT_TO_SIDE,-110.884042121054,32.2325447945107,3,FOUR_WAY_INTERSECTION,ANGLE_FRONT_TO_SIDE,TUCSON,"2012-08-24 14:32:00",DROVE_RODE_IN_OPPOSING_TRAFFIC_LANE,NO_IMPROPER_ACTION,,
2675394,2,ANGLE_FRONT_TO_SIDE,-111.939795368679,33.4066292390204,2,UNKNOWN_99,ANGLE_FRONT_TO_SIDE,TEMPE,"2012-10-04 09:58:00",NO_IMPROPER_ACTION,OTHER_97,146,0.000722219289560234
2675395,2,ANGLE_FRONT_TO_SIDE,-110.926719333083,32.2649765811354,4,FOUR_WAY_INTERSECTION,ANGLE_FRONT_TO_SIDE,TUCSON,"2012-09-12 16:24:00",NO_IMPROPER_ACTION,FAILED_TO_YIELD_RIGHT_OF_WAY_103,,
2675578,2,HEAD_ON,-111.926334453131,33.4191323587716,2,FOUR_WAY_INTERSECTION,HEAD_ON,TEMPE,"2012-09-12 22:17:00",DROVE_RODE_IN_OPPOSING_TRAFFIC_LANE,NO_IMPROPER_ACTION,154,0.00041068999853253
2675579,2,ANGLE_FRONT_TO_SIDE,-111.923951907986,33.428923627203,3,UNKNOWN_99,ANGLE_FRONT_TO_SIDE,TEMPE,"2012-11-18 11:38:00",NO_IMPROPER_ACTION,NOT_APPLICABLE_MINUS_1+FAILED_TO_YIELD_RIGHT_OF_WAY_103,103,0.00217101003941301
2675587,2,SIDESWIPE_SAME_DIRECTION,-111.924070711805,33.4147663792468,1,UNKNOWN_99,SIDESWIPE_SAME_DIRECTION,TEMPE,"2012-10-15 18:42:00",OTHER_97,FAILED_TO_YIELD_RIGHT_OF_WAY_103,131,0.00203091859687177
2675597,2,ANGLE_FRONT_TO_SIDE,-111.926270825692,33.4076321128248,3,FOUR_WAY_INTERSECTION,ANGLE_FRONT_TO_SIDE,TEMPE,"2012-10-10 10:50:00",OTHER_97,NO_IMPROPER_ACTION,138,0.000254715388267736
2675603,2,OTHER_97,-110.906689906139,32.2070139686208,2,T_INTERSECTION,OTHER_97,TUCSON,"2012-07-31 16:54:00",OTHER_97,NO_IMPROPER_ACTION,,
2675649,2,ANGLE_FRONT_TO_SIDE,-111.970419603332,33.4135851213394,3,UNKNOWN_99,ANGLE_FRONT_TO_SIDE,TEMPE,"2012-11-21 12:16:00",UNSAFE_LANE_CHANGE,NO_IMPROPER_ACTION,,
2675650,2,ANGLE_FRONT_TO_SIDE,-111.934906917425,33.409630897047,2,T_INTERSECTION,ANGLE_FRONT_TO_SIDE,TEMPE,"2012-11-30 18:25:00",NO_IMPROPER_ACTION,RAN_STOP_SIGN,139,0.00219576309188837
2675668,2,ANGLE_FRONT_TO_SIDE,-111.943876320531,33.3782149043716,1,T_INTERSECTION,ANGLE_FRONT_TO_SIDE,TEMPE,"2012-10-26 18:16:00",FAILED_TO_YIELD_RIGHT_OF_WAY_103,NO_IMPROPER_ACTION,126,0.0015925376634195
2675705,2,SIDESWIPE_SAME_DIRECTION,-111.924388261865,33.407506327528,3,UNKNOWN_99,SIDESWIPE_SAME_DIRECTION,TEMPE,"2012-11-27 08:41:00",NO_IMPROPER_ACTION,INATTENTION_DISTRACTION,138,0.00171083767667581
2675708,2,ANGLE_FRONT_TO_SIDE,-111.93935230164,33.3782075683466,2,FOUR_WAY_INTERSECTION,ANGLE_FRONT_TO_SIDE,TEMPE,"2012-11-30 00:36:00",NO_IMPROPER_ACTION,FAILED_TO_YIELD_RIGHT_OF_WAY_103,147,8.20934188024154e-05
2675724,2,ANGLE_FRONT_TO_SIDE,-110.978043246561,32.2491795076732,3,FOUR_WAY_INTERSECTION,ANGLE_FRONT_TO_SIDE,TUCSON,"2012-08-01 15:00:00",DROVE_RODE_IN_OPPOSING_TRAFFIC_LANE,NO_IMPROPER_ACTION,,
2675751,2,LEFT_TURN,-110.961072373887,32.2793599287798,3,FOUR_WAY_INTERSECTION,LEFT_TURN,TUCSON,"2012-08-03 06:01:00",NO_IMPROPER_ACTION,FAILED_TO_YIELD_RIGHT_OF_WAY_103,,
2675787,2,LEFT_TURN,-111.834085465812,33.4150905865647,2,FOUR_WAY_INTERSECTION,LEFT_TURN,MESA,"2012-10-31 16:18:00",NO_IMPROPER_ACTION,MADE_IMPROPER_TURN,,
2675834,2,SIDESWIPE_OPPOSITE_DIRECTION,-110.946779726574,32.2447762743676,4,FOUR_WAY_INTERSECTION,SIDESWIPE_OPPOSITE_DIRECTION,TUCSON,"2012-09-14 16:24:00",NO_IMPROPER_ACTION,FAILED_TO_YIELD_RIGHT_OF_WAY_103,,
2675858,2,ANGLE_FRONT_TO_SIDE,-111.830946386931,33.4349543364728,3,UNKNOWN_99,ANGLE_FRONT_TO_SIDE,MESA,"2012-12-14 08:50:00",FAILED_TO_YIELD_RIGHT_OF_WAY_103,NO_IMPROPER_ACTION,,
2675863,2,ANGLE_FRONT_TO_SIDE,-111.670822298671,33.3682862850391,2,T_INTERSECTION,ANGLE_FRONT_TO_SIDE,MESA,"2012-12-09 11:36:00",DROVE_RODE_IN_OPPOSING_TRAFFIC_LANE,NO_IMPROPER_ACTION+NOT_APPLICABLE_MINUS_1,,
2675913,2,SIDESWIPE_SAME_DIRECTION,-111.787709862782,33.4486606855072,4,UNKNOWN_99,SIDESWIPE_SAME_DIRECTION,MESA,"2012-12-12 14:14:00",NO_IMPROPER_ACTION,OTHER_UNSAFE_PASSING,,
2675950,2,REAR_END,-110.857922572987,32.2358277839223,3,FOUR_WAY_INTERSECTION,REAR_END,TUCSON,"2012-09-20 08:39:00",NO_IMPROPER_ACTION,FAILED_TO_KEEP_IN_PROPER_LANE,,
2675983,2,ANGLE_FRONT_TO_SIDE,-110.957952522807,32.2360353022355,2,T_INTERSECTION,ANGLE_FRONT_TO_SIDE,TUCSON,"2012-09-21 12:21:00",DROVE_RODE_IN_OPPOSING_TRAFFIC_LANE,UNKNOWN_99,,
2676287,2,SIDESWIPE_SAME_DIRECTION,-110.875338112976,32.2216189051425,1,UNKNOWN_99,SIDESWIPE_SAME_DIRECTION,TUCSON,"2012-08-07 16:31:00",NO_IMPROPER_ACTION,OTHER_97,,
2676305,2,OTHER_97,-110.943782955044,32.2795082789861,3,FOUR_WAY_INTERSECTION,OTHER_97,TUCSON,"2012-08-10 13:33:00",NO_IMPROPER_ACTION,FAILED_TO_YIELD_RIGHT_OF_WAY_103,,
2676361,2,ANGLE_FRONT_TO_SIDE,-111.909528772894,33.4147581060378,3,UNKNOWN_99,ANGLE_FRONT_TO_SIDE,TEMPE,"2012-10-09 22:22:00",DROVE_RODE_IN_OPPOSING_TRAFFIC_LANE,NO_IMPROPER_ACTION,,
2676366,2,ANGLE_FRONT_TO_SIDE,-111.95221287426,33.4220159946078,1,FOUR_WAY_INTERSECTION,ANGLE_FRONT_TO_SIDE,TEMPE,"2012-11-29 09:20:00",DROVE_RODE_IN_OPPOSING_TRAFFIC_LANE,NO_IMPROPER_ACTION,121,0.000171556553320466
2676372,2,ANGLE_FRONT_TO_SIDE,-111.96736784011,33.3782954815216,3,FOUR_WAY_INTERSECTION,ANGLE_FRONT_TO_SIDE,TEMPE,"2012-08-25 17:28:00",UNKNOWN_99,NO_IMPROPER_ACTION+NOT_APPLICABLE_MINUS_1+NOT_APPLICABLE_MINUS_1,,
2676430,2,LEFT_TURN,-111.739974575274,32.9087579921232,3,FOUR_WAY_INTERSECTION,LEFT_TURN,"CASA GRANDE","2012-11-25 17:01:00",NO_IMPROPER_ACTION,FAILED_TO_YIELD_RIGHT_OF_WAY_103,,
2676483,2,OTHER_97,-111.731377491796,32.8795769142625,3,FOUR_WAY_INTERSECTION,OTHER_97,"CASA GRANDE","2012-11-21 15:57:00",INATTENTION_DISTRACTION,FAILED_TO_YIELD_RIGHT_OF_WAY_103+NOT_APPLICABLE_MINUS_1,,
2676602,2,HEAD_ON,-111.699972941081,32.8875004248242,1,FOUR_WAY_INTERSECTION,HEAD_ON,"CASA GRANDE","2012-12-12 15:45:00",NO_IMPROPER_ACTION,NO_IMPROPER_ACTION,,
2676688,2,ANGLE_FRONT_TO_SIDE,-112.233499430508,33.6804796349049,2,FOUR_WAY_INTERSECTION,ANGLE_FRONT_TO_SIDE,PEORIA,"2012-12-11 07:35:00",DROVE_RODE_IN_OPPOSING_TRAFFIC_LANE,FAILED_TO_YIELD_RIGHT_OF_WAY_103,,
2676698,2,ANGLE_FRONT_TO_SIDE,-112.26385587164,33.5732875422538,2,T_INTERSECTION,ANGLE_FRONT_TO_SIDE,PEORIA,"2012-12-11 08:29:00",OTHER_97,NO_IMPROPER_ACTION+NOT_APPLICABLE_MINUS_1,,
2676938,2,OTHER_97,-111.759689752111,33.3212014398821,1,T_INTERSECTION,OTHER_97,GILBERT,"2012-12-16 11:56:00",DID_NOT_USE_CROSSWALK,NO_IMPROPER_ACTION,,
2676967,2,OTHER_97,-111.571962037947,33.4078341734875,2,FOUR_WAY_INTERSECTION,OTHER_97,"APACHE JUNCTION","2012-11-29 10:10:00",DROVE_RODE_IN_OPPOSING_TRAFFIC_LANE,NO_IMPROPER_ACTION,,
2677305,2,ANGLE_FRONT_TO_SIDE,-111.876542531651,33.3588844899388,3,UNKNOWN_99,ANGLE_FRONT_TO_SIDE,MESA,"2012-12-18 16:54:00",DISREGARDED_TRAFFIC_SIGNAL,NO_IMPROPER_ACTION,,
2677444,2,SIDESWIPE_SAME_DIRECTION,-111.846241763816,33.4223003062872,2,UNKNOWN_99,SIDESWIPE_SAME_DIRECTION,MESA,"2012-12-24 11:52:00",NO_IMPROPER_ACTION,OTHER_UNSAFE_PASSING,,
2677484,2,ANGLE_FRONT_TO_SIDE,-111.805292126602,33.4197595783481,3,T_INTERSECTION,ANGLE_FRONT_TO_SIDE,MESA,"2012-12-14 18:15:00",OTHER_97,NO_IMPROPER_ACTION,,
2677490,2,LEFT_TURN,-111.872564306109,33.3755038448604,3,T_INTERSECTION,LEFT_TURN,MESA,"2012-11-20 18:05:00",NO_IMPROPER_ACTION,MADE_IMPROPER_TURN,,
2677516,2,ANGLE_FRONT_TO_SIDE,-111.702040618195,33.3938796591558,3,FOUR_WAY_INTERSECTION,ANGLE_FRONT_TO_SIDE,MESA,"2012-11-22 11:16:00",NO_IMPROPER_ACTION,NO_IMPROPER_ACTION,,
2677527,2,ANGLE_FRONT_TO_SIDE,-111.874653135654,33.3857992484662,2,UNKNOWN_99,ANGLE_FRONT_TO_SIDE,MESA,"2012-12-17 07:12:00",NO_IMPROPER_ACTION,NO_IMPROPER_ACTION,,
2677530,2,ANGLE_FRONT_TO_SIDE,-111.851533552752,33.3585440784736,2,T_INTERSECTION,ANGLE_FRONT_TO_SIDE,MESA,"2012-12-17 09:00:00",NO_IMPROPER_ACTION,OTHER_97+NOT_APPLICABLE_MINUS_1+NOT_APPLICABLE_MINUS_1,,
2677606,2,ANGLE_FRONT_TO_SIDE,-111.703719104708,33.2925947674525,1,T_INTERSECTION,ANGLE_FRONT_TO_SIDE,GILBERT,"2012-12-20 22:55:00",NO_IMPROPER_ACTION,DISREGARDED_TRAFFIC_SIGNAL,,
2677622,2,SIDESWIPE_SAME_DIRECTION,-111.900208028623,33.51407285328,2,FOUR_WAY_INTERSECTION,SIDESWIPE_SAME_DIRECTION,SCOTTSDALE,"2012-10-02 07:33:00",INATTENTION_DISTRACTION,NOT_APPLICABLE_MINUS_1+NO_IMPROPER_ACTION+NOT_APPLICABLE_MINUS_1,,
2677635,2,ANGLE_FRONT_TO_SIDE,-111.896272920237,33.523877961107,4,FOUR_WAY_INTERSECTION,ANGLE_FRONT_TO_SIDE,SCOTTSDALE,"2012-09-28 17:53:00",DISREGARDED_TRAFFIC_SIGNAL,NO_IMPROPER_ACTION,,
2677645,2,ANGLE_FRONT_TO_SIDE,-111.96956869893,33.4800539277625,2,FOUR_WAY_INTERSECTION,ANGLE_FRONT_TO_SIDE,PHOENIX,"2012-11-08 16:28:00",UNKNOWN_99,UNKNOWN_99,,
2677652,2,ANGLE_FRONT_TO_SIDE,-111.661541198163,35.1856677627536,2,NOT_AT_INTERSECTION_0,ANGLE_FRONT_TO_SIDE,FLAGSTAFF,"2012-11-20 21:15:00",WALKED_ON_WRONG_SIDE_OF_ROAD,OTHER_UNSAFE_PASSING,,
2677679,2,ANGLE_FRONT_TO_SIDE,-112.119459553268,33.5094587547898,2,UNKNOWN_99,ANGLE_FRONT_TO_SIDE,PHOENIX,"2012-10-01 16:56:00",NO_IMPROPER_ACTION,FAILED_TO_YIELD_RIGHT_OF_WAY_103,,
2677819,2,ANGLE_FRONT_TO_SIDE,-111.939503565681,33.3806310630716,2,UNKNOWN_99,ANGLE_FRONT_TO_SIDE,TEMPE,"2012-11-27 15:18:00",OTHER_97,NO_IMPROPER_ACTION,147,0.00249355082543253
2677852,2,ANGLE_FRONT_TO_SIDE,-111.928592275946,33.36374961854,3,FOUR_WAY_INTERSECTION,ANGLE_FRONT_TO_SIDE,TEMPE,"2012-11-21 01:15:00",KNOWINGLY_OPERATED_WITH_FAULTY_MISSING_EQUIPMENT,NOT_APPLICABLE_MINUS_1+OTHER_97,,
2677886,2,UNKNOWN_99,-111.841737956514,33.3351246603923,4,FOUR_WAY_INTERSECTION,UNKNOWN_99,CHANDLER,"2012-09-13 17:48:00",UNKNOWN_99,UNKNOWN_99,,
2677896,2,LEFT_TURN,-112.406929647137,33.6459474970003,3,FOUR_WAY_INTERSECTION,LEFT_TURN,SURPRISE,"2012-12-18 11:02:00",NO_IMPROPER_ACTION,FAILED_TO_YIELD_RIGHT_OF_WAY_103,,
2677909,2,ANGLE_FRONT_TO_SIDE,-111.928916089503,33.4219178642188,3,UNKNOWN_99,ANGLE_FRONT_TO_SIDE,TEMPE,"2012-11-19 16:16:00",FAILED_TO_YIELD_RIGHT_OF_WAY_103,NO_IMPROPER_ACTION,117,0.00262017575242565
2677969,2,LEFT_TURN,-111.909096713967,33.4174045461589,1,FOUR_WAY_INTERSECTION,LEFT_TURN,TEMPE,"2012-11-07 15:05:00",NO_IMPROPER_ACTION,NOT_APPLICABLE_MINUS_1+NOT_APPLICABLE_MINUS_1+MADE_IMPROPER_TURN,,
2677974,2,ANGLE_FRONT_TO_SIDE,-111.93989599317,33.4147503399162,4,FOUR_WAY_INTERSECTION,ANGLE_FRONT_TO_SIDE,TEMPE,"2012-11-16 13:21:00",DISREGARDED_TRAFFIC_SIGNAL,NO_IMPROPER_ACTION,113,0.000143192782545578
2677998,2,ANGLE_FRONT_TO_SIDE,-111.859069041974,33.3352480352492,3,FOUR_WAY_INTERSECTION,ANGLE_FRONT_TO_SIDE,CHANDLER,"2012-09-14 21:47:00",INATTENTION_DISTRACTION,INATTENTION_DISTRACTION+NOT_APPLICABLE_MINUS_1+NOT_APPLICABLE_MINUS_1,,
2678007,2,ANGLE_FRONT_TO_SIDE,-111.88643485451,33.39301442374,3,T_INTERSECTION,ANGLE_FRONT_TO_SIDE,TEMPE,"2012-10-28 21:42:00",DROVE_RODE_IN_OPPOSING_TRAFFIC_LANE,NO_IMPROPER_ACTION,,
2678072,2,ANGLE_FRONT_TO_SIDE,-111.91970341524,33.4167034542999,3,UNKNOWN_99,ANGLE_FRONT_TO_SIDE,TEMPE,"2012-11-12 09:27:00",KNOWINGLY_OPERATED_WITH_FAULTY_MISSING_EQUIPMENT,INATTENTION_DISTRACTION,132,0.00280307572669248
2678077,2,OTHER_97,-111.945706282374,33.3053397313816,1,FOUR_WAY_INTERSECTION,OTHER_97,CHANDLER,"2012-09-19 05:30:00",UNKNOWN_99,NO_IMPROPER_ACTION,,
2678102,2,ANGLE_FRONT_TO_SIDE,-111.938610070882,33.3928683720842,1,UNKNOWN_99,ANGLE_FRONT_TO_SIDE,TEMPE,"2012-12-05 12:30:00",DROVE_RODE_IN_OPPOSING_TRAFFIC_LANE,FAILED_TO_YIELD_RIGHT_OF_WAY_103,144,0.000889210597645022
2678106,2,ANGLE_FRONT_TO_SIDE,-111.926300271766,33.4002240656781,1,FOUR_WAY_INTERSECTION,ANGLE_FRONT_TO_SIDE,TEMPE,"2012-12-08 08:30:00",UNKNOWN_99,UNKNOWN_99,129,0.00020345756756108
2678121,2,ANGLE_FRONT_TO_SIDE,-111.917676300234,33.4218873691178,1,FOUR_WAY_INTERSECTION,ANGLE_FRONT_TO_SIDE,TEMPE,"2012-11-08 11:55:00",OTHER_97,NO_IMPROPER_ACTION,116,0.000257184190970651
2678123,2,ANGLE_FRONT_TO_SIDE,-111.926457286417,33.4507810039188,1,UNKNOWN_99,ANGLE_FRONT_TO_SIDE,TEMPE,"2012-12-17 07:19:00",DROVE_RODE_IN_OPPOSING_TRAFFIC_LANE,NO_IMPROPER_ACTION,,
2678150,2,ANGLE_FRONT_TO_SIDE,-111.867052077051,33.3060194542364,3,UNKNOWN_99,ANGLE_FRONT_TO_SIDE,CHANDLER,"2012-09-14 13:50:00",SPEED_TOO_FAST_FOR_CONDITIONS,NO_IMPROPER_ACTION,,
2678155,2,ANGLE_FRONT_TO_SIDE,-111.943936840345,33.4074552448446,1,T_INTERSECTION,ANGLE_FRONT_TO_SIDE,TEMPE,"2012-12-12 14:27:00",FAILED_TO_YIELD_RIGHT_OF_WAY_103,NO_IMPROPER_ACTION,162,0.00389739093599809
2678352,2,ANGLE_FRONT_TO_SIDE,-111.898862355743,33.3930751525584,1,FOUR_WAY_INTERSECTION,ANGLE_FRONT_TO_SIDE,TEMPE,"2012-12-12 10:25:00",NO_IMPROPER_ACTION,FAILED_TO_YIELD_RIGHT_OF_WAY_103,149,0.00203917637968784
2678364,2,ANGLE_FRONT_TO_SIDE,-111.864291239746,33.3351087335429,4,T_INTERSECTION,ANGLE_FRONT_TO_SIDE,CHANDLER,"2012-09-29 16:19:00",UNKNOWN_99,NO_IMPROPER_ACTION,,
2678388,2,ANGLE_FRONT_TO_SIDE,-111.929149321782,33.3929393731161,3,FOUR_WAY_INTERSECTION,ANGLE_FRONT_TO_SIDE,TEMPE,"2012-12-12 18:05:00",DROVE_RODE_IN_OPPOSING_TRAFFIC_LANE,NO_IMPROPER_ACTION,142,0.00295132922198417
2678402,2,ANGLE_FRONT_TO_SIDE,-111.883615597635,33.3536892954785,2,T_INTERSECTION,ANGLE_FRONT_TO_SIDE,CHANDLER,"2012-09-11 13:03:00",NO_IMPROPER_ACTION,OTHER_97,,