IncidentID,num_vehicles_involved,eCollisionManner,Longitude,Latitude,InjurySeverity,eIntersectionType,eCollisionManner,city_name,IncidentDateTime,cyclist_citations,driver_citations,nearest_count_site,distance_to_nearest_count_site
2678411,2,ANGLE_FRONT_TO_SIDE,-111.841621419304,33.2946594119111,2,UNKNOWN_99,ANGLE_FRONT_TO_SIDE,CHANDLER,"2012-09-26 14:46:00",DROVE_RODE_IN_OPPOSING_TRAFFIC_LANE,NO_IMPROPER_ACTION,,
2678431,3,LEFT_TURN,-111.926284649177,33.4171327877673,3,UNKNOWN_99,LEFT_TURN,TEMPE,"2012-12-17 09:08:00",NO_IMPROPER_ACTION,MADE_IMPROPER_TURN+NO_IMPROPER_ACTION,135,0.000397350515722596
2678449,2,ANGLE_FRONT_TO_SIDE,-111.857010911244,33.2583602845766,2,UNKNOWN_99,ANGLE_FRONT_TO_SIDE,CHANDLER,"2012-09-24 09:38:00",UNKNOWN_99,UNKNOWN_99,,
2678451,2,ANGLE_FRONT_TO_SIDE,-111.879012429344,33.3350948295587,2,T_INTERSECTION,ANGLE_FRONT_TO_SIDE,CHANDLER,"2012-09-24 14:26:00",OTHER_97,DISREGARDED_TRAFFIC_SIGNAL,,
2678687,2,ANGLE_FRONT_TO_SIDE,-112.047517087813,33.5187370650162,4,T_INTERSECTION,ANGLE_FRONT_TO_SIDE,PHOENIX,"2012-11-03 10:04:00",FAILED_TO_YIELD_RIGHT_OF_WAY_103,NOT_APPLICABLE_MINUS_1+NO_IMPROPER_ACTION,,
2678690,2,ANGLE_FRONT_TO_SIDE,-112.186249468762,33.4659713437126,1,UNKNOWN_99,ANGLE_FRONT_TO_SIDE,PHOENIX,"2012-11-03 14:28:00",NO_IMPROPER_ACTION,INATTENTION_DISTRACTION,,
2678705,2,ANGLE_FRONT_TO_SIDE,-111.909117647632,33.3958048551238,2,UNKNOWN_99,ANGLE_FRONT_TO_SIDE,TEMPE,"2012-12-14 11:53:00",DROVE_RODE_IN_OPPOSING_TRAFFIC_LANE,NO_IMPROPER_ACTION,128,0.00434279338582927
2678709,2,ANGLE_FRONT_TO_SIDE,-111.909248048317,33.3788323473064,1,UNKNOWN_99,ANGLE_FRONT_TO_SIDE,TEMPE,"2012-12-08 17:02:00",DROVE_RODE_IN_OPPOSING_TRAFFIC_LANE,UNKNOWN_99+NOT_APPLICABLE_MINUS_1,,
2678742,2,ANGLE_FRONT_TO_SIDE,-111.926271860911,33.4100358815729,1,T_INTERSECTION,ANGLE_FRONT_TO_SIDE,TEMPE,"2012-12-12 17:31:00",DISREGARDED_TRAFFIC_SIGNAL,NO_IMPROPER_ACTION,138,0.00259670848213011
2678756,2,OTHER_97,-112.106658755598,33.5820024285793,1,UNKNOWN_99,OTHER_97,PHOENIX,"2012-11-05 13:56:00",UNKNOWN_99,UNKNOWN_99,,
2678763,2,SIDESWIPE_SAME_DIRECTION,-112.056300977088,33.5017508867477,3,UNKNOWN_99,SIDESWIPE_SAME_DIRECTION,PHOENIX,"2012-11-06 17:33:00",INATTENTION_DISTRACTION,NO_IMPROPER_ACTION,,
2678780,2,ANGLE_FRONT_TO_SIDE,-111.945636722988,33.4218934481914,1,UNKNOWN_99,ANGLE_FRONT_TO_SIDE,TEMPE,"2012-12-13 13:14:00",DROVE_RODE_IN_OPPOSING_TRAFFIC_LANE,NO_IMPROPER_ACTION,163,0.0013707230990699
2678791,2,OTHER_97,-111.996206280577,33.6479602107865,4,T_INTERSECTION,OTHER_97,PHOENIX,"2012-11-06 07:23:00",DISREGARDED_TRAFFIC_SIGNAL,NOT_APPLICABLE_MINUS_1+NOT_APPLICABLE_MINUS_1+NOT_APPLICABLE_MINUS_1+NOT_APPLICABLE_MINUS_1+NOT_APPLICABLE_MINUS_1+NO_IMPROPER_ACTION,,
2678799,2,LEFT_TURN,-111.990580808299,33.7558142746848,2,FOUR_WAY_INTERSECTION,LEFT_TURN,PHOENIX,"2012-11-05 05:35:00",NO_IMPROPER_ACTION,FAILED_TO_YIELD_RIGHT_OF_WAY_103,,
2678806,2,ANGLE_FRONT_TO_SIDE,-111.940037622711,33.4296219032996,2,FOUR_WAY_INTERSECTION,ANGLE_FRONT_TO_SIDE,TEMPE,"2012-12-13 12:49:00",NO_IMPROPER_ACTION,FAILED_TO_YIELD_RIGHT_OF_WAY_103,102,0.000417961946934187
2678837,2,ANGLE_FRONT_TO_SIDE,-112.056255961275,33.5337087827642,3,FOUR_WAY_INTERSECTION,ANGLE_FRONT_TO_SIDE,PHOENIX,"2012-11-06 17:31:00",NO_IMPROPER_ACTION,FAILED_TO_YIELD_RIGHT_OF_WAY_103,,
2678904,2,ANGLE_FRONT_TO_SIDE,-112.151508388944,33.5239016191463,4,FOUR_WAY_INTERSECTION,ANGLE_FRONT_TO_SIDE,GLENDALE,"2012-10-31 12:00:00",FAILED_TO_YIELD_RIGHT_OF_WAY_103,NO_IMPROPER_ACTION,,
2678917,2,LEFT_TURN,-111.934701890461,33.3053995332215,3,FOUR_WAY_INTERSECTION,LEFT_TURN,CHANDLER,"2012-09-27 18:49:00",NO_IMPROPER_ACTION,MADE_IMPROPER_TURN,,
2678961,2,ANGLE_FRONT_TO_SIDE,-112.132618444482,33.6546504882261,3,UNKNOWN_99,ANGLE_FRONT_TO_SIDE,PHOENIX,"2012-11-05 06:53:00",OTHER_97,OTHER_97+NOT_APPLICABLE_MINUS_1,,
2679010,2,LEFT_TURN,-112.004220879118,33.4657015199029,4,FOUR_WAY_INTERSECTION,LEFT_TURN,PHOENIX,"2012-11-02 17:37:00",NO_IMPROPER_ACTION,FAILED_TO_YIELD_RIGHT_OF_WAY_103,,
2679037,2,ANGLE_FRONT_TO_SIDE,-111.843771105448,33.2924189333816,1,T_INTERSECTION,ANGLE_FRONT_TO_SIDE,CHANDLER,"2012-09-22 12:28:00",INATTENTION_DISTRACTION,NO_IMPROPER_ACTION,,
2679126,2,UNKNOWN_99,-111.208468920906,32.4524726515844,1,UNKNOWN_99,UNKNOWN_99,MARANA,"2012-12-07 07:36:00",UNKNOWN_99,NOT_APPLICABLE_MINUS_1+NOT_APPLICABLE_MINUS_1+NOT_APPLICABLE_MINUS_1+NOT_APPLICABLE_MINUS_1+NOT_APPLICABLE_MINUS_1+UNKNOWN_99,,
2679171,2,ANGLE_FRONT_TO_SIDE,-112.030247206041,33.469443037759,1,UNKNOWN_99,ANGLE_FRONT_TO_SIDE,PHOENIX,"2012-11-03 16:19:00",NO_IMPROPER_ACTION,FAILED_TO_YIELD_RIGHT_OF_WAY_103,,
2679243,2,ANGLE_FRONT_TO_SIDE,-111.92515502391,33.4220239591493,2,UNKNOWN_99,ANGLE_FRONT_TO_SIDE,TEMPE,"2012-11-07 19:05:00",FAILED_TO_YIELD_RIGHT_OF_WAY_103,NOT_APPLICABLE_MINUS_1+NOT_APPLICABLE_MINUS_1+NO_IMPROPER_ACTION,117,0.00114416957305445
2679276,2,OTHER_97,-109.559565643507,31.3372235705171,3,T_INTERSECTION,OTHER_97,DOUGLAS,"2012-10-27 13:10:00",FAILED_TO_KEEP_IN_PROPER_LANE,INATTENTION_DISTRACTION,,
2679284,2,ANGLE_FRONT_TO_SIDE,-111.952501874012,33.3780643334925,2,UNKNOWN_99,ANGLE_FRONT_TO_SIDE,TEMPE,"2012-11-01 09:32:00",OTHER_97,NO_IMPROPER_ACTION,,
2679293,2,OTHER_97,-111.926271830661,33.4097610410671,1,T_INTERSECTION,OTHER_97,TEMPE,"2012-11-01 03:20:00",OTHER_97,NO_IMPROPER_ACTION,138,0.00232255534340561
2679302,2,ANGLE_FRONT_TO_SIDE,-111.920437819903,33.4149726969089,2,FOUR_WAY_INTERSECTION,ANGLE_FRONT_TO_SIDE,TEMPE,"2012-11-01 13:26:00",DROVE_RODE_IN_OPPOSING_TRAFFIC_LANE,NOT_APPLICABLE_MINUS_1+NOT_APPLICABLE_MINUS_1+NO_IMPROPER_ACTION,132,0.00274926517149376
2679358,2,SIDESWIPE_SAME_DIRECTION,-112.121609048119,33.4949437613054,2,T_INTERSECTION,SIDESWIPE_SAME_DIRECTION,PHOENIX,"2012-09-14 13:16:00",OTHER_97,NO_IMPROPER_ACTION+NOT_APPLICABLE_MINUS_1,,
2679430,2,ANGLE_FRONT_TO_SIDE,-111.981263076775,33.4655742501207,1,INTERSECTION_AS_PART_OF_INTERCHANGE,ANGLE_FRONT_TO_SIDE,PHOENIX,"2012-11-04 15:23:00",DROVE_RODE_IN_OPPOSING_TRAFFIC_LANE,INATTENTION_DISTRACTION,,
2679442,3,LEFT_TURN,-110.989559652257,32.2296163804137,4,FOUR_WAY_INTERSECTION,LEFT_TURN,TUCSON,"2012-09-27 10:09:00",NO_IMPROPER_ACTION,NOT_APPLICABLE_MINUS_1+NO_IMPROPER_ACTION+FAILED_TO_YIELD_RIGHT_OF_WAY_103+NOT_APPLICABLE_MINUS_1+NOT_APPLICABLE_MINUS_1,,
2679544,2,ANGLE_FRONT_TO_SIDE,-110.819635750868,32.1918846412342,3,FOUR_WAY_INTERSECTION,ANGLE_FRONT_TO_SIDE,TUCSON,"2012-09-28 10:11:00",DROVE_RODE_IN_OPPOSING_TRAFFIC_LANE,NO_IMPROPER_ACTION,,
2679566,2,ANGLE_FRONT_TO_SIDE,-110.978046452585,32.2580594211322,3,UNKNOWN_99,ANGLE_FRONT_TO_SIDE,TUCSON,"2012-10-02 13:43:00",NO_IMPROPER_ACTION,MADE_IMPROPER_TURN,,
2679569,2,ANGLE_FRONT_TO_SIDE,-110.909711582508,32.2503415050611,3,T_INTERSECTION,ANGLE_FRONT_TO_SIDE,TUCSON,"2012-10-02 13:53:00",DROVE_RODE_IN_OPPOSING_TRAFFIC_LANE,UNKNOWN_99,,
2679588,2,REAR_END,-110.82778915143,32.0847831301176,3,UNKNOWN_99,REAR_END,TUCSON,"2012-09-29 15:12:00",NO_IMPROPER_ACTION,UNKNOWN_99,,
2679598,2,ANGLE_FRONT_TO_SIDE,-112.634255258142,33.6662429324911,3,T_INTERSECTION,ANGLE_FRONT_TO_SIDE,BUCKEYE,"2012-12-17 08:17:00",FAILED_TO_YIELD_RIGHT_OF_WAY_103,NO_IMPROPER_ACTION,,
2680025,2,SIDESWIPE_SAME_DIRECTION,-111.906637552122,33.3637827673191,3,FOUR_WAY_INTERSECTION,SIDESWIPE_SAME_DIRECTION,TEMPE,"2012-11-14 17:11:00",FAILED_TO_YIELD_RIGHT_OF_WAY_103,NOT_APPLICABLE_MINUS_1+NO_IMPROPER_ACTION+NOT_APPLICABLE_MINUS_1,,
2680028,2,ANGLE_FRONT_TO_SIDE,-111.807257349848,33.3789227358086,3,FOUR_WAY_INTERSECTION,ANGLE_FRONT_TO_SIDE,GILBERT,"2012-12-21 16:08:00",DISREGARDED_TRAFFIC_SIGNAL,NO_IMPROPER_ACTION,,
2680029,2,SIDESWIPE_SAME_DIRECTION,-111.938783849563,33.4231854823975,3,UNKNOWN_99,SIDESWIPE_SAME_DIRECTION,TEMPE,"2012-11-19 10:43:00",NO_IMPROPER_ACTION,FAILED_TO_YIELD_RIGHT_OF_WAY_103,118,0.00160291203384443
2680033,2,LEFT_TURN,-111.911245982939,33.3637610666464,2,FOUR_WAY_INTERSECTION,LEFT_TURN,TEMPE,"2012-11-19 11:56:00",FAILED_TO_YIELD_RIGHT_OF_WAY_103,NO_IMPROPER_ACTION,,
2680047,2,ANGLE_FRONT_TO_SIDE,-111.860455796925,33.3930960736208,2,FOUR_WAY_INTERSECTION,ANGLE_FRONT_TO_SIDE,MESA,"2012-12-19 16:56:00",OTHER_97,NO_IMPROPER_ACTION,,
2680086,2,SIDESWIPE_SAME_DIRECTION,-111.952482656822,33.3898199584413,2,UNKNOWN_99,SIDESWIPE_SAME_DIRECTION,TEMPE,"2012-11-13 18:28:00",NO_IMPROPER_ACTION,OTHER_97,143,0.00306444961394918
2680094,2,SIDESWIPE_OPPOSITE_DIRECTION,-111.917685931252,33.4147607556373,1,T_INTERSECTION,SIDESWIPE_OPPOSITE_DIRECTION,TEMPE,"2012-11-05 12:00:00",INATTENTION_DISTRACTION,NO_IMPROPER_ACTION,132,1.98467827407836e-05
2680098,2,UNKNOWN_99,-112.348589804792,33.5192321837441,1,T_INTERSECTION,UNKNOWN_99,UNSPECIFIED_999,"2012-11-09 17:04:00",NO_IMPROPER_ACTION,UNKNOWN_99,,
2680112,4,ANGLE_FRONT_TO_SIDE,-111.926981032127,33.4512356204349,4,UNKNOWN_99,ANGLE_FRONT_TO_SIDE,TEMPE,"2012-12-19 16:34:00",FAILED_TO_YIELD_RIGHT_OF_WAY_103+FAILED_TO_YIELD_RIGHT_OF_WAY_103+FAILED_TO_YIELD_RIGHT_OF_WAY_103,NO_IMPROPER_ACTION,,
2680122,2,OTHER_97,-111.727748958949,33.4152491029054,3,UNKNOWN_99,OTHER_97,MESA,"2012-12-29 17:30:00",NO_IMPROPER_ACTION,NO_IMPROPER_ACTION,,
2680126,2,OTHER_97,-111.926609864421,33.4147592515773,3,FOUR_WAY_INTERSECTION,OTHER_97,TEMPE,"2012-12-19 18:47:00",DROVE_RODE_IN_OPPOSING_TRAFFIC_LANE,NO_IMPROPER_ACTION,131,0.000524460302026293
2680143,2,ANGLE_FRONT_TO_SIDE,-111.84006007462,33.3936034269796,2,UNKNOWN_99,ANGLE_FRONT_TO_SIDE,MESA,"2012-12-29 14:29:00",NO_IMPROPER_ACTION,INATTENTION_DISTRACTION,,
2680157,2,LEFT_TURN,-111.917554772665,33.4075021615583,3,FOUR_WAY_INTERSECTION,LEFT_TURN,TEMPE,"2012-12-18 09:06:00",NO_IMPROPER_ACTION,FAILED_TO_YIELD_RIGHT_OF_WAY_103,,
2680165,2,ANGLE_FRONT_TO_SIDE,-111.8745803933,33.4003299874045,3,FOUR_WAY_INTERSECTION,ANGLE_FRONT_TO_SIDE,MESA,"2012-12-28 14:03:00",NO_IMPROPER_ACTION,NO_IMPROPER_ACTION,,
2680308,3,OTHER_97,-111.822911797716,33.4172352741022,1,FOUR_WAY_INTERSECTION,OTHER_97,MESA,"2012-12-26 16:10:00",WALKED_ON_WRONG_SIDE_OF_ROAD+WALKED_ON_WRONG_SIDE_OF_ROAD,NO_IMPROPER_ACTION,,
2680466,2,SIDESWIPE_SAME_DIRECTION,-112.237369712158,33.5829038186254,4,T_INTERSECTION,SIDESWIPE_SAME_DIRECTION,PEORIA,"2012-12-18 13:00:00",NO_IMPROPER_ACTION,OTHER_UNSAFE_PASSING,,
2680467,2,ANGLE_FRONT_TO_SIDE,-111.000548535549,32.2505376650156,2,FOUR_WAY_INTERSECTION,ANGLE_FRONT_TO_SIDE,TUCSON,"2012-10-05 17:10:00",DROVE_RODE_IN_OPPOSING_TRAFFIC_LANE,UNKNOWN_99,,
2680492,2,ANGLE_FRONT_TO_SIDE,-110.909713105961,32.2505061926463,2,UNKNOWN_99,ANGLE_FRONT_TO_SIDE,TUCSON,"2012-10-06 10:03:00",OTHER_97,NO_IMPROPER_ACTION,,
2680502,2,REAR_END,-110.93461751334,32.1306501128766,2,FOUR_WAY_INTERSECTION,REAR_END,TUCSON,"2012-10-06 10:05:00",FOLLOWED_TOO_CLOSELY,NOT_APPLICABLE_MINUS_1+NOT_APPLICABLE_MINUS_1+NOT_APPLICABLE_MINUS_1+NO_IMPROPER_ACTION+NOT_APPLICABLE_MINUS_1,,
2680545,2,ANGLE_FRONT_TO_SIDE,-112.19500593247,33.5279257740626,3,T_INTERSECTION,ANGLE_FRONT_TO_SIDE,GLENDALE,"2012-11-05 07:00:00",NO_IMPROPER_ACTION,UNKNOWN_99,,
2680750,2,ANGLE_FRONT_TO_SIDE,-112.15211530724,33.5675186698602,2,NOT_AT_INTERSECTION_0,ANGLE_FRONT_TO_SIDE,GLENDALE,"2012-10-27 17:34:00",OTHER_97,FAILED_TO_YIELD_RIGHT_OF_WAY_103,,
2680822,3,ANGLE_FRONT_TO_SIDE,-112.186047018876,33.5891398358988,3,FOUR_WAY_INTERSECTION,ANGLE_FRONT_TO_SIDE,GLENDALE,"2012-11-07 15:30:00",UNKNOWN_99+UNKNOWN_99,UNKNOWN_99,,
2680862,2,ANGLE_FRONT_TO_SIDE,-112.168537898278,33.6107239902453,3,FOUR_WAY_INTERSECTION,ANGLE_FRONT_TO_SIDE,PHOENIX,"2012-11-20 19:01:00",OTHER_97,NO_IMPROPER_ACTION,,
2680867,2,LEFT_TURN,-112.182453835071,33.5385564369581,1,FOUR_WAY_INTERSECTION,LEFT_TURN,GLENDALE,"2012-11-13 13:18:00",OTHER_97,SPEED_TOO_FAST_FOR_CONDITIONS,,
2680911,2,UNKNOWN_99,-112.169128652564,33.6107275089589,1,FOUR_WAY_INTERSECTION,UNKNOWN_99,GLENDALE,"2012-11-12 21:24:00",UNKNOWN_99,UNKNOWN_99,,
2681314,2,OTHER_97,-111.658128096507,35.1643636101592,5,UNKNOWN_99,OTHER_97,FLAGSTAFF,"2012-09-09 22:03:00",UNKNOWN_99,UNKNOWN_99,,
2681329,2,ANGLE_FRONT_TO_SIDE,-112.025893713845,33.4949352339154,2,T_INTERSECTION,ANGLE_FRONT_TO_SIDE,PHOENIX,"2012-11-14 07:50:00",OTHER_97,NO_IMPROPER_ACTION,,
2681347,2,LEFT_TURN,-112.004209703083,33.4950543380174,3,UNKNOWN_99,LEFT_TURN,PHOENIX,"2012-11-14 22:26:00",NO_IMPROPER_ACTION,FAILED_TO_YIELD_RIGHT_OF_WAY_103,,
2681363,2,LEFT_TURN,-111.99725437433,33.3051329130866,3,FOUR_WAY_INTERSECTION,LEFT_TURN,PHOENIX,"2012-11-12 19:05:00",DROVE_RODE_IN_OPPOSING_TRAFFIC_LANE,NOT_APPLICABLE_MINUS_1+NO_IMPROPER_ACTION,,
2681379,2,HEAD_ON,-112.108233122581,33.5378201216896,2,UNKNOWN_99,HEAD_ON,PHOENIX,"2012-11-16 07:48:00",DROVE_RODE_IN_OPPOSING_TRAFFIC_LANE,NO_IMPROPER_ACTION,,
2681392,2,OTHER_97,-110.948251459765,32.2721808317,5,NOT_AT_INTERSECTION_0,OTHER_97,TUCSON,"2012-09-18 18:14:00",UNKNOWN_99,UNKNOWN_99,,
2681407,2,OTHER_97,-110.96096335977,32.2576605393147,4,FOUR_WAY_INTERSECTION,OTHER_97,TUCSON,"2012-10-10 10:32:00",NO_IMPROPER_ACTION,MADE_IMPROPER_TURN,,
2681415,2,UNKNOWN_99,-112.046478982252,33.4802175609767,3,UNKNOWN_99,UNKNOWN_99,PHOENIX,"2012-11-01 12:37:00",OTHER_97,OTHER_UNSAFE_PASSING,,
2681559,2,ANGLE_FRONT_TO_SIDE,-112.049850896743,33.4657515855305,2,FOUR_WAY_INTERSECTION,ANGLE_FRONT_TO_SIDE,PHOENIX,"2012-11-16 17:37:00",INATTENTION_DISTRACTION,FAILED_TO_YIELD_RIGHT_OF_WAY_103,,
2681672,2,OTHER_97,-112.246474231432,33.4797555883411,1,FOUR_WAY_INTERSECTION,OTHER_97,PHOENIX,"2012-10-05 17:41:00",DISREGARDED_TRAFFIC_SIGNAL,NO_IMPROPER_ACTION,,
2681825,2,OTHER_97,-112.037843807447,33.5970188036474,3,FOUR_WAY_INTERSECTION,OTHER_97,PHOENIX,"2012-11-08 11:00:00",OTHER_97,NO_IMPROPER_ACTION,,
2681834,2,ANGLE_FRONT_TO_SIDE,-112.184745483637,33.4805321964816,3,UNKNOWN_99,ANGLE_FRONT_TO_SIDE,PHOENIX,"2012-11-08 15:25:00",INATTENTION_DISTRACTION,INATTENTION_DISTRACTION,,
2681845,2,ANGLE_FRONT_TO_SIDE,-112.030209501921,33.4730322549502,2,FOUR_WAY_INTERSECTION,ANGLE_FRONT_TO_SIDE,PHOENIX,"2012-11-10 16:40:00",INATTENTION_DISTRACTION,NOT_APPLICABLE_MINUS_1+NOT_APPLICABLE_MINUS_1+INATTENTION_DISTRACTION+NOT_APPLICABLE_MINUS_1+NOT_APPLICABLE_MINUS_1,,
2681917,2,ANGLE_FRONT_TO_SIDE,-112.065034285155,33.5023068900996,3,UNKNOWN_99,ANGLE_FRONT_TO_SIDE,PHOENIX,"2012-11-05 17:58:00",FAILED_TO_YIELD_RIGHT_OF_WAY_103,NO_IMPROPER_ACTION+NOT_APPLICABLE_MINUS_1,,
2681923,2,ANGLE_FRONT_TO_SIDE,-112.0042091674,33.4807292912905,3,FOUR_WAY_INTERSECTION,ANGLE_FRONT_TO_SIDE,PHOENIX,"2012-10-21 12:55:00",DROVE_RODE_IN_OPPOSING_TRAFFIC_LANE,NO_IMPROPER_ACTION,,
2681932,2,ANGLE_FRONT_TO_SIDE,-112.136354533562,33.5094483657554,3,UNKNOWN_99,ANGLE_FRONT_TO_SIDE,PHOENIX,"2012-11-06 12:25:00",NO_IMPROPER_ACTION,SPEED_TOO_FAST_FOR_CONDITIONS,,
2681952,2,ANGLE_FRONT_TO_SIDE,-112.196333067528,33.6251021046611,2,UNKNOWN_99,ANGLE_FRONT_TO_SIDE,GLENDALE,"2012-11-01 17:53:00",OTHER_97,NO_IMPROPER_ACTION+NOT_APPLICABLE_MINUS_1,,
2682183,2,OTHER_97,-112.151690217776,33.4586597423426,3,FOUR_WAY_INTERSECTION,OTHER_97,PHOENIX,"2012-11-06 21:17:00",UNKNOWN_99,UNKNOWN_99,,
2682455,2,ANGLE_FRONT_TO_SIDE,-111.963275597269,33.3345206135493,1,FOUR_WAY_INTERSECTION,ANGLE_FRONT_TO_SIDE,TEMPE,"2012-12-27 07:04:00",UNKNOWN_99,NOT_APPLICABLE_MINUS_1+UNKNOWN_99,,
2682756,2,ANGLE_FRONT_TO_SIDE,-111.839911346806,33.4129423095844,2,T_INTERSECTION,ANGLE_FRONT_TO_SIDE,MESA,"2012-12-29 11:33:00",DROVE_RODE_IN_OPPOSING_TRAFFIC_LANE,NO_IMPROPER_ACTION,,
2682805,2,OTHER_97,-110.961085719939,32.2829609233402,3,FOUR_WAY_INTERSECTION,OTHER_97,TUCSON,"2012-10-04 08:33:00",NO_IMPROPER_ACTION,INATTENTION_DISTRACTION,,
2682825,2,SIDESWIPE_SAME_DIRECTION,-110.90102612074,32.2069961139276,3,UNKNOWN_99,SIDESWIPE_SAME_DIRECTION,TUCSON,"2012-10-07 19:01:00",UNSAFE_LANE_CHANGE,NO_IMPROPER_ACTION,,
2682913,2,LEFT_TURN,-110.926357676577,32.1779743341484,3,FOUR_WAY_INTERSECTION,LEFT_TURN,UNSPECIFIED_999,"2012-11-06 16:55:00",NO_IMPROPER_ACTION,INATTENTION_DISTRACTION,,
2682956,2,LEFT_TURN,-110.870847392956,32.2215650762888,4,T_INTERSECTION,LEFT_TURN,TUCSON,"2012-10-12 16:29:00",FAILED_TO_YIELD_RIGHT_OF_WAY_103,NO_IMPROPER_ACTION,,
2683025,2,OTHER_97,-110.959455960664,32.2277454552281,3,FOUR_WAY_INTERSECTION,OTHER_97,TUCSON,"2012-10-14 09:15:00",NO_IMPROPER_ACTION,NOT_APPLICABLE_MINUS_1+INATTENTION_DISTRACTION,,
2683031,2,OTHER_97,-110.971605975411,32.163248593389,3,T_INTERSECTION,OTHER_97,TUCSON,"2012-10-14 17:15:00",DISREGARDED_TRAFFIC_SIGNAL,NO_IMPROPER_ACTION,,
2683077,2,ANGLE_FRONT_TO_SIDE,-110.978041143275,32.2671398871749,2,UNKNOWN_99,ANGLE_FRONT_TO_SIDE,TUCSON,"2012-10-16 12:52:00",DROVE_RODE_IN_OPPOSING_TRAFFIC_LANE,NO_IMPROPER_ACTION,,
2683083,2,ANGLE_FRONT_TO_SIDE,-110.959489227727,32.2364288212222,2,UNKNOWN_99,ANGLE_FRONT_TO_SIDE,TUCSON,"2012-10-17 09:30:00",DROVE_RODE_IN_OPPOSING_TRAFFIC_LANE,NO_IMPROPER_ACTION,,
2683094,2,ANGLE_FRONT_TO_SIDE,-110.892603350944,32.2361988059553,3,FOUR_WAY_INTERSECTION,ANGLE_FRONT_TO_SIDE,TUCSON,"2012-10-17 15:16:00",NO_IMPROPER_ACTION,FAILED_TO_YIELD_RIGHT_OF_WAY_103,,
2683605,2,ANGLE_FRONT_TO_SIDE,-111.80534794422,33.4042668858129,3,FOUR_WAY_INTERSECTION,ANGLE_FRONT_TO_SIDE,MESA,"2012-12-29 14:03:00",INATTENTION_DISTRACTION,NO_IMPROPER_ACTION,,
2683677,2,ANGLE_FRONT_TO_SIDE,-111.886979960196,33.5752796907846,2,FOUR_WAY_INTERSECTION,ANGLE_FRONT_TO_SIDE,SCOTTSDALE,"2012-10-12 09:59:00",NO_IMPROPER_ACTION,MADE_IMPROPER_TURN,,
2684517,2,SIDESWIPE_SAME_DIRECTION,-111.847417372047,33.3425978018424,4,NOT_AT_INTERSECTION_0,SIDESWIPE_SAME_DIRECTION,CHANDLER,"2012-10-10 21:57:00",KNOWINGLY_OPERATED_WITH_FAULTY_MISSING_EQUIPMENT,INATTENTION_DISTRACTION,,
2684518,2,ANGLE_FRONT_TO_SIDE,-111.93452399422,33.5239827902283,4,FOUR_WAY_INTERSECTION,ANGLE_FRONT_TO_SIDE,"PARADISE VALLEY","2012-12-04 16:40:00",NO_IMPROPER_ACTION,FAILED_TO_YIELD_RIGHT_OF_WAY_103,,
2684553,2,ANGLE_FRONT_TO_SIDE,-111.895736994079,33.3203014891279,3,NOT_REPORTED_255,ANGLE_FRONT_TO_SIDE,CHANDLER,"2012-10-02 13:53:00",DROVE_RODE_IN_OPPOSING_TRAFFIC_LANE,NO_IMPROPER_ACTION,,
2684569,2,OTHER_97,-112.116952966418,33.5165830826495,5,NOT_AT_INTERSECTION_0,OTHER_97,PHOENIX,"2012-12-10 14:51:00",NO_IMPROPER_ACTION,OTHER_UNSAFE_PASSING,,
2684583,2,ANGLE_FRONT_TO_SIDE,-111.96847423421,33.3159715717572,3,FOUR_WAY_INTERSECTION,ANGLE_FRONT_TO_SIDE,CHANDLER,"2012-10-10 21:46:00",NO_IMPROPER_ACTION,SPEED_TOO_FAST_FOR_CONDITIONS,,
2684604,2,ANGLE_FRONT_TO_SIDE,-111.020675125459,32.3372978862373,3,FOUR_WAY_INTERSECTION,ANGLE_FRONT_TO_SIDE,UNSPECIFIED_999,"2012-11-04 17:01:00",NO_IMPROPER_ACTION,NOT_APPLICABLE_MINUS_1+FAILED_TO_YIELD_RIGHT_OF_WAY_103,,
2684634,2,REAR_END,-110.892514172267,32.2720881010541,3,UNKNOWN_99,REAR_END,UNSPECIFIED_999,"2012-11-14 08:00:00",INATTENTION_DISTRACTION,NO_IMPROPER_ACTION,,
2684653,2,ANGLE_FRONT_TO_SIDE,-111.853416642101,33.3351027512822,2,NOT_REPORTED_255,ANGLE_FRONT_TO_SIDE,CHANDLER,"2012-10-04 16:01:00",DROVE_RODE_IN_OPPOSING_TRAFFIC_LANE,NO_IMPROPER_ACTION,,
2684666,2,REAR_END,-110.83875999489,32.287960941365,2,T_INTERSECTION,REAR_END,UNSPECIFIED_999,"2012-11-15 18:42:00",UNKNOWN_99,SPEED_TOO_FAST_FOR_CONDITIONS,,
2684691,2,SIDESWIPE_SAME_DIRECTION,-110.933998259796,31.9540001905878,3,UNKNOWN_99,SIDESWIPE_SAME_DIRECTION,UNSPECIFIED_999,"2012-11-27 07:35:00",UNKNOWN_99,NO_IMPROPER_ACTION,,
2684711,2,ANGLE_FRONT_TO_SIDE,-110.83367444218,32.2840021285637,3,T_INTERSECTION,ANGLE_FRONT_TO_SIDE,UNSPECIFIED_999,"2012-12-03 08:11:00",NO_IMPROPER_ACTION,INATTENTION_DISTRACTION,,