IncidentID,num_vehicles_involved,eCollisionManner,Longitude,Latitude,InjurySeverity,eIntersectionType,eCollisionManner,city_name,IncidentDateTime,cyclist_citations,driver_citations,nearest_count_site,distance_to_nearest_count_site
2711638,2,LEFT_TURN,-112.151555330069,33.5522928508148,3,UNKNOWN_99,LEFT_TURN,PHOENIX,"2013-02-22 19:22:00",KNOWINGLY_OPERATED_WITH_FAULTY_MISSING_EQUIPMENT,NOT_APPLICABLE_MINUS_1+UNKNOWN_99,,
2711653,2,ANGLE_FRONT_TO_SIDE,-112.156130274803,33.6393850571503,3,T_INTERSECTION,ANGLE_FRONT_TO_SIDE,PHOENIX,"2013-02-15 06:50:00",FAILED_TO_YIELD_RIGHT_OF_WAY_103,NO_IMPROPER_ACTION,,
2711741,2,ANGLE_FRONT_TO_SIDE,-112.289366434127,33.5023590479004,3,UNKNOWN_99,ANGLE_FRONT_TO_SIDE,PHOENIX,"2013-02-18 15:20:00",FAILED_TO_YIELD_RIGHT_OF_WAY_103,NOT_APPLICABLE_MINUS_1+NO_IMPROPER_ACTION+NOT_APPLICABLE_MINUS_1+NOT_APPLICABLE_MINUS_1,,
2711750,2,ANGLE_FRONT_TO_SIDE,-111.839246075282,33.4129418962216,2,FOUR_WAY_INTERSECTION,ANGLE_FRONT_TO_SIDE,MESA,"2013-03-21 17:37:00",OTHER_97,NO_IMPROPER_ACTION,,
2712003,2,ANGLE_FRONT_TO_SIDE,-112.09995424812,33.4657482542567,2,FIVE_POINT_OR_MORE,ANGLE_FRONT_TO_SIDE,PHOENIX,"2013-02-19 12:19:00",FAILED_TO_YIELD_RIGHT_OF_WAY_103,NO_IMPROPER_ACTION,,
2712030,2,ANGLE_FRONT_TO_SIDE,-111.892026749734,33.4074934743588,3,INTERSECTION_AS_PART_OF_INTERCHANGE,ANGLE_FRONT_TO_SIDE,TEMPE,"2013-04-02 15:01:00",DISREGARDED_TRAFFIC_SIGNAL,NO_IMPROPER_ACTION,,
2712080,2,HEAD_ON,-111.926920883838,33.4147561498084,3,UNKNOWN_99,HEAD_ON,TEMPE,"2013-04-04 09:46:00",DROVE_RODE_IN_OPPOSING_TRAFFIC_LANE,NO_IMPROPER_ACTION,131,0.000830356604564986
2712467,2,ANGLE_FRONT_TO_SIDE,-111.789740343497,33.3586624694598,1,UNKNOWN_99,ANGLE_FRONT_TO_SIDE,GILBERT,"2013-03-28 08:06:00",INATTENTION_DISTRACTION,NO_IMPROPER_ACTION,,
2712552,2,OTHER_97,-110.995857394371,32.4048072540829,3,UNKNOWN_99,OTHER_97,"ORO VALLEY","2013-03-27 18:12:00",NO_IMPROPER_ACTION,INATTENTION_DISTRACTION,,
2712556,2,OTHER_97,-111.900487167477,33.4658385619616,5,FOUR_WAY_INTERSECTION,OTHER_97,SCOTTSDALE,"2013-02-04 14:49:00",DROVE_RODE_IN_OPPOSING_TRAFFIC_LANE,NO_IMPROPER_ACTION,,
2712593,2,ANGLE_FRONT_TO_SIDE,-112.469751003216,34.554921181144,3,FOUR_WAY_INTERSECTION,ANGLE_FRONT_TO_SIDE,PRESCOTT,"2013-04-06 10:29:00",OTHER_97,NO_IMPROPER_ACTION,,
2712602,2,ANGLE_FRONT_TO_SIDE,-112.313391440351,33.4639971759589,4,NOT_AT_INTERSECTION_0,ANGLE_FRONT_TO_SIDE,AVONDALE,"2013-04-05 15:29:00",NO_IMPROPER_ACTION,NOT_APPLICABLE_MINUS_1+FAILED_TO_YIELD_RIGHT_OF_WAY_103,,
2712745,2,SIDESWIPE_SAME_DIRECTION,-111.720940323504,33.2924444306689,3,FOUR_WAY_INTERSECTION,SIDESWIPE_SAME_DIRECTION,GILBERT,"2013-03-21 10:50:00",NO_IMPROPER_ACTION,NOT_APPLICABLE_MINUS_1+MADE_IMPROPER_TURN,,
2712758,2,OTHER_97,0,0,1,UNKNOWN_99,OTHER_97,UNSPECIFIED_999,"2013-02-06 17:21:00",NO_IMPROPER_ACTION,SPEED_TOO_FAST_FOR_CONDITIONS,,
2712953,2,ANGLE_FRONT_TO_SIDE,-112.073799519908,33.4653223916084,2,NOT_AT_INTERSECTION_0,ANGLE_FRONT_TO_SIDE,PHOENIX,"2013-01-19 10:50:00",DROVE_RODE_IN_OPPOSING_TRAFFIC_LANE,FAILED_TO_YIELD_RIGHT_OF_WAY_103,,
2712965,2,ANGLE_FRONT_TO_SIDE,-111.954336951981,33.3356148749369,3,UNKNOWN_99,ANGLE_FRONT_TO_SIDE,TEMPE,"2013-03-28 15:51:00",DROVE_RODE_IN_OPPOSING_TRAFFIC_LANE,NO_IMPROPER_ACTION,,
2713001,2,ANGLE_FRONT_TO_SIDE,-110.94768682533,32.3009453857368,3,FOUR_WAY_INTERSECTION,ANGLE_FRONT_TO_SIDE,UNSPECIFIED_999,"2013-03-30 10:21:00",NO_IMPROPER_ACTION,FAILED_TO_YIELD_RIGHT_OF_WAY_103,,
2713043,2,ANGLE_FRONT_TO_SIDE,-111.947279886014,33.4219850502991,2,FOUR_WAY_INTERSECTION,ANGLE_FRONT_TO_SIDE,TEMPE,"2013-04-06 00:41:00",OTHER_97,NO_IMPROPER_ACTION,120,0.000228765898555638
2713063,2,ANGLE_FRONT_TO_SIDE,0,0,1,FOUR_WAY_INTERSECTION,ANGLE_FRONT_TO_SIDE,YUMA,"2013-03-19 07:37:00",OTHER_97,NO_IMPROPER_ACTION+NOT_APPLICABLE_MINUS_1,,
2713190,2,ANGLE_FRONT_TO_SIDE,-111.865334462264,33.604271578206,2,FOUR_WAY_INTERSECTION,ANGLE_FRONT_TO_SIDE,SCOTTSDALE,"2013-02-24 14:14:00",UNKNOWN_99,UNKNOWN_99,,
2713262,2,OTHER_97,-112.340940945413,33.4787921216771,2,FOUR_WAY_INTERSECTION,OTHER_97,UNSPECIFIED_999,"2013-04-11 22:04:00",UNKNOWN_99,UNKNOWN_99,,
2713309,2,ANGLE_FRONT_TO_SIDE,-111.925627310634,33.4147561912021,3,NOT_AT_INTERSECTION_0,ANGLE_FRONT_TO_SIDE,TEMPE,"2013-04-14 15:04:00",NO_IMPROPER_ACTION,UNKNOWN_99,131,0.000483644458965066
2713323,2,ANGLE_FRONT_TO_SIDE,-110.840792380555,33.4065916868961,1,FOUR_WAY_INTERSECTION,ANGLE_FRONT_TO_SIDE,UNSPECIFIED_999,"2013-03-05 18:58:00",RAN_STOP_SIGN,NO_IMPROPER_ACTION,,
2713395,2,ANGLE_FRONT_TO_SIDE,-111.857322795471,33.386424109388,2,FOUR_WAY_INTERSECTION,ANGLE_FRONT_TO_SIDE,MESA,"2013-03-19 15:17:00",OTHER_97,OTHER_97,,
2713491,2,SIDESWIPE_SAME_DIRECTION,-111.013428069789,32.3735371255964,1,NOT_AT_INTERSECTION_0,SIDESWIPE_SAME_DIRECTION,UNSPECIFIED_999,"2013-03-26 21:15:00",OTHER_97,NO_IMPROPER_ACTION,,
2713493,2,ANGLE_FRONT_TO_SIDE,-110.995081723659,32.2909806641133,3,T_INTERSECTION,ANGLE_FRONT_TO_SIDE,UNSPECIFIED_999,"2013-03-27 16:11:00",INATTENTION_DISTRACTION,NO_IMPROPER_ACTION,,
2713748,2,UNKNOWN_99,-112.343179231783,34.6002602063908,3,INTERSECTION_AS_PART_OF_INTERCHANGE,UNKNOWN_99,"PRESCOTT VALLEY","2013-04-05 14:26:00",UNKNOWN_99,UNKNOWN_99,,
2713781,2,HEAD_ON,-111.891724566254,33.5822464034807,3,T_INTERSECTION,HEAD_ON,SCOTTSDALE,"2013-02-14 17:08:00",OTHER_97,NO_IMPROPER_ACTION,,
2713836,2,OTHER_97,-111.922637614663,33.5007199435209,1,T_INTERSECTION,OTHER_97,SCOTTSDALE,"2013-02-24 02:10:00",NO_IMPROPER_ACTION,INATTENTION_DISTRACTION,,
2713856,2,OTHER_97,-110.914092248693,32.257813996498,1,FOUR_WAY_INTERSECTION,OTHER_97,TUCSON,"2013-03-15 04:08:00",UNKNOWN_99,UNKNOWN_99,,
2713880,2,LEFT_TURN,-110.90967241619,32.2362090003167,2,FOUR_WAY_INTERSECTION,LEFT_TURN,TUCSON,"2013-03-07 22:44:00",NO_IMPROPER_ACTION,FAILED_TO_YIELD_RIGHT_OF_WAY_103,,
2713916,2,OTHER_97,-110.857924490995,32.1921367895901,3,FOUR_WAY_INTERSECTION,OTHER_97,TUCSON,"2013-03-13 16:10:00",OTHER_97,OTHER_97,,
2713936,2,OTHER_97,-110.85792297143,32.1921498323016,2,FOUR_WAY_INTERSECTION,OTHER_97,TUCSON,"2013-03-08 21:35:00",NO_IMPROPER_ACTION,FAILED_TO_YIELD_RIGHT_OF_WAY_103,,
2714049,2,ANGLE_FRONT_TO_SIDE,-112.237585820154,33.5954841638122,4,FOUR_WAY_INTERSECTION,ANGLE_FRONT_TO_SIDE,PEORIA,"2013-03-20 15:01:00",DISREGARDED_TRAFFIC_SIGNAL,DISREGARDED_TRAFFIC_SIGNAL,,
2714135,2,LEFT_TURN,-110.928366671584,32.5245337634561,4,NOT_AT_INTERSECTION_0,LEFT_TURN,UNSPECIFIED_999,"2013-04-01 10:28:00",MADE_IMPROPER_TURN,NOT_APPLICABLE_MINUS_1+NOT_APPLICABLE_MINUS_1+NOT_APPLICABLE_MINUS_1+NO_IMPROPER_ACTION+NOT_APPLICABLE_MINUS_1,,
2714194,2,ANGLE_FRONT_TO_SIDE,-110.959525957185,32.2395766296245,3,FOUR_WAY_INTERSECTION,ANGLE_FRONT_TO_SIDE,TUCSON,"2013-03-04 10:36:00",NO_IMPROPER_ACTION,OTHER_97,,
2714206,2,ANGLE_FRONT_TO_SIDE,-110.918515856744,32.2505178372344,3,FOUR_WAY_INTERSECTION,ANGLE_FRONT_TO_SIDE,TUCSON,"2013-03-26 09:45:00",DID_NOT_USE_CROSSWALK,SPEED_TOO_FAST_FOR_CONDITIONS,,
2714215,2,HEAD_ON,-110.909819972937,32.2651234109154,3,FOUR_WAY_INTERSECTION,HEAD_ON,TUCSON,"2013-03-27 10:30:00",DISREGARDED_TRAFFIC_SIGNAL,NO_IMPROPER_ACTION,,
2714289,2,REAR_END,-111.021532466082,32.2359216778808,3,FOUR_WAY_INTERSECTION,REAR_END,TUCSON,"2013-03-30 15:08:00",NO_IMPROPER_ACTION,FOLLOWED_TOO_CLOSELY+NOT_APPLICABLE_MINUS_1,,
2714328,2,UNKNOWN_99,0,0,1,T_INTERSECTION,UNKNOWN_99,SAHUARITA,"2013-04-15 17:40:00",FAILED_TO_YIELD_RIGHT_OF_WAY_103,NO_IMPROPER_ACTION,,
2714352,2,ANGLE_FRONT_TO_SIDE,-110.970744469291,32.2190767408294,3,FOUR_WAY_INTERSECTION,ANGLE_FRONT_TO_SIDE,TUCSON,"2013-03-29 15:45:00",OTHER_97,UNKNOWN_99,,
2714357,2,ANGLE_FRONT_TO_SIDE,-110.972143639932,32.2738357913125,3,FOUR_WAY_INTERSECTION,ANGLE_FRONT_TO_SIDE,TUCSON,"2013-03-16 17:45:00",INATTENTION_DISTRACTION,NOT_APPLICABLE_MINUS_1+NO_IMPROPER_ACTION+NOT_APPLICABLE_MINUS_1+NOT_APPLICABLE_MINUS_1,,
2714384,2,OTHER_97,-111.559026016583,32.7629843985793,2,T_INTERSECTION,OTHER_97,ELOY,"2013-03-26 15:43:00",FAILED_TO_YIELD_RIGHT_OF_WAY_103,NOT_APPLICABLE_MINUS_1+NOT_APPLICABLE_MINUS_1+NO_IMPROPER_ACTION,,
2714419,2,ANGLE_FRONT_TO_SIDE,-110.988162021474,32.1632687218383,1,NOT_REPORTED_255,ANGLE_FRONT_TO_SIDE,TUCSON,"2013-03-21 05:29:00",NO_IMPROPER_ACTION,SPEED_TOO_FAST_FOR_CONDITIONS,,
2714460,2,LEFT_TURN,-111.57202192565,33.4150735850865,2,FOUR_WAY_INTERSECTION,LEFT_TURN,"APACHE JUNCTION","2013-04-15 06:20:00",OTHER_97,NO_IMPROPER_ACTION,,
2714497,2,ANGLE_FRONT_TO_SIDE,-110.959531693137,32.2405717216323,3,FOUR_WAY_INTERSECTION,ANGLE_FRONT_TO_SIDE,TUCSON,"2013-03-20 17:24:00",UNKNOWN_99,UNKNOWN_99,,
2714690,2,ANGLE_FRONT_TO_SIDE,-110.945155638024,32.2214159073541,1,T_INTERSECTION,ANGLE_FRONT_TO_SIDE,TUCSON,"2013-03-24 09:25:00",NO_IMPROPER_ACTION,OTHER_97,,
2714692,2,OTHER_97,-110.956315308273,32.2213500076738,3,FOUR_WAY_INTERSECTION,OTHER_97,TUCSON,"2013-03-24 09:03:00",NO_IMPROPER_ACTION,OTHER_97,,
2714694,2,OTHER_97,-110.957952522807,32.2360353022355,1,T_INTERSECTION,OTHER_97,TUCSON,"2013-03-24 10:15:00",UNKNOWN_99,OTHER_97,,
2714701,2,OTHER_97,-110.832343876787,32.2209657909879,3,FOUR_WAY_INTERSECTION,OTHER_97,TUCSON,"2013-03-24 14:33:00",FAILED_TO_YIELD_RIGHT_OF_WAY_103,NO_IMPROPER_ACTION,,
2714724,2,REAR_END,-110.952398516314,32.2602712107763,3,NOT_AT_INTERSECTION_0,REAR_END,TUCSON,"2013-03-25 12:22:00",NO_IMPROPER_ACTION,FAILED_TO_KEEP_IN_PROPER_LANE+NOT_APPLICABLE_MINUS_1,,
2714844,2,ANGLE_FRONT_TO_SIDE,-111.891960785349,33.4212638975789,1,UNKNOWN_99,ANGLE_FRONT_TO_SIDE,TEMPE,"2013-04-11 14:05:00",DROVE_RODE_IN_OPPOSING_TRAFFIC_LANE,NO_IMPROPER_ACTION,161,0.000749133151217809
2714927,2,ANGLE_FRONT_TO_SIDE,-112.37027043491,33.6540671438563,3,T_INTERSECTION,ANGLE_FRONT_TO_SIDE,SURPRISE,"2013-04-22 18:23:00",DID_NOT_USE_CROSSWALK,NO_IMPROPER_ACTION,,
2715036,2,HEAD_ON,-112.136774459129,33.5094472826739,3,NOT_AT_INTERSECTION_0,HEAD_ON,PHOENIX,"2013-02-21 18:55:00",DROVE_RODE_IN_OPPOSING_TRAFFIC_LANE,NO_IMPROPER_ACTION,,
2715126,2,SIDESWIPE_SAME_DIRECTION,-111.926298045056,33.4226836691038,1,UNKNOWN_99,SIDESWIPE_SAME_DIRECTION,TEMPE,"2013-04-10 13:25:00",OTHER_97,NO_IMPROPER_ACTION,117,0.00063866981772047
2715303,2,OTHER_97,-112.039111656723,33.4803590691407,3,Y_INTERSECTION,OTHER_97,PHOENIX,"2013-03-20 08:40:00",NO_IMPROPER_ACTION,NOT_APPLICABLE_MINUS_1+INATTENTION_DISTRACTION,,
2715538,2,SIDESWIPE_SAME_DIRECTION,-111.911255806256,33.3637610934947,2,FOUR_WAY_INTERSECTION,SIDESWIPE_SAME_DIRECTION,TEMPE,"2013-04-13 07:14:00",NO_IMPROPER_ACTION,INATTENTION_DISTRACTION,,
2715606,2,ANGLE_FRONT_TO_SIDE,-111.899972859018,33.5384452946799,3,NOT_AT_INTERSECTION_0,ANGLE_FRONT_TO_SIDE,SCOTTSDALE,"2013-02-27 16:49:00",NO_IMPROPER_ACTION,OTHER_97,,
2715621,2,ANGLE_FRONT_TO_SIDE,-111.926372097291,33.45848548504,1,FOUR_WAY_INTERSECTION,ANGLE_FRONT_TO_SIDE,SCOTTSDALE,"2013-02-24 15:14:00",NO_IMPROPER_ACTION,INATTENTION_DISTRACTION,,
2715646,2,ANGLE_FRONT_TO_SIDE,-112.118549457469,33.509459943613,1,NOT_AT_INTERSECTION_0,ANGLE_FRONT_TO_SIDE,PHOENIX,"2013-04-25 21:01:00",OTHER_97,NO_IMPROPER_ACTION,,
2715653,2,OTHER_97,-112.34958190528,33.6379345319097,3,NOT_AT_INTERSECTION_0,OTHER_97,SURPRISE,"2013-04-07 12:45:00",NO_IMPROPER_ACTION,FAILED_TO_YIELD_RIGHT_OF_WAY_103,,
2715821,2,ANGLE_FRONT_TO_SIDE,-112.177803961534,33.4841490231922,2,FOUR_WAY_INTERSECTION,ANGLE_FRONT_TO_SIDE,PHOENIX,"2013-02-21 07:56:00",NO_IMPROPER_ACTION,NOT_APPLICABLE_MINUS_1+NOT_APPLICABLE_MINUS_1+FAILED_TO_YIELD_RIGHT_OF_WAY_103,,
2715834,2,ANGLE_FRONT_TO_SIDE,-112.081464445071,33.4513917977443,1,FOUR_WAY_INTERSECTION,ANGLE_FRONT_TO_SIDE,PHOENIX,"2013-02-22 12:52:00",NO_IMPROPER_ACTION,RAN_STOP_SIGN+NOT_APPLICABLE_MINUS_1,,
2715890,2,ANGLE_FRONT_TO_SIDE,-112.133964029678,33.5781195550184,3,T_INTERSECTION,ANGLE_FRONT_TO_SIDE,PHOENIX,"2013-02-23 16:11:00",DROVE_RODE_IN_OPPOSING_TRAFFIC_LANE,NO_IMPROPER_ACTION,,
2715947,2,ANGLE_FRONT_TO_SIDE,-110.985944999618,32.4228664401969,3,T_INTERSECTION,ANGLE_FRONT_TO_SIDE,"ORO VALLEY","2013-04-02 14:44:00",KNOWINGLY_OPERATED_WITH_FAULTY_MISSING_EQUIPMENT,INATTENTION_DISTRACTION,,
2715950,2,ANGLE_FRONT_TO_SIDE,-110.995650831484,32.4226246154907,3,T_INTERSECTION,ANGLE_FRONT_TO_SIDE,"ORO VALLEY","2013-04-10 11:31:00",NO_IMPROPER_ACTION,OTHER_97,,
2715987,2,ANGLE_FRONT_TO_SIDE,-110.943867936968,32.2454630654516,1,T_INTERSECTION,ANGLE_FRONT_TO_SIDE,TUCSON,"2013-04-12 14:20:00",NO_IMPROPER_ACTION,MADE_IMPROPER_TURN,,
2716156,2,ANGLE_FRONT_TO_SIDE,-112.075024293475,33.4803809300967,3,FOUR_WAY_INTERSECTION,ANGLE_FRONT_TO_SIDE,PHOENIX,"2013-04-25 08:38:00",FAILED_TO_YIELD_RIGHT_OF_WAY_103,NO_IMPROPER_ACTION,,
2716159,2,ANGLE_FRONT_TO_SIDE,-112.073906764486,33.5678675534571,4,FOUR_WAY_INTERSECTION,ANGLE_FRONT_TO_SIDE,PHOENIX,"2013-04-25 07:18:00",SPEED_TOO_FAST_FOR_CONDITIONS,NOT_APPLICABLE_MINUS_1+NOT_APPLICABLE_MINUS_1+NO_IMPROPER_ACTION+NOT_APPLICABLE_MINUS_1,,
2716504,2,LEFT_TURN,-112.328646831459,33.4735182919367,2,UNKNOWN_99,LEFT_TURN,AVONDALE,"2013-04-23 07:35:00",NO_IMPROPER_ACTION,NOT_APPLICABLE_MINUS_1+INATTENTION_DISTRACTION+NOT_APPLICABLE_MINUS_1,,
2716546,2,ANGLE_FRONT_TO_SIDE,-110.965650144721,32.2372259551147,2,FOUR_WAY_INTERSECTION,ANGLE_FRONT_TO_SIDE,TUCSON,"2013-04-04 22:55:00",INATTENTION_DISTRACTION,INATTENTION_DISTRACTION,,
2716720,2,OTHER_97,-111.740025965903,32.8795841310714,1,FOUR_WAY_INTERSECTION,OTHER_97,"CASA GRANDE","2013-04-17 18:33:00",UNKNOWN_99,UNKNOWN_99,,
2716786,2,ANGLE_FRONT_TO_SIDE,-110.952515559325,32.2498586278871,3,FOUR_WAY_INTERSECTION,ANGLE_FRONT_TO_SIDE,TUCSON,"2013-04-09 15:26:00",NO_IMPROPER_ACTION,INATTENTION_DISTRACTION+NOT_APPLICABLE_MINUS_1,,
2716878,2,OTHER_97,-110.815357652038,32.2209893118724,3,FOUR_WAY_INTERSECTION,OTHER_97,TUCSON,"2013-04-15 10:50:00",NO_IMPROPER_ACTION,FAILED_TO_YIELD_RIGHT_OF_WAY_103,,
2716895,2,ANGLE_FRONT_TO_SIDE,-110.786234847758,32.2354240634738,3,FOUR_WAY_INTERSECTION,ANGLE_FRONT_TO_SIDE,TUCSON,"2013-04-05 18:35:00",NO_IMPROPER_ACTION,FAILED_TO_YIELD_RIGHT_OF_WAY_103,,
2716917,2,SIDESWIPE_SAME_DIRECTION,-110.893007384893,32.2362000589378,3,NOT_AT_INTERSECTION_0,SIDESWIPE_SAME_DIRECTION,TUCSON,"2013-04-06 17:48:00",NO_IMPROPER_ACTION,NO_IMPROPER_ACTION,,
2716958,2,OTHER_97,-111.805323627021,33.4079167454695,3,FOUR_WAY_INTERSECTION,OTHER_97,MESA,"2013-04-22 16:40:00",NO_IMPROPER_ACTION,NOT_APPLICABLE_MINUS_1+NOT_APPLICABLE_MINUS_1+OTHER_97,,
2716972,2,ANGLE_FRONT_TO_SIDE,-111.823036340102,33.4223675004687,2,UNKNOWN_99,ANGLE_FRONT_TO_SIDE,MESA,"2013-04-15 12:40:00",NO_IMPROPER_ACTION,OTHER_97,,
2717118,2,ANGLE_FRONT_TO_SIDE,-111.685062301538,33.3839314245208,3,FOUR_WAY_INTERSECTION,ANGLE_FRONT_TO_SIDE,MESA,"2013-04-05 22:35:00",DISREGARDED_TRAFFIC_SIGNAL,NO_IMPROPER_ACTION,,
2717160,2,OTHER_97,-111.865815859213,33.3979692301929,1,NOT_AT_INTERSECTION_0,OTHER_97,MESA,"2013-03-22 10:38:00",NO_IMPROPER_ACTION,NO_IMPROPER_ACTION,,
2717224,2,OTHER_97,-111.613532405952,35.2107302400554,2,T_INTERSECTION,OTHER_97,FLAGSTAFF,"2013-04-18 21:53:00",NO_IMPROPER_ACTION,UNKNOWN_99,,
2717248,2,ANGLE_FRONT_TO_SIDE,-111.856590947826,33.4149111185627,1,FOUR_WAY_INTERSECTION,ANGLE_FRONT_TO_SIDE,MESA,"2013-03-26 18:31:00",DROVE_RODE_IN_OPPOSING_TRAFFIC_LANE,NO_IMPROPER_ACTION,,
2717269,2,ANGLE_FRONT_TO_SIDE,-111.72773952796,33.4083340687717,3,T_INTERSECTION,ANGLE_FRONT_TO_SIDE,MESA,"2013-03-25 16:05:00",NO_IMPROPER_ACTION,MADE_IMPROPER_TURN,,
2717322,2,ANGLE_FRONT_TO_SIDE,-110.936469434772,32.2360508047053,4,NOT_AT_INTERSECTION_0,ANGLE_FRONT_TO_SIDE,TUCSON,"2013-04-01 16:30:00",NO_IMPROPER_ACTION,MADE_IMPROPER_TURN,,
2717344,2,OTHER_97,-110.977519051678,32.1603288261373,3,NOT_AT_INTERSECTION_0,OTHER_97,TUCSON,"2013-04-02 11:28:00",MADE_IMPROPER_TURN,UNKNOWN_99,,
2717358,2,ANGLE_FRONT_TO_SIDE,-110.85488976719,32.2210279704154,3,T_INTERSECTION,ANGLE_FRONT_TO_SIDE,TUCSON,"2013-04-02 15:30:00",NO_IMPROPER_ACTION,FAILED_TO_YIELD_RIGHT_OF_WAY_103,,
2717403,2,SIDESWIPE_SAME_DIRECTION,-110.978220086517,32.2791009901418,2,NOT_AT_INTERSECTION_0,SIDESWIPE_SAME_DIRECTION,TUCSON,"2013-04-03 12:41:00",UNKNOWN_99,NO_IMPROPER_ACTION,,
2717477,2,OTHER_97,-112.291601816176,33.647411846311,1,FOUR_WAY_INTERSECTION,OTHER_97,UNSPECIFIED_999,"2013-03-25 18:00:00",NO_IMPROPER_ACTION,INATTENTION_DISTRACTION,,
2718097,2,OTHER_97,-112.108092001732,33.8500170122937,1,FOUR_WAY_INTERSECTION,OTHER_97,UNSPECIFIED_999,"2013-03-14 08:33:00",NO_IMPROPER_ACTION,SPEED_TOO_FAST_FOR_CONDITIONS,,
2718137,2,REAR_END,-111.930450177116,33.4930779880725,3,UNKNOWN_99,REAR_END,SCOTTSDALE,"2013-03-06 12:35:00",NO_IMPROPER_ACTION,FAILED_TO_KEEP_IN_PROPER_LANE,,
2718143,2,OTHER_97,-111.926271422729,33.4086957406056,2,NOT_REPORTED_255,OTHER_97,TEMPE,"2013-04-25 12:54:00",OTHER_97,NO_IMPROPER_ACTION,138,0.00126270642091878
2718162,2,OTHER_97,-111.894262577514,33.4293615638366,2,NOT_AT_INTERSECTION_0,OTHER_97,TEMPE,"2013-04-25 09:18:00",OTHER_97,NO_IMPROPER_ACTION,,
2718177,2,SIDESWIPE_OPPOSITE_DIRECTION,-111.922380117476,33.4615480380684,1,UNKNOWN_99,SIDESWIPE_OPPOSITE_DIRECTION,SCOTTSDALE,"2013-02-26 06:52:00",NO_IMPROPER_ACTION,DROVE_RODE_IN_OPPOSING_TRAFFIC_LANE,,
2718179,2,ANGLE_FRONT_TO_SIDE,-111.905389949709,33.4220305075942,4,T_INTERSECTION,ANGLE_FRONT_TO_SIDE,TEMPE,"2013-04-17 12:30:00",OTHER_97,NO_IMPROPER_ACTION,,
2718182,2,LEFT_TURN,-112.281247841092,33.4657456666348,3,NOT_AT_INTERSECTION_0,LEFT_TURN,AVONDALE,"2013-04-27 15:00:00",NO_IMPROPER_ACTION,FAILED_TO_YIELD_RIGHT_OF_WAY_103,,
2718197,2,ANGLE_FRONT_TO_SIDE,-111.901555202644,33.4147680847056,4,T_INTERSECTION,ANGLE_FRONT_TO_SIDE,TEMPE,"2013-04-19 16:22:00",DISREGARDED_TRAFFIC_SIGNAL,NO_IMPROPER_ACTION,,
2718210,2,LEFT_TURN,-111.952205611437,33.4232481660495,2,T_INTERSECTION,LEFT_TURN,TEMPE,"2013-04-17 17:46:00",NO_IMPROPER_ACTION,NOT_APPLICABLE_MINUS_1+NOT_APPLICABLE_MINUS_1+FAILED_TO_YIELD_RIGHT_OF_WAY_103,121,0.00140318162529542
2718216,2,OTHER_97,-111.975461031268,33.3781990293922,2,NOT_AT_INTERSECTION_0,OTHER_97,TEMPE,"2013-04-17 16:54:00",NO_IMPROPER_ACTION,OTHER_97,,
2718326,3,LEFT_TURN,-111.772837454237,33.3065970098762,1,FOUR_WAY_INTERSECTION,LEFT_TURN,GILBERT,"2013-04-30 20:24:00",NO_IMPROPER_ACTION+NO_IMPROPER_ACTION,OTHER_97+NOT_APPLICABLE_MINUS_1+NOT_APPLICABLE_MINUS_1,,
2718391,2,ANGLE_FRONT_TO_SIDE,-112.082673541547,33.6568239352242,3,T_INTERSECTION,ANGLE_FRONT_TO_SIDE,PHOENIX,"2013-04-30 07:52:00",OTHER_97,OTHER_97,,
2718558,2,ANGLE_FRONT_TO_SIDE,0,0,1,T_INTERSECTION,ANGLE_FRONT_TO_SIDE,BUCKEYE,"2013-04-24 10:18:00",OTHER_97,UNKNOWN_99+NOT_APPLICABLE_MINUS_1,,
2718575,2,ANGLE_FRONT_TO_SIDE,-111.894734122914,33.3784496292022,3,NOT_AT_INTERSECTION_0,ANGLE_FRONT_TO_SIDE,TEMPE,"2013-04-29 08:29:00",OTHER_97,NO_IMPROPER_ACTION,,
2718594,2,LEFT_TURN,-111.909095968611,33.417475950328,3,FOUR_WAY_INTERSECTION,LEFT_TURN,TEMPE,"2013-04-30 06:49:00",NO_IMPROPER_ACTION,FAILED_TO_YIELD_RIGHT_OF_WAY_103,,
2718604,2,ANGLE_FRONT_TO_SIDE,-111.922517607074,33.3674060319104,2,NOT_REPORTED_255,ANGLE_FRONT_TO_SIDE,TEMPE,"2013-04-24 07:33:00",NO_IMPROPER_ACTION,NOT_APPLICABLE_MINUS_1+SPEED_TOO_FAST_FOR_CONDITIONS,,
2718609,2,SIDESWIPE_SAME_DIRECTION,0,0,2,T_INTERSECTION,SIDESWIPE_SAME_DIRECTION,"SAN LUIS","2013-03-28 10:25:00",NO_IMPROPER_ACTION,FAILED_TO_YIELD_RIGHT_OF_WAY_103,,
2718820,2,ANGLE_FRONT_TO_SIDE,-111.012068883615,32.294355862781,3,FOUR_WAY_INTERSECTION,ANGLE_FRONT_TO_SIDE,UNSPECIFIED_999,"2013-04-16 15:11:00",DISREGARDED_TRAFFIC_SIGNAL,NO_IMPROPER_ACTION,,