IncidentID,num_vehicles_involved,eCollisionManner,Longitude,Latitude,InjurySeverity,eIntersectionType,eCollisionManner,city_name,IncidentDateTime,cyclist_citations,driver_citations,nearest_count_site,distance_to_nearest_count_site
2735816,2,ANGLE_FRONT_TO_SIDE,-110.909213715133,32.1631330590445,3,FOUR_WAY_INTERSECTION,ANGLE_FRONT_TO_SIDE,UNSPECIFIED_999,"2013-06-14 05:44:00",NO_IMPROPER_ACTION,FAILED_TO_YIELD_RIGHT_OF_WAY_103,,
2735857,2,ANGLE_FRONT_TO_SIDE,-112.263850126296,33.5085410505181,2,FOUR_WAY_INTERSECTION,ANGLE_FRONT_TO_SIDE,UNSPECIFIED_999,"2013-05-09 22:17:00",DISREGARDED_TRAFFIC_SIGNAL,NO_IMPROPER_ACTION,,
2735872,2,ANGLE_FRONT_TO_SIDE,-112.16024645903,33.5530993524399,3,FOUR_WAY_INTERSECTION,ANGLE_FRONT_TO_SIDE,GLENDALE,"2013-05-01 07:20:00",NO_IMPROPER_ACTION,FAILED_TO_YIELD_RIGHT_OF_WAY_103,,
2735920,2,ANGLE_FRONT_TO_SIDE,-112.177382360396,33.5385394898918,1,FOUR_WAY_INTERSECTION,ANGLE_FRONT_TO_SIDE,GLENDALE,"2013-04-29 15:24:00",FAILED_TO_YIELD_RIGHT_OF_WAY_103,NO_IMPROPER_ACTION,,
2735938,2,ANGLE_FRONT_TO_SIDE,-112.195174104091,33.638569824696,2,T_INTERSECTION,ANGLE_FRONT_TO_SIDE,GLENDALE,"2013-04-26 10:28:00",INATTENTION_DISTRACTION,INATTENTION_DISTRACTION,,
2735996,2,ANGLE_FRONT_TO_SIDE,-112.185838332959,33.6107584870465,3,FOUR_WAY_INTERSECTION,ANGLE_FRONT_TO_SIDE,GLENDALE,"2013-05-21 11:14:00",FAILED_TO_YIELD_RIGHT_OF_WAY_103,NOT_APPLICABLE_MINUS_1+NO_IMPROPER_ACTION,,
2736010,2,UNKNOWN_99,-112.186047018876,33.5891398358988,2,FOUR_WAY_INTERSECTION,UNKNOWN_99,GLENDALE,"2013-05-06 08:41:00",NO_IMPROPER_ACTION,INATTENTION_DISTRACTION,,
2736016,2,ANGLE_FRONT_TO_SIDE,-112.195016188512,33.5239571468791,3,FOUR_WAY_INTERSECTION,ANGLE_FRONT_TO_SIDE,GLENDALE,"2013-05-02 13:40:00",UNKNOWN_99,UNKNOWN_99,,
2736087,2,ANGLE_FRONT_TO_SIDE,-112.203098706881,33.5310789054339,1,FOUR_WAY_INTERSECTION,ANGLE_FRONT_TO_SIDE,GLENDALE,"2013-05-12 06:28:00",NO_IMPROPER_ACTION,FAILED_TO_YIELD_RIGHT_OF_WAY_103,,
2736110,2,HEAD_ON,-112.199324757014,33.5383840876766,1,UNKNOWN_99,HEAD_ON,GLENDALE,"2013-05-13 18:00:00",INATTENTION_DISTRACTION,NO_IMPROPER_ACTION+NOT_APPLICABLE_MINUS_1+NOT_APPLICABLE_MINUS_1,,
2736124,2,ANGLE_FRONT_TO_SIDE,-112.22459300312,33.6381977536984,3,FOUR_WAY_INTERSECTION,ANGLE_FRONT_TO_SIDE,GLENDALE,"2013-05-17 21:28:00",DISREGARDED_TRAFFIC_SIGNAL,NO_IMPROPER_ACTION,,
2736183,2,LEFT_TURN,-112.147738719629,33.5870352927683,3,NOT_AT_INTERSECTION_0,LEFT_TURN,PHOENIX,"2013-03-17 17:37:00",INATTENTION_DISTRACTION,NO_IMPROPER_ACTION,,
2736199,2,OTHER_97,-112.190277893033,33.5421881735731,2,FOUR_WAY_INTERSECTION,OTHER_97,GLENDALE,"2013-05-23 00:42:00",NO_IMPROPER_ACTION,UNKNOWN_99,,
2736200,2,ANGLE_FRONT_TO_SIDE,0,0,1,T_INTERSECTION,ANGLE_FRONT_TO_SIDE,"SIERRA VISTA","2013-06-07 12:14:00",NO_IMPROPER_ACTION,FAILED_TO_YIELD_RIGHT_OF_WAY_103,,
2736243,2,ANGLE_FRONT_TO_SIDE,-112.133786738111,33.6106987406474,2,FOUR_WAY_INTERSECTION,ANGLE_FRONT_TO_SIDE,PHOENIX,"2013-06-28 06:21:00",UNKNOWN_99,UNKNOWN_99,,
2736317,2,REAR_END,-110.973044685821,32.1995325754631,3,FOUR_WAY_INTERSECTION,REAR_END,"SOUTH TUCSON","2013-06-23 22:02:00",NO_IMPROPER_ACTION,INATTENTION_DISTRACTION,,
2736323,2,ANGLE_FRONT_TO_SIDE,-111.939593298264,33.3929278595834,3,FOUR_WAY_INTERSECTION,ANGLE_FRONT_TO_SIDE,TEMPE,"2013-06-18 22:19:00",DISREGARDED_TRAFFIC_SIGNAL,NO_IMPROPER_ACTION,144,0.000124872550982518
2736345,2,ANGLE_FRONT_TO_SIDE,-111.99436773554,33.7265375180126,2,FOUR_WAY_INTERSECTION,ANGLE_FRONT_TO_SIDE,PHOENIX,"2013-03-23 09:38:00",UNKNOWN_99,NOT_APPLICABLE_MINUS_1+FAILED_TO_YIELD_RIGHT_OF_WAY_103,,
2736349,2,ANGLE_FRONT_TO_SIDE,-112.093372981475,33.5860000934144,2,UNKNOWN_99,ANGLE_FRONT_TO_SIDE,PHOENIX,"2013-03-24 14:35:00",FAILED_TO_YIELD_RIGHT_OF_WAY_103,NO_IMPROPER_ACTION,,
2736424,2,ANGLE_FRONT_TO_SIDE,-111.646470253501,35.2060357047006,2,FOUR_WAY_INTERSECTION,ANGLE_FRONT_TO_SIDE,FLAGSTAFF,"2013-06-20 13:08:00",DISREGARDED_TRAFFIC_SIGNAL,NO_IMPROPER_ACTION,,
2736435,2,ANGLE_FRONT_TO_SIDE,-111.938617911868,33.3782099149675,3,UNKNOWN_99,ANGLE_FRONT_TO_SIDE,TEMPE,"2013-06-12 06:45:00",NO_IMPROPER_ACTION,FAILED_TO_YIELD_RIGHT_OF_WAY_103,147,0.000683084907136771
2736457,2,ANGLE_FRONT_TO_SIDE,-111.962101918145,33.3491094895628,2,UNKNOWN_99,ANGLE_FRONT_TO_SIDE,TEMPE,"2013-06-19 15:33:00",INATTENTION_DISTRACTION,NOT_APPLICABLE_MINUS_1+NO_IMPROPER_ACTION,,
2736494,2,UNKNOWN_99,0,0,1,UNKNOWN_99,UNKNOWN_99,UNSPECIFIED_999,"2013-04-06 22:51:00",NO_IMPROPER_ACTION,UNKNOWN_99,,
2736507,2,ANGLE_FRONT_TO_SIDE,-112.342729155955,34.5830520001233,1,FOUR_WAY_INTERSECTION,ANGLE_FRONT_TO_SIDE,"PRESCOTT VALLEY","2013-06-06 14:33:00",UNKNOWN_99,UNKNOWN_99,,
2736511,2,ANGLE_FRONT_TO_SIDE,-111.915234767058,33.4075011097851,2,UNKNOWN_99,ANGLE_FRONT_TO_SIDE,TEMPE,"2013-06-17 10:33:00",OTHER_97,NO_IMPROPER_ACTION,,
2736821,2,ANGLE_FRONT_TO_SIDE,-112.202832928559,33.5811544431056,2,FOUR_WAY_INTERSECTION,ANGLE_FRONT_TO_SIDE,GLENDALE,"2013-05-17 21:54:00",OTHER_97,UNKNOWN_99,,
2736867,2,ANGLE_FRONT_TO_SIDE,-111.734647947281,32.8795874148736,2,T_INTERSECTION,ANGLE_FRONT_TO_SIDE,"CASA GRANDE","2013-06-30 15:09:00",NO_IMPROPER_ACTION,NO_IMPROPER_ACTION,,
2736910,2,SIDESWIPE_SAME_DIRECTION,-110.891966619682,32.3083890160827,2,FOUR_WAY_INTERSECTION,SIDESWIPE_SAME_DIRECTION,UNSPECIFIED_999,"2013-06-19 09:41:00",NO_IMPROPER_ACTION,FAILED_TO_YIELD_RIGHT_OF_WAY_103,,
2736998,2,OTHER_97,-110.974813471984,32.320668017109,3,NOT_AT_INTERSECTION_0,OTHER_97,UNSPECIFIED_999,"2013-07-05 11:52:00",NO_IMPROPER_ACTION,INATTENTION_DISTRACTION,,
2737060,2,OTHER_97,-111.563392927354,33.4223517603264,4,FOUR_WAY_INTERSECTION,OTHER_97,"APACHE JUNCTION","2013-06-19 20:16:00",DROVE_RODE_IN_OPPOSING_TRAFFIC_LANE,NO_IMPROPER_ACTION,,
2737123,2,OTHER_97,-112.018161767694,33.6405787367362,2,T_INTERSECTION,OTHER_97,PHOENIX,"2013-04-17 18:25:00",NO_IMPROPER_ACTION,OTHER_97,,
2737128,2,LEFT_TURN,-112.082261956955,33.5093568733143,1,FOUR_WAY_INTERSECTION,LEFT_TURN,PHOENIX,"2013-03-20 21:05:00",DISREGARDED_TRAFFIC_SIGNAL,NO_IMPROPER_ACTION,,
2737171,2,ANGLE_FRONT_TO_SIDE,-111.969569019036,33.480020972081,3,FOUR_WAY_INTERSECTION,ANGLE_FRONT_TO_SIDE,PHOENIX,"2013-04-25 16:59:00",NO_IMPROPER_ACTION,INATTENTION_DISTRACTION,,
2737197,2,ANGLE_FRONT_TO_SIDE,-112.05892144831,33.4599286889124,3,FOUR_WAY_INTERSECTION,ANGLE_FRONT_TO_SIDE,PHOENIX,"2013-04-24 06:58:00",NO_IMPROPER_ACTION,OTHER_97,,
2737206,2,OTHER_97,-112.083536031847,33.4513929520831,1,NOT_REPORTED_255,OTHER_97,PHOENIX,"2013-04-23 09:27:00",UNKNOWN_99,UNKNOWN_99+NOT_APPLICABLE_MINUS_1,,
2737248,2,ANGLE_FRONT_TO_SIDE,-112.056239150145,33.5175754997695,3,UNKNOWN_99,ANGLE_FRONT_TO_SIDE,PHOENIX,"2013-04-12 19:44:00",NO_IMPROPER_ACTION,FAILED_TO_YIELD_RIGHT_OF_WAY_103,,
2737257,2,ANGLE_FRONT_TO_SIDE,-112.077954638881,33.568535937952,3,UNKNOWN_99,ANGLE_FRONT_TO_SIDE,PHOENIX,"2013-04-12 18:28:00",OTHER_97,NO_IMPROPER_ACTION,,
2737305,2,ANGLE_FRONT_TO_SIDE,-111.995806381707,33.3203442999474,3,UNKNOWN_99,ANGLE_FRONT_TO_SIDE,PHOENIX,"2013-04-24 17:13:00",OTHER_97,NO_IMPROPER_ACTION+NOT_APPLICABLE_MINUS_1,,
2737324,2,HEAD_ON,-112.134521631407,33.4224173884896,2,T_INTERSECTION,HEAD_ON,PHOENIX,"2013-04-21 09:50:00",OTHER_97,NO_IMPROPER_ACTION,,
2737330,2,ANGLE_FRONT_TO_SIDE,-111.980283074722,33.6405765431104,2,FOUR_WAY_INTERSECTION,ANGLE_FRONT_TO_SIDE,PHOENIX,"2013-03-20 14:41:00",UNKNOWN_99,UNKNOWN_99,,
2737332,2,HEAD_ON,-112.099127837121,33.3779240340691,3,FOUR_WAY_INTERSECTION,HEAD_ON,PHOENIX,"2013-04-20 17:59:00",DID_NOT_USE_CROSSWALK,NO_IMPROPER_ACTION,,
2737369,2,ANGLE_FRONT_TO_SIDE,-112.046933330968,33.4947015210676,3,UNKNOWN_99,ANGLE_FRONT_TO_SIDE,PHOENIX,"2013-04-16 15:09:00",OTHER_97,NOT_APPLICABLE_MINUS_1+NOT_APPLICABLE_MINUS_1+OTHER_97,,
2737396,2,ANGLE_FRONT_TO_SIDE,-112.139636762213,33.4663589569508,3,UNKNOWN_99,ANGLE_FRONT_TO_SIDE,PHOENIX,"2013-04-25 08:29:00",INATTENTION_DISTRACTION,NO_IMPROPER_ACTION+NOT_APPLICABLE_MINUS_1,,
2737403,2,SIDESWIPE_SAME_DIRECTION,-111.950251248215,33.5969350783378,2,NOT_AT_INTERSECTION_0,SIDESWIPE_SAME_DIRECTION,SCOTTSDALE,"2013-04-26 17:13:00",NO_IMPROPER_ACTION,OTHER_97,,
2737613,2,OTHER_97,-112.115970654472,33.6253281116944,1,FOUR_WAY_INTERSECTION,OTHER_97,PHOENIX,"2013-07-08 10:23:00",DISREGARDED_TRAFFIC_SIGNAL,NO_IMPROPER_ACTION,,
2737857,2,ANGLE_FRONT_TO_SIDE,-111.778443321823,33.429958253956,3,UNKNOWN_99,ANGLE_FRONT_TO_SIDE,MESA,"2013-05-16 08:01:00",NO_IMPROPER_ACTION,NOT_APPLICABLE_MINUS_1+NO_IMPROPER_ACTION,,
2737999,2,ANGLE_FRONT_TO_SIDE,-111.635930104224,33.3646503454808,3,FOUR_WAY_INTERSECTION,ANGLE_FRONT_TO_SIDE,MESA,"2013-05-07 06:06:00",NO_IMPROPER_ACTION,NO_IMPROPER_ACTION,,
2738011,2,ANGLE_FRONT_TO_SIDE,-111.88305171258,33.4148139222806,2,FOUR_WAY_INTERSECTION,ANGLE_FRONT_TO_SIDE,MESA,"2013-05-28 19:06:00",OTHER_97,NO_IMPROPER_ACTION,,
2738024,2,SIDESWIPE_SAME_DIRECTION,-111.81353684495,33.3933527790299,3,FOUR_WAY_INTERSECTION,SIDESWIPE_SAME_DIRECTION,MESA,"2013-05-21 16:03:00",OTHER_97,OTHER_UNSAFE_PASSING,,
2738045,2,ANGLE_FRONT_TO_SIDE,-111.796193117654,33.4298239472685,3,FOUR_WAY_INTERSECTION,ANGLE_FRONT_TO_SIDE,MESA,"2013-05-22 07:14:00",DROVE_RODE_IN_OPPOSING_TRAFFIC_LANE,NO_IMPROPER_ACTION,,
2738158,2,ANGLE_FRONT_TO_SIDE,-111.848539560699,33.3990081810926,3,FOUR_WAY_INTERSECTION,ANGLE_FRONT_TO_SIDE,MESA,"2013-05-23 11:55:00",OTHER_97,OTHER_97,,
2738162,2,SIDESWIPE_SAME_DIRECTION,-111.840060193769,33.3932610936504,3,FOUR_WAY_INTERSECTION,SIDESWIPE_SAME_DIRECTION,MESA,"2013-05-22 14:22:00",NO_IMPROPER_ACTION,OTHER_97+NOT_APPLICABLE_MINUS_1,,
2738194,2,ANGLE_FRONT_TO_SIDE,-111.835224357055,33.4060352681052,2,UNKNOWN_99,ANGLE_FRONT_TO_SIDE,MESA,"2013-05-11 19:19:00",INATTENTION_DISTRACTION,NO_IMPROPER_ACTION+NOT_APPLICABLE_MINUS_1,,
2738365,2,ANGLE_FRONT_TO_SIDE,-112.345393236656,33.4498531598664,1,FOUR_WAY_INTERSECTION,ANGLE_FRONT_TO_SIDE,AVONDALE,"2013-07-03 11:37:00",INATTENTION_DISTRACTION,INATTENTION_DISTRACTION,,
2738621,2,ANGLE_FRONT_TO_SIDE,-111.846160095606,33.4222878416215,1,FOUR_WAY_INTERSECTION,ANGLE_FRONT_TO_SIDE,MESA,"2013-05-03 15:35:00",NO_IMPROPER_ACTION,NO_IMPROPER_ACTION,,
2738723,2,ANGLE_FRONT_TO_SIDE,-111.820483226903,33.4077865062701,2,FOUR_WAY_INTERSECTION,ANGLE_FRONT_TO_SIDE,MESA,"2013-06-21 15:40:00",DROVE_RODE_IN_OPPOSING_TRAFFIC_LANE,NOT_APPLICABLE_MINUS_1+NO_IMPROPER_ACTION,,
2738737,2,ANGLE_FRONT_TO_SIDE,-111.754444823225,33.3936938439216,3,UNKNOWN_99,ANGLE_FRONT_TO_SIDE,MESA,"2013-06-01 17:53:00",OTHER_97,NO_IMPROPER_ACTION,,
2738903,2,OTHER_97,-112.255670835853,33.5087799281449,2,FOUR_WAY_INTERSECTION,OTHER_97,GLENDALE,"2013-05-21 08:42:00",INATTENTION_DISTRACTION,NO_IMPROPER_ACTION,,
2738955,2,UNKNOWN_99,-110.909093043814,32.2506197011977,2,UNKNOWN_99,UNKNOWN_99,TUCSON,"2013-06-18 15:10:00",NO_IMPROPER_ACTION,FAILED_TO_YIELD_RIGHT_OF_WAY_103,,
2738964,2,ANGLE_FRONT_TO_SIDE,-110.890552175494,32.2506514637065,3,FOUR_WAY_INTERSECTION,ANGLE_FRONT_TO_SIDE,TUCSON,"2013-06-13 12:35:00",DROVE_RODE_IN_OPPOSING_TRAFFIC_LANE,NO_IMPROPER_ACTION,,
2738977,2,OTHER_97,-110.909593713688,32.2215619536171,4,FOUR_WAY_INTERSECTION,OTHER_97,TUCSON,"2013-06-27 06:49:00",NO_IMPROPER_ACTION,FAILED_TO_YIELD_RIGHT_OF_WAY_103,,
2739028,2,SIDESWIPE_SAME_DIRECTION,-110.892620887002,32.2533702446618,2,FOUR_WAY_INTERSECTION,SIDESWIPE_SAME_DIRECTION,TUCSON,"2013-06-14 10:24:00",UNKNOWN_99,UNKNOWN_99,,
2739046,2,ANGLE_FRONT_TO_SIDE,-110.875096885063,32.2025019646538,3,FOUR_WAY_INTERSECTION,ANGLE_FRONT_TO_SIDE,TUCSON,"2013-06-14 08:22:00",UNKNOWN_99,NO_IMPROPER_ACTION,,
2739131,2,LEFT_TURN,-111.799343082344,33.60000518199,4,T_INTERSECTION,LEFT_TURN,SCOTTSDALE,"2013-04-13 08:48:00",NO_IMPROPER_ACTION,OTHER_97,,
2739133,2,OTHER_97,-110.875408275304,32.2466683624054,4,T_INTERSECTION,OTHER_97,TUCSON,"2013-06-25 20:10:00",NO_IMPROPER_ACTION,FAILED_TO_YIELD_RIGHT_OF_WAY_103,,
2739244,2,OTHER_97,-110.978240090197,32.2828229288281,1,FOUR_WAY_INTERSECTION,OTHER_97,TUCSON,"2013-06-20 14:57:00",NO_IMPROPER_ACTION,NO_IMPROPER_ACTION,,
2739323,2,ANGLE_FRONT_TO_SIDE,-112.151828583276,33.6409625428997,2,NOT_AT_INTERSECTION_0,ANGLE_FRONT_TO_SIDE,PHOENIX,"2013-07-18 10:45:00",OTHER_97,FAILED_TO_YIELD_RIGHT_OF_WAY_103,,
2739327,2,LEFT_TURN,-112.065582984698,33.6548372953191,2,FOUR_WAY_INTERSECTION,LEFT_TURN,PHOENIX,"2013-06-08 06:18:00",NO_IMPROPER_ACTION,NOT_APPLICABLE_MINUS_1+FAILED_TO_YIELD_RIGHT_OF_WAY_103,,
2739537,2,ANGLE_FRONT_TO_SIDE,-112.117260578667,33.6677428087589,3,NOT_AT_INTERSECTION_0,ANGLE_FRONT_TO_SIDE,PHOENIX,"2013-04-28 19:54:00",DISREGARDED_TRAFFIC_SIGNAL,NOT_APPLICABLE_MINUS_1+NO_IMPROPER_ACTION+NOT_APPLICABLE_MINUS_1,,
2739594,3,HEAD_ON,-111.972369695623,33.465581488872,3,UNKNOWN_99,HEAD_ON,PHOENIX,"2013-04-01 19:51:00",KNOWINGLY_OPERATED_WITH_FAULTY_MISSING_EQUIPMENT+KNOWINGLY_OPERATED_WITH_FAULTY_MISSING_EQUIPMENT,NO_IMPROPER_ACTION,,
2739654,2,ANGLE_FRONT_TO_SIDE,-112.162304292065,33.4659718586781,2,T_INTERSECTION,ANGLE_FRONT_TO_SIDE,PHOENIX,"2013-04-18 18:03:00",FAILED_TO_YIELD_RIGHT_OF_WAY_103,NO_IMPROPER_ACTION,,
2739734,2,OTHER_97,-112.045816865435,33.4067860138934,2,UNKNOWN_99,OTHER_97,PHOENIX,"2013-04-25 21:56:00",DROVE_RODE_IN_OPPOSING_TRAFFIC_LANE,NO_IMPROPER_ACTION,,
2739740,2,OTHER_97,-112.112731069311,33.5422289889509,4,UNKNOWN_99,OTHER_97,PHOENIX,"2013-04-25 17:31:00",UNKNOWN_99,UNKNOWN_99,,
2739793,2,ANGLE_FRONT_TO_SIDE,-112.05628564598,33.5378809785377,3,UNKNOWN_99,ANGLE_FRONT_TO_SIDE,PHOENIX,"2013-04-30 07:17:00",NO_IMPROPER_ACTION,FAILED_TO_YIELD_RIGHT_OF_WAY_103,,
2739822,2,ANGLE_FRONT_TO_SIDE,-112.030191475942,33.4803018057421,2,FOUR_WAY_INTERSECTION,ANGLE_FRONT_TO_SIDE,PHOENIX,"2013-07-10 08:46:00",NO_IMPROPER_ACTION,UNKNOWN_99,,
2739913,2,OTHER_97,-110.943928965514,32.2215109148232,5,FOUR_WAY_INTERSECTION,OTHER_97,TUCSON,"2013-07-03 17:32:00",INATTENTION_DISTRACTION,NO_IMPROPER_ACTION,,
2739980,2,OTHER_97,-110.985677907566,32.2865155631143,4,UNKNOWN_99,OTHER_97,TUCSON,"2013-07-02 12:51:00",DROVE_RODE_IN_OPPOSING_TRAFFIC_LANE,NO_IMPROPER_ACTION,,
2740008,2,OTHER_97,-110.960988691114,32.264812964072,1,FOUR_WAY_INTERSECTION,OTHER_97,TUCSON,"2013-07-14 17:10:00",DISREGARDED_TRAFFIC_SIGNAL,NO_IMPROPER_ACTION,,
2740035,2,ANGLE_FRONT_TO_SIDE,-110.968473341011,32.2048084081075,2,UNKNOWN_99,ANGLE_FRONT_TO_SIDE,TUCSON,"2013-07-06 17:21:00",DID_NOT_USE_CROSSWALK,NOT_APPLICABLE_MINUS_1+NOT_APPLICABLE_MINUS_1+NOT_APPLICABLE_MINUS_1+NO_IMPROPER_ACTION+NOT_APPLICABLE_MINUS_1,,
2740073,2,ANGLE_FRONT_TO_SIDE,-111.967367563642,33.3783366858666,1,FOUR_WAY_INTERSECTION,ANGLE_FRONT_TO_SIDE,TEMPE,"2013-06-17 18:54:00",NO_IMPROPER_ACTION,NO_IMPROPER_ACTION,,
2740081,2,OTHER_97,-110.972030658235,32.2647558419813,2,FOUR_WAY_INTERSECTION,OTHER_97,TUCSON,"2013-07-07 20:33:00",FAILED_TO_KEEP_IN_PROPER_LANE,NOT_APPLICABLE_MINUS_1+FAILED_TO_YIELD_RIGHT_OF_WAY_103,,
2740100,2,ANGLE_FRONT_TO_SIDE,-110.996650656806,32.1778759842128,4,UNKNOWN_99,ANGLE_FRONT_TO_SIDE,TUCSON,"2013-07-08 20:12:00",OTHER_UNSAFE_PASSING,NO_IMPROPER_ACTION,,
2740128,2,ANGLE_FRONT_TO_SIDE,-111.939615237009,33.394518078452,3,UNKNOWN_99,ANGLE_FRONT_TO_SIDE,TEMPE,"2013-06-19 17:39:00",NO_IMPROPER_ACTION,FAILED_TO_YIELD_RIGHT_OF_WAY_103,144,0.00167611377654198
2740151,2,LEFT_TURN,-110.961768758016,32.1195376500121,3,UNKNOWN_99,LEFT_TURN,TUCSON,"2013-07-09 18:45:00",NO_IMPROPER_ACTION,FAILED_TO_YIELD_RIGHT_OF_WAY_103,,
2740158,2,ANGLE_FRONT_TO_SIDE,-111.945973544138,33.3780744469986,2,NOT_AT_INTERSECTION_0,ANGLE_FRONT_TO_SIDE,TEMPE,"2013-07-01 10:40:00",OTHER_97,NO_IMPROPER_ACTION,126,0.000538290390467893
2740175,2,HEAD_ON,-111.929247258329,33.3637487008459,2,T_INTERSECTION,HEAD_ON,TEMPE,"2013-06-21 12:54:00",OTHER_97,NO_IMPROPER_ACTION,,
2740206,2,ANGLE_FRONT_TO_SIDE,-111.912650027104,33.4585288568882,2,FOUR_WAY_INTERSECTION,ANGLE_FRONT_TO_SIDE,SCOTTSDALE,"2013-05-01 12:22:00",NO_IMPROPER_ACTION,INATTENTION_DISTRACTION,,
2740254,2,ANGLE_FRONT_TO_SIDE,-111.646470253501,35.2060357047006,3,FOUR_WAY_INTERSECTION,ANGLE_FRONT_TO_SIDE,FLAGSTAFF,"2013-05-20 08:01:00",NO_IMPROPER_ACTION,INATTENTION_DISTRACTION,,
2740456,2,OTHER_97,-112.257904491945,33.5663050872058,2,NOT_AT_INTERSECTION_0,OTHER_97,PEORIA,"2013-07-18 10:03:00",DROVE_RODE_IN_OPPOSING_TRAFFIC_LANE,DISREGARDED_TRAFFIC_SIGNAL,,
2740544,2,ANGLE_FRONT_TO_SIDE,-111.876439644162,33.3404727138052,1,T_INTERSECTION,ANGLE_FRONT_TO_SIDE,CHANDLER,"2013-03-12 14:18:00",OTHER_97,NOT_APPLICABLE_MINUS_1+SPEED_TOO_FAST_FOR_CONDITIONS+NOT_APPLICABLE_MINUS_1+NOT_APPLICABLE_MINUS_1,,
2740564,2,ANGLE_FRONT_TO_SIDE,-111.564880994924,33.1605536394744,3,FOUR_WAY_INTERSECTION,ANGLE_FRONT_TO_SIDE,UNSPECIFIED_999,"2013-06-05 16:40:00",NO_IMPROPER_ACTION,FAILED_TO_YIELD_RIGHT_OF_WAY_103,,
2740577,2,UNKNOWN_99,-111.841778433596,33.3451753691931,3,T_INTERSECTION,UNKNOWN_99,CHANDLER,"2013-03-14 23:34:00",NO_IMPROPER_ACTION,RAN_STOP_SIGN,,
2740656,2,OTHER_97,-111.841615986202,33.2951924837344,3,UNKNOWN_99,OTHER_97,CHANDLER,"2013-03-16 11:17:00",NO_IMPROPER_ACTION,OTHER_97,,
2740823,2,ANGLE_FRONT_TO_SIDE,-111.841479845604,33.311600584881,3,FOUR_WAY_INTERSECTION,ANGLE_FRONT_TO_SIDE,CHANDLER,"2013-03-21 17:05:00",UNKNOWN_99,UNKNOWN_99,,
2740857,2,REAR_END,-111.941977921957,33.3053658706672,3,UNKNOWN_99,REAR_END,CHANDLER,"2013-03-23 12:13:00",NO_IMPROPER_ACTION,INATTENTION_DISTRACTION,,
2740948,2,LEFT_TURN,-111.859090008504,33.3097075116978,3,FOUR_WAY_INTERSECTION,LEFT_TURN,CHANDLER,"2013-03-09 20:03:00",MADE_IMPROPER_TURN,NO_IMPROPER_ACTION,,
2740975,2,REAR_END,-112.224375589041,33.6350782487385,3,UNKNOWN_99,REAR_END,PEORIA,"2013-06-23 00:10:00",NO_IMPROPER_ACTION,FAILED_TO_KEEP_IN_PROPER_LANE,,
2741008,2,ANGLE_FRONT_TO_SIDE,-111.840073762043,33.3061632941698,3,T_INTERSECTION,ANGLE_FRONT_TO_SIDE,CHANDLER,"2013-03-08 11:30:00",UNKNOWN_99,UNKNOWN_99,,
2741025,2,ANGLE_FRONT_TO_SIDE,-111.87625892503,33.2942836933067,1,FOUR_WAY_INTERSECTION,ANGLE_FRONT_TO_SIDE,CHANDLER,"2013-03-23 08:39:00",NO_IMPROPER_ACTION,NOT_APPLICABLE_MINUS_1+OTHER_97,,
2741045,2,OTHER_97,-111.815306669813,33.2371398583125,2,UNKNOWN_99,OTHER_97,CHANDLER,"2013-03-27 08:53:00",OTHER_97,NO_IMPROPER_ACTION,,
2741059,2,ANGLE_FRONT_TO_SIDE,-111.859075305178,33.3346723908719,1,UNKNOWN_99,ANGLE_FRONT_TO_SIDE,CHANDLER,"2013-03-13 15:59:00",DROVE_RODE_IN_OPPOSING_TRAFFIC_LANE,INATTENTION_DISTRACTION,,
2741102,2,SIDESWIPE_OPPOSITE_DIRECTION,-111.876377069296,33.3182543563043,1,T_INTERSECTION,SIDESWIPE_OPPOSITE_DIRECTION,CHANDLER,"2013-04-03 16:23:00",INATTENTION_DISTRACTION,NO_IMPROPER_ACTION,,
2741110,2,ANGLE_FRONT_TO_SIDE,-111.832965148683,33.2916386314,2,FOUR_WAY_INTERSECTION,ANGLE_FRONT_TO_SIDE,CHANDLER,"2013-03-18 13:17:00",OTHER_97,OTHER_97,,
2741114,2,UNKNOWN_99,-111.928613791632,33.3054387459964,3,UNKNOWN_99,UNKNOWN_99,CHANDLER,"2013-03-18 17:18:00",INATTENTION_DISTRACTION,INATTENTION_DISTRACTION,,
2741125,2,ANGLE_FRONT_TO_SIDE,-111.841696990257,33.3306865504545,1,UNKNOWN_99,ANGLE_FRONT_TO_SIDE,CHANDLER,"2013-03-13 14:41:00",OTHER_97,INATTENTION_DISTRACTION,,
2741139,2,SIDESWIPE_SAME_DIRECTION,-111.796700835682,33.3064389845086,4,UNKNOWN_99,SIDESWIPE_SAME_DIRECTION,CHANDLER,"2013-04-02 11:17:00",NO_IMPROPER_ACTION,FAILED_TO_KEEP_IN_PROPER_LANE+NOT_APPLICABLE_MINUS_1,,
2741391,2,ANGLE_FRONT_TO_SIDE,-112.131289722636,33.6108224390825,4,NOT_AT_INTERSECTION_0,ANGLE_FRONT_TO_SIDE,PHOENIX,"2013-07-18 11:34:00",NO_IMPROPER_ACTION,NO_IMPROPER_ACTION,,