IncidentID,num_vehicles_involved,eCollisionManner,Longitude,Latitude,InjurySeverity,eIntersectionType,eCollisionManner,city_name,IncidentDateTime,cyclist_citations,driver_citations,nearest_count_site,distance_to_nearest_count_site
2753413,2,ANGLE_FRONT_TO_SIDE,-110.282037139014,31.5596985621264,3,FOUR_WAY_INTERSECTION,ANGLE_FRONT_TO_SIDE,"SIERRA VISTA","2013-08-21 07:49:00",NO_IMPROPER_ACTION,FAILED_TO_YIELD_RIGHT_OF_WAY_103,,
2753474,2,ANGLE_FRONT_TO_SIDE,-112.09963086337,33.5749064532634,2,FOUR_WAY_INTERSECTION,ANGLE_FRONT_TO_SIDE,PHOENIX,"2013-09-04 14:47:00",DROVE_RODE_IN_OPPOSING_TRAFFIC_LANE,NO_IMPROPER_ACTION,,
2753491,2,ANGLE_FRONT_TO_SIDE,-112.116977678533,33.5530999001541,3,FOUR_WAY_INTERSECTION,ANGLE_FRONT_TO_SIDE,PHOENIX,"2013-09-05 10:38:00",UNKNOWN_99,NOT_APPLICABLE_MINUS_1+UNKNOWN_99,,
2753502,2,ANGLE_FRONT_TO_SIDE,-112.099614664019,33.5686964579062,3,NOT_AT_INTERSECTION_0,ANGLE_FRONT_TO_SIDE,PHOENIX,"2013-09-02 10:09:00",OTHER_97,NO_IMPROPER_ACTION,,
2753512,2,ANGLE_FRONT_TO_SIDE,-112.160593288946,33.6544263580725,2,NOT_AT_INTERSECTION_0,ANGLE_FRONT_TO_SIDE,PHOENIX,"2013-08-30 07:17:00",UNKNOWN_99,NO_IMPROPER_ACTION,,
2753522,2,ANGLE_FRONT_TO_SIDE,-112.020012175738,33.6403117181966,2,T_INTERSECTION,ANGLE_FRONT_TO_SIDE,PHOENIX,"2013-08-09 19:28:00",FAILED_TO_YIELD_RIGHT_OF_WAY_103,NO_IMPROPER_ACTION+NOT_APPLICABLE_MINUS_1,,
2753828,2,LEFT_TURN,-111.679002892288,35.1736685428994,4,UNKNOWN_99,LEFT_TURN,FLAGSTAFF,"2013-08-02 06:24:00",NO_IMPROPER_ACTION,INATTENTION_DISTRACTION,,
2753837,2,ANGLE_FRONT_TO_SIDE,-111.661544206683,35.1858049021188,1,T_INTERSECTION,ANGLE_FRONT_TO_SIDE,FLAGSTAFF,"2013-08-02 13:56:00",DID_NOT_USE_CROSSWALK,INATTENTION_DISTRACTION,,
2753847,2,ANGLE_FRONT_TO_SIDE,-111.7615770114,33.2931112640548,3,T_INTERSECTION,ANGLE_FRONT_TO_SIDE,GILBERT,"2013-08-20 06:30:00",NO_IMPROPER_ACTION,INATTENTION_DISTRACTION,,
2753974,2,ANGLE_FRONT_TO_SIDE,-111.908732980945,33.5166594545014,4,FOUR_WAY_INTERSECTION,ANGLE_FRONT_TO_SIDE,SCOTTSDALE,"2013-05-28 19:52:00",DISREGARDED_TRAFFIC_SIGNAL,MADE_IMPROPER_TURN,,
2753994,2,ANGLE_FRONT_TO_SIDE,-111.901708647145,33.5747972438576,1,FOUR_WAY_INTERSECTION,ANGLE_FRONT_TO_SIDE,SCOTTSDALE,"2013-05-16 14:25:00",OTHER_97,NO_IMPROPER_ACTION,,
2754056,2,OTHER_97,-111.675853195779,33.3267098711319,5,NOT_AT_INTERSECTION_0,OTHER_97,MESA,"2013-08-13 18:42:00",NO_IMPROPER_ACTION,OTHER_97,,
2754232,2,ANGLE_FRONT_TO_SIDE,-111.876641104898,33.4148425135944,3,UNKNOWN_99,ANGLE_FRONT_TO_SIDE,MESA,"2013-08-15 08:36:00",DROVE_RODE_IN_OPPOSING_TRAFFIC_LANE,NO_IMPROPER_ACTION,,
2754276,2,ANGLE_FRONT_TO_SIDE,-111.016276905431,32.3086577196979,3,FOUR_WAY_INTERSECTION,ANGLE_FRONT_TO_SIDE,UNSPECIFIED_999,"2013-08-16 08:00:00",DROVE_RODE_IN_OPPOSING_TRAFFIC_LANE,NO_IMPROPER_ACTION,,
2754320,2,ANGLE_FRONT_TO_SIDE,-111.855888826852,33.3642492706331,3,T_INTERSECTION,ANGLE_FRONT_TO_SIDE,MESA,"2013-07-12 13:51:00",NO_IMPROPER_ACTION,NO_IMPROPER_ACTION,,
2754330,2,LEFT_TURN,-110.920368611314,32.2361156543428,2,FOUR_WAY_INTERSECTION,LEFT_TURN,TUCSON,"2013-08-18 12:22:00",FAILED_TO_YIELD_RIGHT_OF_WAY_103,NO_IMPROPER_ACTION,,
2754333,2,SIDESWIPE_SAME_DIRECTION,-110.904475057715,32.2379931742351,3,T_INTERSECTION,SIDESWIPE_SAME_DIRECTION,TUCSON,"2013-08-09 15:14:00",OTHER_97,OTHER_UNSAFE_PASSING,,
2754334,2,ANGLE_FRONT_TO_SIDE,-111.900137690408,33.5275365958088,3,FOUR_WAY_INTERSECTION,ANGLE_FRONT_TO_SIDE,SCOTTSDALE,"2013-05-25 16:54:00",NO_IMPROPER_ACTION,OTHER_97,,
2754356,3,ANGLE_FRONT_TO_SIDE,-110.877780275178,32.2579163937352,2,FOUR_WAY_INTERSECTION,ANGLE_FRONT_TO_SIDE,TUCSON,"2013-08-19 14:36:00",UNKNOWN_99+UNKNOWN_99,UNKNOWN_99,,
2754366,2,OTHER_97,-111.926167331453,33.4840183281519,4,FOUR_WAY_INTERSECTION,OTHER_97,SCOTTSDALE,"2013-06-04 22:53:00",NO_IMPROPER_ACTION,INATTENTION_DISTRACTION,,
2754390,2,SIDESWIPE_SAME_DIRECTION,-110.975832025953,32.2067534678146,3,FOUR_WAY_INTERSECTION,SIDESWIPE_SAME_DIRECTION,TUCSON,"2013-08-21 16:14:00",MADE_IMPROPER_TURN,NO_IMPROPER_ACTION,,
2754396,2,REAR_END,-110.771971277658,32.1956047710864,4,FOUR_WAY_INTERSECTION,REAR_END,TUCSON,"2013-08-21 05:22:00",NO_IMPROPER_ACTION,SPEED_TOO_FAST_FOR_CONDITIONS,,
2754413,2,OTHER_97,-110.998913213027,32.1995326135533,2,FOUR_WAY_INTERSECTION,OTHER_97,TUCSON,"2013-08-21 18:44:00",UNKNOWN_99,FAILED_TO_KEEP_IN_PROPER_LANE,,
2754432,2,OTHER_97,-110.98657901128,32.2720380468372,2,FOUR_WAY_INTERSECTION,OTHER_97,TUCSON,"2013-08-22 15:10:00",OTHER_97,NO_IMPROPER_ACTION,,
2754460,2,OTHER_97,-110.90960614523,32.2070393508862,1,FOUR_WAY_INTERSECTION,OTHER_97,TUCSON,"2013-08-23 07:30:00",DID_NOT_USE_CROSSWALK,UNKNOWN_99,,
2754463,2,OTHER_97,-110.907352896899,32.2070241311984,3,UNKNOWN_99,OTHER_97,TUCSON,"2013-08-23 08:00:00",MADE_IMPROPER_TURN,UNKNOWN_99,,
2754511,2,OTHER_97,-110.952537557575,32.1779154593346,4,NOT_REPORTED_255,OTHER_97,TUCSON,"2013-08-21 09:10:00",NO_IMPROPER_ACTION,INATTENTION_DISTRACTION,,
2754557,2,HEAD_ON,-112.121511029886,33.5131840495109,3,NOT_AT_INTERSECTION_0,HEAD_ON,PHOENIX,"2013-08-31 17:30:00",DROVE_RODE_IN_OPPOSING_TRAFFIC_LANE,NO_IMPROPER_ACTION,,
2754683,2,ANGLE_FRONT_TO_SIDE,-110.965512949292,32.2212133978466,3,T_INTERSECTION,ANGLE_FRONT_TO_SIDE,TUCSON,"2013-08-12 07:33:00",RAN_STOP_SIGN,NO_IMPROPER_ACTION,,
2754690,2,ANGLE_FRONT_TO_SIDE,-110.901154960388,32.2288599773912,4,FOUR_WAY_INTERSECTION,ANGLE_FRONT_TO_SIDE,TUCSON,"2013-08-29 14:38:00",DISREGARDED_TRAFFIC_SIGNAL,NO_IMPROPER_ACTION,,
2754695,2,LEFT_TURN,-110.993306655209,32.2178845679989,1,FOUR_WAY_INTERSECTION,LEFT_TURN,TUCSON,"2013-08-29 18:34:00",NO_IMPROPER_ACTION,FAILED_TO_YIELD_RIGHT_OF_WAY_103,,
2754708,2,OTHER_97,-110.840973926432,32.2060729824645,2,NOT_AT_INTERSECTION_0,OTHER_97,TUCSON,"2013-08-30 10:42:00",NO_IMPROPER_ACTION,UNKNOWN_99,,
2754749,2,LEFT_TURN,-110.956174625285,32.2071261646534,3,FOUR_WAY_INTERSECTION,LEFT_TURN,TUCSON,"2013-08-14 17:21:00",NO_IMPROPER_ACTION,FAILED_TO_YIELD_RIGHT_OF_WAY_103+NOT_APPLICABLE_MINUS_1,,
2754761,2,ANGLE_FRONT_TO_SIDE,-111.934715861263,33.4946682560724,3,FOUR_WAY_INTERSECTION,ANGLE_FRONT_TO_SIDE,SCOTTSDALE,"2013-06-05 13:24:00",NO_IMPROPER_ACTION,INATTENTION_DISTRACTION,,
2754795,2,ANGLE_FRONT_TO_SIDE,-111.909793803209,33.6348656791221,3,T_INTERSECTION,ANGLE_FRONT_TO_SIDE,SCOTTSDALE,"2013-05-21 19:11:00",INATTENTION_DISTRACTION,INATTENTION_DISTRACTION,,
2755048,2,ANGLE_FRONT_TO_SIDE,-111.835788737628,33.5886582770273,3,FOUR_WAY_INTERSECTION,ANGLE_FRONT_TO_SIDE,SCOTTSDALE,"2013-05-08 16:56:00",DROVE_RODE_IN_OPPOSING_TRAFFIC_LANE,NO_IMPROPER_ACTION,,
2755049,2,ANGLE_FRONT_TO_SIDE,-111.685055499076,33.3839438685914,3,FOUR_WAY_INTERSECTION,ANGLE_FRONT_TO_SIDE,MESA,"2013-08-22 15:04:00",DISREGARDED_TRAFFIC_SIGNAL,INATTENTION_DISTRACTION,,
2755068,2,ANGLE_FRONT_TO_SIDE,-111.861225637785,33.429402836577,3,FOUR_WAY_INTERSECTION,ANGLE_FRONT_TO_SIDE,MESA,"2013-08-20 16:06:00",DROVE_RODE_IN_OPPOSING_TRAFFIC_LANE,NO_IMPROPER_ACTION,,
2755086,2,LEFT_TURN,-112.168800455735,33.6107255544663,3,NOT_AT_INTERSECTION_0,LEFT_TURN,GLENDALE,"2013-08-09 06:34:00",NO_IMPROPER_ACTION,FAILED_TO_YIELD_RIGHT_OF_WAY_103,,
2755125,2,ANGLE_FRONT_TO_SIDE,-110.978030529627,32.2481892337318,2,UNKNOWN_99,ANGLE_FRONT_TO_SIDE,TUCSON,"2013-08-13 18:47:00",OTHER_97,NOT_APPLICABLE_MINUS_1+NO_IMPROPER_ACTION,,
2755175,2,ANGLE_FRONT_TO_SIDE,-111.874644157573,33.3869070882798,2,NOT_REPORTED_255,ANGLE_FRONT_TO_SIDE,MESA,"2013-07-19 14:50:00",NO_IMPROPER_ACTION,INATTENTION_DISTRACTION,,
2755212,2,ANGLE_FRONT_TO_SIDE,-111.861728774584,33.400789444219,1,FOUR_WAY_INTERSECTION,ANGLE_FRONT_TO_SIDE,MESA,"2013-07-20 23:19:00",OTHER_97,NO_IMPROPER_ACTION,,
2755224,2,ANGLE_FRONT_TO_SIDE,-111.684115002952,33.4516625039083,2,FOUR_WAY_INTERSECTION,ANGLE_FRONT_TO_SIDE,MESA,"2013-07-17 14:03:00",NO_IMPROPER_ACTION,DISREGARDED_TRAFFIC_SIGNAL,,
2755245,2,ANGLE_FRONT_TO_SIDE,-111.805458146947,33.3932267111754,3,FOUR_WAY_INTERSECTION,ANGLE_FRONT_TO_SIDE,MESA,"2013-07-16 14:05:00",DROVE_RODE_IN_OPPOSING_TRAFFIC_LANE,UNKNOWN_99,,
2755262,2,OTHER_97,-112.177561906409,33.6544274370819,2,FOUR_WAY_INTERSECTION,OTHER_97,GLENDALE,"2013-08-08 17:18:00",UNKNOWN_99,UNKNOWN_99,,
2755307,2,ANGLE_FRONT_TO_SIDE,-112.134210985947,33.5531117321545,2,FOUR_WAY_INTERSECTION,ANGLE_FRONT_TO_SIDE,PHOENIX,"2013-09-11 06:34:00",DROVE_RODE_IN_OPPOSING_TRAFFIC_LANE,NO_IMPROPER_ACTION,,
2755449,2,ANGLE_FRONT_TO_SIDE,-111.978423741111,33.4473743351973,2,FOUR_WAY_INTERSECTION,ANGLE_FRONT_TO_SIDE,PHOENIX,"2013-06-27 06:08:00",UNKNOWN_99,FAILED_TO_YIELD_RIGHT_OF_WAY_103,,
2755455,2,SIDESWIPE_SAME_DIRECTION,-112.073784748997,33.4816417194405,3,NOT_AT_INTERSECTION_0,SIDESWIPE_SAME_DIRECTION,PHOENIX,"2013-06-28 14:18:00",NO_IMPROPER_ACTION,NOT_APPLICABLE_MINUS_1+MADE_IMPROPER_TURN,,
2755486,2,ANGLE_FRONT_TO_SIDE,-112.082471450218,33.4567164802873,2,FOUR_WAY_INTERSECTION,ANGLE_FRONT_TO_SIDE,PHOENIX,"2013-07-03 15:04:00",OTHER_97,NO_IMPROPER_ACTION+NOT_APPLICABLE_MINUS_1,,
2755563,2,ANGLE_FRONT_TO_SIDE,-112.117800161627,33.5680363320744,3,NOT_AT_INTERSECTION_0,ANGLE_FRONT_TO_SIDE,PHOENIX,"2013-07-04 17:50:00",DROVE_RODE_IN_OPPOSING_TRAFFIC_LANE,INATTENTION_DISTRACTION+NOT_APPLICABLE_MINUS_1+NOT_APPLICABLE_MINUS_1,,
2755583,2,ANGLE_FRONT_TO_SIDE,-112.072560738626,33.4482618999238,3,FOUR_WAY_INTERSECTION,ANGLE_FRONT_TO_SIDE,PHOENIX,"2013-06-26 13:46:00",DISREGARDED_TRAFFIC_SIGNAL,NO_IMPROPER_ACTION,,
2755713,2,ANGLE_FRONT_TO_SIDE,-112.168840134662,33.6539848741432,3,NOT_AT_INTERSECTION_0,ANGLE_FRONT_TO_SIDE,PHOENIX,"2013-09-11 18:09:00",DISREGARDED_TRAFFIC_SIGNAL,NO_IMPROPER_ACTION,,
2755941,2,ANGLE_FRONT_TO_SIDE,-111.839654571054,33.4514423316572,2,FOUR_WAY_INTERSECTION,ANGLE_FRONT_TO_SIDE,MESA,"2013-08-30 08:35:00",DROVE_RODE_IN_OPPOSING_TRAFFIC_LANE,NO_IMPROPER_ACTION+NOT_APPLICABLE_MINUS_1,,
2755990,2,ANGLE_FRONT_TO_SIDE,-111.78984156006,33.3389333695618,2,FOUR_WAY_INTERSECTION,ANGLE_FRONT_TO_SIDE,GILBERT,"2013-08-29 07:33:00",INATTENTION_DISTRACTION,INATTENTION_DISTRACTION,,
2755991,2,OTHER_97,-111.812975606455,33.3498080980569,3,FOUR_WAY_INTERSECTION,OTHER_97,GILBERT,"2013-08-29 07:23:00",OTHER_97,NOT_APPLICABLE_MINUS_1+MADE_IMPROPER_TURN,,
2756056,2,OTHER_97,-112.456565578107,33.4356916368359,5,NOT_AT_INTERSECTION_0,OTHER_97,GOODYEAR,"2013-08-19 08:55:00",NO_IMPROPER_ACTION,FAILED_TO_YIELD_RIGHT_OF_WAY_103,,
2756112,2,ANGLE_FRONT_TO_SIDE,-112.117094583642,33.5458598232926,2,FOUR_WAY_INTERSECTION,ANGLE_FRONT_TO_SIDE,PHOENIX,"2013-07-05 18:00:00",DROVE_RODE_IN_OPPOSING_TRAFFIC_LANE,NOT_APPLICABLE_MINUS_1+NO_IMPROPER_ACTION,,
2756132,2,ANGLE_FRONT_TO_SIDE,-111.960910217568,33.4219371910166,3,FOUR_WAY_INTERSECTION,ANGLE_FRONT_TO_SIDE,TEMPE,"2013-07-29 20:10:00",NO_IMPROPER_ACTION,NO_IMPROPER_ACTION,165,2.51716673266842e-06
2756134,2,ANGLE_FRONT_TO_SIDE,-111.909095674519,33.4208647287094,2,T_INTERSECTION,ANGLE_FRONT_TO_SIDE,TEMPE,"2013-07-27 09:08:00",DROVE_RODE_IN_OPPOSING_TRAFFIC_LANE,UNKNOWN_99,,
2756138,2,REAR_END,-111.330048080275,34.2265977160594,2,T_INTERSECTION,REAR_END,PAYSON,"2013-07-29 12:43:00",UNKNOWN_99,UNKNOWN_99,,
2756149,2,ANGLE_FRONT_TO_SIDE,-110.95676642895,32.2338053047608,1,T_INTERSECTION,ANGLE_FRONT_TO_SIDE,TUCSON,"2013-09-03 09:09:00",OTHER_97,NO_IMPROPER_ACTION,,
2756154,2,ANGLE_FRONT_TO_SIDE,-111.664530158605,35.1668616288466,1,NOT_AT_INTERSECTION_0,ANGLE_FRONT_TO_SIDE,FLAGSTAFF,"2013-06-29 11:00:00",NO_IMPROPER_ACTION,OTHER_97,,
2756240,2,ANGLE_FRONT_TO_SIDE,-112.151569857361,33.5532567494323,1,FOUR_WAY_INTERSECTION,ANGLE_FRONT_TO_SIDE,PHOENIX,"2013-09-08 21:40:00",UNKNOWN_99,NO_IMPROPER_ACTION+NOT_APPLICABLE_MINUS_1,,
2756363,2,OTHER_97,-111.93989492618,33.4296365364716,2,FOUR_WAY_INTERSECTION,OTHER_97,TEMPE,"2013-08-20 10:39:00",NO_IMPROPER_ACTION,INATTENTION_DISTRACTION+NOT_APPLICABLE_MINUS_1,102,0.000557642622576448
2756392,2,ANGLE_FRONT_TO_SIDE,-111.785977264757,34.8629531022886,1,T_INTERSECTION,ANGLE_FRONT_TO_SIDE,SEDONA,"2013-08-29 14:00:00",UNKNOWN_99,UNKNOWN_99,,
2756441,2,LEFT_TURN,-111.93989599317,33.4147503399162,2,FOUR_WAY_INTERSECTION,LEFT_TURN,TEMPE,"2013-08-22 18:27:00",DROVE_RODE_IN_OPPOSING_TRAFFIC_LANE,NO_IMPROPER_ACTION,113,0.000143192782545578
2756450,2,ANGLE_FRONT_TO_SIDE,-111.926285646389,33.4167254991365,3,FOUR_WAY_INTERSECTION,ANGLE_FRONT_TO_SIDE,TEMPE,"2013-08-22 13:15:00",DROVE_RODE_IN_OPPOSING_TRAFFIC_LANE,NO_IMPROPER_ACTION,135,8.97896050941221e-05
2756464,2,ANGLE_FRONT_TO_SIDE,-111.924827310878,33.4220235845443,3,NOT_REPORTED_255,ANGLE_FRONT_TO_SIDE,TEMPE,"2013-08-14 13:51:00",OTHER_97,NO_IMPROPER_ACTION+NOT_APPLICABLE_MINUS_1,117,0.00147184492850063
2756466,2,ANGLE_FRONT_TO_SIDE,-111.909250046126,33.3784210480138,1,FOUR_WAY_INTERSECTION,ANGLE_FRONT_TO_SIDE,TEMPE,"2013-07-01 21:48:00",NO_IMPROPER_ACTION,UNKNOWN_99,,
2756469,2,ANGLE_FRONT_TO_SIDE,-111.930657363155,33.4147214933161,3,FOUR_WAY_INTERSECTION,ANGLE_FRONT_TO_SIDE,TEMPE,"2013-08-08 07:01:00",UNKNOWN_99,NOT_APPLICABLE_MINUS_1+NOT_APPLICABLE_MINUS_1+NOT_APPLICABLE_MINUS_1+UNKNOWN_99+NOT_APPLICABLE_MINUS_1,153,7.27868560078002e-05
2756505,2,ANGLE_FRONT_TO_SIDE,-110.952117864715,32.4028050228067,4,FOUR_WAY_INTERSECTION,ANGLE_FRONT_TO_SIDE,"ORO VALLEY","2013-09-08 08:55:00",DISREGARDED_TRAFFIC_SIGNAL,NO_IMPROPER_ACTION,,
2756515,2,LEFT_TURN,-111.899581541017,33.3683306393866,3,T_INTERSECTION,LEFT_TURN,TEMPE,"2013-08-09 21:43:00",NO_IMPROPER_ACTION,OTHER_97,,
2756535,2,OTHER_97,-111.926299401469,33.4220271589329,3,T_INTERSECTION,OTHER_97,TEMPE,"2013-08-17 19:56:00",OTHER_97,UNKNOWN_99,117,1.78455835590085e-05
2756536,2,UNKNOWN_99,-111.917735026732,33.3930604089215,3,UNKNOWN_99,UNKNOWN_99,TEMPE,"2013-08-08 11:34:00",OTHER_97,NO_IMPROPER_ACTION,164,0.0030919841993878
2756551,2,LEFT_TURN,-111.958468266876,33.4001339454254,3,UNKNOWN_99,LEFT_TURN,TEMPE,"2013-08-08 07:08:00",NO_IMPROPER_ACTION,MADE_IMPROPER_TURN,,
2756571,2,ANGLE_FRONT_TO_SIDE,-111.943109233901,33.4376953998979,3,FOUR_WAY_INTERSECTION,ANGLE_FRONT_TO_SIDE,TEMPE,"2013-09-03 08:59:00",DROVE_RODE_IN_OPPOSING_TRAFFIC_LANE,NO_IMPROPER_ACTION,101,0.000188931624216827
2756574,2,ANGLE_FRONT_TO_SIDE,-111.960700111822,33.4146810860675,2,UNKNOWN_99,ANGLE_FRONT_TO_SIDE,TEMPE,"2013-07-31 15:59:00",OTHER_97,NO_IMPROPER_ACTION,,
2756586,2,ANGLE_FRONT_TO_SIDE,-111.920582269943,33.3793569818332,3,T_INTERSECTION,ANGLE_FRONT_TO_SIDE,TEMPE,"2013-08-23 18:32:00",NO_IMPROPER_ACTION,FAILED_TO_YIELD_RIGHT_OF_WAY_103,,
2756799,2,OTHER_97,-111.618714398906,33.2415406862934,1,FOUR_WAY_INTERSECTION,OTHER_97,"QUEEN CREEK","2013-08-27 08:03:00",FAILED_TO_YIELD_RIGHT_OF_WAY_103,NO_IMPROPER_ACTION,,
2756841,2,UNKNOWN_99,-111.68770700844,33.3678132381321,2,T_INTERSECTION,UNKNOWN_99,GILBERT,"2013-08-29 17:20:00",NO_IMPROPER_ACTION,UNKNOWN_99,,
2756889,2,ANGLE_FRONT_TO_SIDE,-111.858424088753,33.2162872734659,2,FOUR_WAY_INTERSECTION,ANGLE_FRONT_TO_SIDE,UNSPECIFIED_999,"2013-09-01 10:19:00",NO_IMPROPER_ACTION,INATTENTION_DISTRACTION,,
2756904,2,OTHER_97,-111.955636506666,33.3345592952643,4,NOT_AT_INTERSECTION_0,OTHER_97,TEMPE,"2013-08-29 07:58:00",NO_IMPROPER_ACTION,OTHER_97,,
2756949,2,ANGLE_FRONT_TO_SIDE,-111.917483491517,33.4949064165036,1,FOUR_WAY_INTERSECTION,ANGLE_FRONT_TO_SIDE,SCOTTSDALE,"2013-06-01 20:01:00",DROVE_RODE_IN_OPPOSING_TRAFFIC_LANE,NO_IMPROPER_ACTION+NOT_APPLICABLE_MINUS_1,,
2757005,2,ANGLE_FRONT_TO_SIDE,-111.926170992901,33.4220253940917,2,FOUR_WAY_INTERSECTION,ANGLE_FRONT_TO_SIDE,TEMPE,"2013-08-13 07:31:00",FAILED_TO_YIELD_RIGHT_OF_WAY_103,NO_IMPROPER_ACTION,117,0.000129499841826106
2757136,2,ANGLE_FRONT_TO_SIDE,-111.923538773216,33.4101405024455,2,T_INTERSECTION,ANGLE_FRONT_TO_SIDE,TEMPE,"2013-09-09 07:50:00",FAILED_TO_YIELD_RIGHT_OF_WAY_103,NO_IMPROPER_ACTION,138,0.00371690397584241
2757151,2,ANGLE_FRONT_TO_SIDE,-111.935706813321,33.4219496815711,2,NOT_AT_INTERSECTION_0,ANGLE_FRONT_TO_SIDE,TEMPE,"2013-09-05 10:31:00",OTHER_97,NO_IMPROPER_ACTION,151,0.000799073191705304
2757159,2,ANGLE_FRONT_TO_SIDE,-111.926272628603,33.4071391893568,1,NOT_AT_INTERSECTION_0,ANGLE_FRONT_TO_SIDE,TEMPE,"2013-09-09 08:51:00",NO_IMPROPER_ACTION,OTHER_97,138,0.000352158058952408
2757161,2,ANGLE_FRONT_TO_SIDE,-111.926343785335,33.4581193524321,3,NOT_AT_INTERSECTION_0,ANGLE_FRONT_TO_SIDE,TEMPE,"2013-09-02 14:58:00",FAILED_TO_YIELD_RIGHT_OF_WAY_103,NOT_APPLICABLE_MINUS_1+NO_IMPROPER_ACTION,,
2757180,2,ANGLE_FRONT_TO_SIDE,-111.918331618598,33.4220160969888,2,NOT_REPORTED_255,ANGLE_FRONT_TO_SIDE,TEMPE,"2013-09-03 14:11:00",NO_IMPROPER_ACTION,FAILED_TO_YIELD_RIGHT_OF_WAY_103+NOT_APPLICABLE_MINUS_1,116,0.000483222547381158
2757186,2,ANGLE_FRONT_TO_SIDE,-111.944251400333,33.4218783046467,4,FOUR_WAY_INTERSECTION,ANGLE_FRONT_TO_SIDE,TEMPE,"2013-09-09 17:38:00",FAILED_TO_YIELD_RIGHT_OF_WAY_103,NO_IMPROPER_ACTION,163,2.14358202968042e-05
2757244,2,HEAD_ON,-111.943876320531,33.3782149043716,3,T_INTERSECTION,HEAD_ON,TEMPE,"2013-08-20 19:49:00",DISREGARDED_TRAFFIC_SIGNAL,NO_IMPROPER_ACTION,126,0.0015925376634195
2757275,2,ANGLE_FRONT_TO_SIDE,-111.93989599317,33.4147503399162,3,FOUR_WAY_INTERSECTION,ANGLE_FRONT_TO_SIDE,TEMPE,"2013-09-09 14:52:00",DISREGARDED_TRAFFIC_SIGNAL,NO_IMPROPER_ACTION+NOT_APPLICABLE_MINUS_1,113,0.000143192782545578
2757281,2,ANGLE_FRONT_TO_SIDE,-111.925368742164,33.4128740803819,3,UNKNOWN_99,ANGLE_FRONT_TO_SIDE,TEMPE,"2013-08-30 17:25:00",OTHER_97,NO_IMPROPER_ACTION,136,0.000829767574193754
2757300,2,LEFT_TURN,-111.896765440932,33.392982747335,3,UNKNOWN_99,LEFT_TURN,TEMPE,"2013-08-27 07:19:00",NO_IMPROPER_ACTION,FAILED_TO_YIELD_RIGHT_OF_WAY_103,149,0.00406510949441352
2757302,2,ANGLE_FRONT_TO_SIDE,-111.939932618602,33.417592194331,2,T_INTERSECTION,ANGLE_FRONT_TO_SIDE,TEMPE,"2013-08-27 15:58:00",DISREGARDED_TRAFFIC_SIGNAL,NO_IMPROPER_ACTION,111,0.00135938850549891
2757319,2,ANGLE_FRONT_TO_SIDE,-111.912180436551,33.4074971536587,2,NOT_AT_INTERSECTION_0,ANGLE_FRONT_TO_SIDE,TEMPE,"2013-07-29 10:27:00",OTHER_97,NO_IMPROPER_ACTION,159,0.00307410603670328
2757362,2,ANGLE_FRONT_TO_SIDE,-112.22028786433,33.5770421863189,1,T_INTERSECTION,ANGLE_FRONT_TO_SIDE,PEORIA,"2013-09-10 17:36:00",OTHER_97,NOT_APPLICABLE_MINUS_1+NO_IMPROPER_ACTION,,
2757395,2,ANGLE_FRONT_TO_SIDE,-111.612325471262,35.2067116122052,1,UNKNOWN_99,ANGLE_FRONT_TO_SIDE,FLAGSTAFF,"2013-08-26 23:00:00",DROVE_RODE_IN_OPPOSING_TRAFFIC_LANE,NO_IMPROPER_ACTION,,
2757449,2,ANGLE_FRONT_TO_SIDE,-111.661097430341,35.1835094483973,3,UNKNOWN_99,ANGLE_FRONT_TO_SIDE,FLAGSTAFF,"2013-08-27 21:42:00",DROVE_RODE_IN_OPPOSING_TRAFFIC_LANE,NO_IMPROPER_ACTION+NOT_APPLICABLE_MINUS_1,,
2757464,2,ANGLE_FRONT_TO_SIDE,-111.616963856853,35.2162092565838,3,FOUR_WAY_INTERSECTION,ANGLE_FRONT_TO_SIDE,FLAGSTAFF,"2013-08-26 16:41:00",RAN_STOP_SIGN,NO_IMPROPER_ACTION,,
2757475,2,SIDESWIPE_SAME_DIRECTION,0,0,4,FOUR_WAY_INTERSECTION,SIDESWIPE_SAME_DIRECTION,PEORIA,"2013-09-04 07:02:00",NO_IMPROPER_ACTION,MADE_IMPROPER_TURN,,
2757514,2,SIDESWIPE_SAME_DIRECTION,-112.363248115159,33.5513129523641,2,UNKNOWN_99,SIDESWIPE_SAME_DIRECTION,UNSPECIFIED_999,"2013-07-29 07:48:00",NO_IMPROPER_ACTION,UNKNOWN_99,,
2757540,2,ANGLE_FRONT_TO_SIDE,-112.1082266649,33.5386110532532,1,T_INTERSECTION,ANGLE_FRONT_TO_SIDE,PHOENIX,"2013-09-13 08:07:00",FAILED_TO_YIELD_RIGHT_OF_WAY_103,NO_IMPROPER_ACTION,,
2757655,2,ANGLE_FRONT_TO_SIDE,-111.908795806027,33.5093977004798,2,FOUR_WAY_INTERSECTION,ANGLE_FRONT_TO_SIDE,SCOTTSDALE,"2013-06-24 09:49:00",NO_IMPROPER_ACTION,INATTENTION_DISTRACTION,,