IncidentID,num_vehicles_involved,eCollisionManner,Longitude,Latitude,InjurySeverity,eIntersectionType,eCollisionManner,city_name,IncidentDateTime,cyclist_citations,driver_citations,nearest_count_site,distance_to_nearest_count_site
2768355,2,OTHER_97,-111.900485451761,33.4221034327683,5,FOUR_WAY_INTERSECTION,OTHER_97,TEMPE,"2013-10-03 22:24:00",OTHER_97,NOT_APPLICABLE_MINUS_1+NO_IMPROPER_ACTION+NOT_APPLICABLE_MINUS_1,,
2768361,2,LEFT_TURN,-111.915205028182,33.4220036763606,2,NOT_AT_INTERSECTION_0,LEFT_TURN,TEMPE,"2013-09-25 18:00:00",NO_IMPROPER_ACTION,FAILED_TO_YIELD_RIGHT_OF_WAY_103,116,0.00271420405469006
2768370,2,OTHER_97,-111.945881072214,33.3634005772232,3,NOT_AT_INTERSECTION_0,OTHER_97,TEMPE,"2013-10-04 18:58:00",SPEED_TOO_FAST_FOR_CONDITIONS,NOT_APPLICABLE_MINUS_1+NOT_APPLICABLE_MINUS_1+NOT_APPLICABLE_MINUS_1+NO_IMPROPER_ACTION,148,0.00014640469237801
2768371,2,ANGLE_FRONT_TO_SIDE,-111.909052003836,33.4290689611681,4,FOUR_WAY_INTERSECTION,ANGLE_FRONT_TO_SIDE,TEMPE,"2013-10-04 20:27:00",UNKNOWN_99,UNKNOWN_99,104,0.000171752978023515
2768391,2,LEFT_TURN,-111.940007018881,33.4254993133096,1,FOUR_WAY_INTERSECTION,LEFT_TURN,TEMPE,"2013-09-27 21:37:00",KNOWINGLY_OPERATED_WITH_FAULTY_MISSING_EQUIPMENT,NOT_APPLICABLE_MINUS_1+NOT_APPLICABLE_MINUS_1+NOT_APPLICABLE_MINUS_1+FAILED_TO_YIELD_RIGHT_OF_WAY_103,106,0.000214992535815935
2768399,2,ANGLE_FRONT_TO_SIDE,-111.910803125881,33.4219844209903,2,NOT_AT_INTERSECTION_0,ANGLE_FRONT_TO_SIDE,TEMPE,"2013-10-02 13:21:00",OTHER_97,NO_IMPROPER_ACTION,,
2768402,2,ANGLE_FRONT_TO_SIDE,-111.924073425187,33.422022243665,3,NOT_REPORTED_255,ANGLE_FRONT_TO_SIDE,TEMPE,"2013-09-27 08:32:00",OTHER_97,NO_IMPROPER_ACTION,117,0.00222569115086232
2768434,2,REAR_END,-110.977962954958,32.2405177283784,1,T_INTERSECTION,REAR_END,TUCSON,"2013-10-11 17:35:00",NO_IMPROPER_ACTION,FAILED_TO_KEEP_IN_PROPER_LANE+NOT_APPLICABLE_MINUS_1,,
2768452,2,ANGLE_FRONT_TO_SIDE,-110.943938958206,32.2360683944431,2,FOUR_WAY_INTERSECTION,ANGLE_FRONT_TO_SIDE,TUCSON,"2013-10-15 22:19:00",DROVE_RODE_IN_OPPOSING_TRAFFIC_LANE,NO_IMPROPER_ACTION,,
2768566,2,OTHER_97,-110.837106568653,32.1919332936411,5,FOUR_WAY_INTERSECTION,OTHER_97,TUCSON,"2013-10-05 18:28:00",FAILED_TO_YIELD_RIGHT_OF_WAY_103,NO_IMPROPER_ACTION,,
2768591,2,OTHER_97,-112.237840936092,33.6815483580392,3,FOUR_WAY_INTERSECTION,OTHER_97,PEORIA,"2013-09-23 07:08:00",NO_IMPROPER_ACTION,INATTENTION_DISTRACTION,,
2768639,2,ANGLE_FRONT_TO_SIDE,-111.742680076888,32.8941312961085,3,T_INTERSECTION,ANGLE_FRONT_TO_SIDE,"CASA GRANDE","2013-10-06 16:04:00",FAILED_TO_YIELD_RIGHT_OF_WAY_103,NO_IMPROPER_ACTION,,
2768701,2,ANGLE_FRONT_TO_SIDE,-111.748637913724,32.8868551364663,3,FOUR_WAY_INTERSECTION,ANGLE_FRONT_TO_SIDE,"CASA GRANDE","2013-09-25 15:00:00",DROVE_RODE_IN_OPPOSING_TRAFFIC_LANE,NO_IMPROPER_ACTION,,
2768704,2,LEFT_TURN,-111.714207570017,32.8795999769507,2,FOUR_WAY_INTERSECTION,LEFT_TURN,"CASA GRANDE","2013-09-19 19:27:00",NO_IMPROPER_ACTION,FAILED_TO_YIELD_RIGHT_OF_WAY_103,,
2768720,2,ANGLE_FRONT_TO_SIDE,-112.134392563795,33.5618135682805,4,FOUR_WAY_INTERSECTION,ANGLE_FRONT_TO_SIDE,PHOENIX,"2013-10-23 06:57:00",FAILED_TO_YIELD_RIGHT_OF_WAY_103,NO_IMPROPER_ACTION,,
2768730,2,ANGLE_FRONT_TO_SIDE,-112.142370114565,33.6264693475174,3,NOT_AT_INTERSECTION_0,ANGLE_FRONT_TO_SIDE,PHOENIX,"2013-10-18 07:59:00",DROVE_RODE_IN_OPPOSING_TRAFFIC_LANE,NO_IMPROPER_ACTION,,
2768749,2,ANGLE_FRONT_TO_SIDE,-112.030876276891,33.6559879805086,2,NOT_AT_INTERSECTION_0,ANGLE_FRONT_TO_SIDE,PHOENIX,"2013-10-18 13:21:00",NO_IMPROPER_ACTION,FAILED_TO_YIELD_RIGHT_OF_WAY_103,,
2768759,3,SIDESWIPE_SAME_DIRECTION,-112.039565254845,33.6404492255765,3,NOT_AT_INTERSECTION_0,SIDESWIPE_SAME_DIRECTION,PHOENIX,"2013-10-06 02:30:00",NO_IMPROPER_ACTION,EXCEEDED_LAWFUL_SPEED+OTHER_97,,
2768829,2,OTHER_97,-111.651961433918,35.1942422312092,1,FOUR_WAY_INTERSECTION,OTHER_97,FLAGSTAFF,"2013-10-15 16:57:00",NO_IMPROPER_ACTION,UNSAFE_LANE_CHANGE,,
2768844,2,ANGLE_FRONT_TO_SIDE,-111.863689944231,33.6127322865409,3,UNKNOWN_99,ANGLE_FRONT_TO_SIDE,SCOTTSDALE,"2013-07-25 18:39:00",DROVE_RODE_IN_OPPOSING_TRAFFIC_LANE,NO_IMPROPER_ACTION,,
2768879,2,OTHER_97,-110.943938584072,32.250972092372,4,FOUR_WAY_INTERSECTION,OTHER_97,TUCSON,"2013-10-07 13:01:00",NO_IMPROPER_ACTION,FAILED_TO_YIELD_RIGHT_OF_WAY_103,,
2768881,2,ANGLE_FRONT_TO_SIDE,-112.211910206167,33.4801368531371,1,FOUR_WAY_INTERSECTION,ANGLE_FRONT_TO_SIDE,PHOENIX,"2013-08-18 19:07:00",FAILED_TO_KEEP_IN_PROPER_LANE,NO_IMPROPER_ACTION+NOT_APPLICABLE_MINUS_1,,
2768883,2,ANGLE_FRONT_TO_SIDE,-110.961096550585,32.2866195216385,3,FOUR_WAY_INTERSECTION,ANGLE_FRONT_TO_SIDE,TUCSON,"2013-10-07 09:47:00",NO_IMPROPER_ACTION,INATTENTION_DISTRACTION,,
2768941,2,ANGLE_FRONT_TO_SIDE,-112.073696005979,33.442187385379,2,NOT_REPORTED_255,ANGLE_FRONT_TO_SIDE,PHOENIX,"2013-08-20 13:31:00",NO_IMPROPER_ACTION,INATTENTION_DISTRACTION,,
2768948,2,ANGLE_FRONT_TO_SIDE,-110.823800399449,32.223998258308,3,T_INTERSECTION,ANGLE_FRONT_TO_SIDE,TUCSON,"2013-09-29 08:39:00",OTHER_97,NO_IMPROPER_ACTION,,
2768971,2,SIDESWIPE_SAME_DIRECTION,-111.926156465079,33.5018458154601,2,NOT_AT_INTERSECTION_0,SIDESWIPE_SAME_DIRECTION,SCOTTSDALE,"2013-07-25 03:15:00",NO_IMPROPER_ACTION,UNKNOWN_99,,
2768974,2,ANGLE_FRONT_TO_SIDE,-112.012992803564,33.4958610559622,2,NOT_AT_INTERSECTION_0,ANGLE_FRONT_TO_SIDE,PHOENIX,"2013-08-19 14:41:00",DROVE_RODE_IN_OPPOSING_TRAFFIC_LANE,NO_IMPROPER_ACTION,,
2769146,2,OTHER_97,-112.05632589153,33.4948354689822,2,NOT_REPORTED_255,OTHER_97,PHOENIX,"2013-10-18 20:03:00",OTHER_97,NO_IMPROPER_ACTION,,
2769241,2,ANGLE_FRONT_TO_SIDE,-110.909717138932,32.2508193336214,4,T_INTERSECTION,ANGLE_FRONT_TO_SIDE,TUCSON,"2013-10-02 18:07:00",FAILED_TO_YIELD_RIGHT_OF_WAY_103,UNKNOWN_99,,
2769246,2,ANGLE_FRONT_TO_SIDE,-110.96408150436,32.2316561534455,2,FOUR_WAY_INTERSECTION,ANGLE_FRONT_TO_SIDE,TUCSON,"2013-10-02 20:26:00",NO_IMPROPER_ACTION,INATTENTION_DISTRACTION,,
2769274,3,LEFT_TURN,-110.972501038646,32.2289953138604,3,FOUR_WAY_INTERSECTION,LEFT_TURN,TUCSON,"2013-10-03 16:28:00",RAN_STOP_SIGN+RAN_STOP_SIGN,NO_IMPROPER_ACTION,,
2769283,2,LEFT_TURN,-110.814541686863,32.1918623365074,2,T_INTERSECTION,LEFT_TURN,TUCSON,"2013-10-03 17:25:00",NO_IMPROPER_ACTION,FAILED_TO_YIELD_RIGHT_OF_WAY_103,,
2769287,3,OTHER_97,-110.823336307308,32.2355883912691,3,NOT_REPORTED_255,OTHER_97,TUCSON,"2013-10-03 18:02:00",OTHER_97+OTHER_97,NO_IMPROPER_ACTION,,
2769303,2,ANGLE_FRONT_TO_SIDE,-111.714890577672,33.3502481712075,3,FOUR_WAY_INTERSECTION,ANGLE_FRONT_TO_SIDE,GILBERT,"2013-10-16 09:41:00",NO_IMPROPER_ACTION,SPEED_TOO_FAST_FOR_CONDITIONS,,
2769313,2,LEFT_TURN,-112.116384977465,33.5819559514146,2,FOUR_WAY_INTERSECTION,LEFT_TURN,PHOENIX,"2013-07-29 16:11:00",DROVE_RODE_IN_OPPOSING_TRAFFIC_LANE,NO_IMPROPER_ACTION,,
2769315,2,ANGLE_FRONT_TO_SIDE,-111.755969581466,33.3610681761389,1,FOUR_WAY_INTERSECTION,ANGLE_FRONT_TO_SIDE,GILBERT,"2013-10-17 07:05:00",OTHER_97,INATTENTION_DISTRACTION,,
2769492,2,ANGLE_FRONT_TO_SIDE,-112.07381312258,33.4482548223385,3,FOUR_WAY_INTERSECTION,ANGLE_FRONT_TO_SIDE,PHOENIX,"2013-10-25 12:24:00",DISREGARDED_TRAFFIC_SIGNAL,NO_IMPROPER_ACTION,,
2769498,2,ANGLE_FRONT_TO_SIDE,-112.162139425304,33.6107170894789,3,FOUR_WAY_INTERSECTION,ANGLE_FRONT_TO_SIDE,PHOENIX,"2013-09-27 13:34:00",NO_IMPROPER_ACTION,UNKNOWN_99,,
2769509,2,OTHER_97,-112.186385813915,33.4810743149969,2,NOT_AT_INTERSECTION_0,OTHER_97,PHOENIX,"2013-10-25 17:03:00",NO_IMPROPER_ACTION,NO_IMPROPER_ACTION,,
2769512,2,LEFT_TURN,-112.138523142807,33.509441752914,3,FOUR_WAY_INTERSECTION,LEFT_TURN,PHOENIX,"2013-10-25 15:30:00",UNKNOWN_99,NOT_APPLICABLE_MINUS_1+NOT_APPLICABLE_MINUS_1+UNKNOWN_99+NOT_APPLICABLE_MINUS_1,,
2769518,2,OTHER_97,-111.986453933977,33.4948579344593,3,NOT_AT_INTERSECTION_0,OTHER_97,PHOENIX,"2013-10-23 16:50:00",NO_IMPROPER_ACTION,NO_IMPROPER_ACTION,,
2769741,2,OTHER_97,-110.959506922185,32.4247652012799,4,FOUR_WAY_INTERSECTION,OTHER_97,"ORO VALLEY","2013-10-11 17:44:00",NO_IMPROPER_ACTION,INATTENTION_DISTRACTION,,
2769807,2,ANGLE_FRONT_TO_SIDE,-112.589858264309,33.3836634429212,3,NOT_REPORTED_255,ANGLE_FRONT_TO_SIDE,BUCKEYE,"2013-10-10 17:06:00",NO_IMPROPER_ACTION,NOT_APPLICABLE_MINUS_1+NOT_APPLICABLE_MINUS_1+INATTENTION_DISTRACTION+NOT_APPLICABLE_MINUS_1,,
2769950,2,ANGLE_FRONT_TO_SIDE,-112.151490990205,33.5819165699329,2,FOUR_WAY_INTERSECTION,ANGLE_FRONT_TO_SIDE,PHOENIX,"2013-10-25 07:32:00",OTHER_97,FAILED_TO_YIELD_RIGHT_OF_WAY_103,,
2769985,2,ANGLE_FRONT_TO_SIDE,-112.082448426297,33.5238487207163,3,FOUR_WAY_INTERSECTION,ANGLE_FRONT_TO_SIDE,PHOENIX,"2013-10-27 14:50:00",OTHER_97,NO_IMPROPER_ACTION,,
2769987,2,HEAD_ON,-111.995765531456,33.5899821629024,2,FOUR_WAY_INTERSECTION,HEAD_ON,PHOENIX,"2013-10-18 09:48:00",DROVE_RODE_IN_OPPOSING_TRAFFIC_LANE,NO_IMPROPER_ACTION,,
2770107,2,ANGLE_FRONT_TO_SIDE,-112.278798165859,33.6526030298396,2,FOUR_WAY_INTERSECTION,ANGLE_FRONT_TO_SIDE,UNSPECIFIED_999,"2013-09-16 13:24:00",UNKNOWN_99,FAILED_TO_YIELD_RIGHT_OF_WAY_103,,
2770194,2,ANGLE_FRONT_TO_SIDE,-111.834280857569,33.3642148511443,1,FOUR_WAY_INTERSECTION,ANGLE_FRONT_TO_SIDE,GILBERT,"2013-10-17 17:43:00",DROVE_RODE_IN_OPPOSING_TRAFFIC_LANE,OTHER_97,,
2770317,2,ANGLE_FRONT_TO_SIDE,-112.03701014698,33.5822343784693,3,FOUR_WAY_INTERSECTION,ANGLE_FRONT_TO_SIDE,PHOENIX,"2013-08-21 04:27:00",NO_IMPROPER_ACTION,FAILED_TO_YIELD_RIGHT_OF_WAY_103,,
2770318,2,REAR_END,-111.6198550096,33.4114508968627,3,UNKNOWN_99,REAR_END,UNSPECIFIED_999,"2013-08-26 08:58:00",NO_IMPROPER_ACTION,UNKNOWN_99,,
2770377,2,ANGLE_FRONT_TO_SIDE,-112.330801644173,34.6084859252733,3,FOUR_WAY_INTERSECTION,ANGLE_FRONT_TO_SIDE,"PRESCOTT VALLEY","2013-10-15 21:34:00",KNOWINGLY_OPERATED_WITH_FAULTY_MISSING_EQUIPMENT,NO_IMPROPER_ACTION,,
2770390,2,SIDESWIPE_SAME_DIRECTION,-112.012914377592,33.4711781398306,2,NOT_AT_INTERSECTION_0,SIDESWIPE_SAME_DIRECTION,PHOENIX,"2013-08-16 21:45:00",NO_IMPROPER_ACTION,UNSAFE_LANE_CHANGE,,
2770397,2,LEFT_TURN,-112.290162245043,33.4994444675297,3,NOT_REPORTED_255,LEFT_TURN,PHOENIX,"2013-08-16 07:35:00",NO_IMPROPER_ACTION,FAILED_TO_YIELD_RIGHT_OF_WAY_103,,
2770404,2,OTHER_97,-112.062666595127,33.3995940909161,4,NOT_AT_INTERSECTION_0,OTHER_97,PHOENIX,"2013-08-11 02:40:00",NO_IMPROPER_ACTION,FAILED_TO_KEEP_IN_PROPER_LANE,,
2770564,2,ANGLE_FRONT_TO_SIDE,-111.322815403663,34.2453022533219,3,UNKNOWN_99,ANGLE_FRONT_TO_SIDE,PAYSON,"2013-10-13 12:34:00",NO_IMPROPER_ACTION,NOT_APPLICABLE_MINUS_1+INATTENTION_DISTRACTION,,
2770586,2,OTHER_97,-111.770157222351,33.3500700728633,3,T_INTERSECTION,OTHER_97,GILBERT,"2013-10-22 14:45:00",NO_IMPROPER_ACTION,NOT_APPLICABLE_MINUS_1+INATTENTION_DISTRACTION,,
2770600,2,OTHER_97,-111.789739122078,33.3064076421812,4,FOUR_WAY_INTERSECTION,OTHER_97,UNSPECIFIED_999,"2013-10-24 21:57:00",UNKNOWN_99,UNKNOWN_99,,
2770624,2,ANGLE_FRONT_TO_SIDE,-110.916540576032,32.1914154994854,2,T_INTERSECTION,ANGLE_FRONT_TO_SIDE,UNSPECIFIED_999,"2013-09-22 16:45:00",KNOWINGLY_OPERATED_WITH_FAULTY_MISSING_EQUIPMENT,NOT_APPLICABLE_MINUS_1+NO_IMPROPER_ACTION+NOT_APPLICABLE_MINUS_1,,
2770673,2,OTHER_97,-112.308400968197,34.6040781662919,1,FOUR_WAY_INTERSECTION,OTHER_97,"PRESCOTT VALLEY","2013-10-04 20:57:00",NO_IMPROPER_ACTION,UNKNOWN_99,,
2770721,2,LEFT_TURN,-111.013047883079,32.1484112436541,1,FOUR_WAY_INTERSECTION,LEFT_TURN,UNSPECIFIED_999,"2013-10-02 10:40:00",NO_IMPROPER_ACTION,FAILED_TO_YIELD_RIGHT_OF_WAY_103,,
2770722,2,OTHER_97,-112.442937951052,33.3462709443572,2,T_INTERSECTION,OTHER_97,GOODYEAR,"2013-10-08 09:04:00",NO_IMPROPER_ACTION,FAILED_TO_YIELD_RIGHT_OF_WAY_103,,
2770751,3,OTHER_97,-110.851672647473,32.3087952632286,4,NOT_AT_INTERSECTION_0,OTHER_97,UNSPECIFIED_999,"2013-10-04 09:58:00",NO_IMPROPER_ACTION+NO_IMPROPER_ACTION,FAILED_TO_KEEP_IN_PROPER_LANE,,
2770954,2,ANGLE_FRONT_TO_SIDE,-111.720502547177,33.2364877805652,2,T_INTERSECTION,ANGLE_FRONT_TO_SIDE,GILBERT,"2013-10-19 16:13:00",DROVE_RODE_IN_OPPOSING_TRAFFIC_LANE,NO_IMPROPER_ACTION,,
2770991,2,ANGLE_FRONT_TO_SIDE,-112.013654748525,33.465740327289,2,NOT_REPORTED_255,ANGLE_FRONT_TO_SIDE,PHOENIX,"2013-08-31 16:21:00",INATTENTION_DISTRACTION,INATTENTION_DISTRACTION,,
2771071,2,LEFT_TURN,-111.978059291754,33.4808849070962,2,NOT_AT_INTERSECTION_0,LEFT_TURN,PHOENIX,"2013-07-31 21:28:00",NO_IMPROPER_ACTION,INATTENTION_DISTRACTION,,
2771107,2,ANGLE_FRONT_TO_SIDE,-112.11697646086,33.5529792742901,3,FOUR_WAY_INTERSECTION,ANGLE_FRONT_TO_SIDE,PHOENIX,"2013-07-26 16:44:00",WALKED_ON_WRONG_SIDE_OF_ROAD,NOT_APPLICABLE_MINUS_1+NO_IMPROPER_ACTION+NOT_APPLICABLE_MINUS_1,,
2771111,2,ANGLE_FRONT_TO_SIDE,-112.065003775001,33.5140535529042,3,NOT_AT_INTERSECTION_0,ANGLE_FRONT_TO_SIDE,PHOENIX,"2013-08-28 15:15:00",DROVE_RODE_IN_OPPOSING_TRAFFIC_LANE,NOT_APPLICABLE_MINUS_1+NO_IMPROPER_ACTION,,
2771130,2,SIDESWIPE_SAME_DIRECTION,-111.965252043801,33.480198782692,2,T_INTERSECTION,SIDESWIPE_SAME_DIRECTION,PHOENIX,"2013-08-09 15:18:00",INATTENTION_DISTRACTION,NO_IMPROPER_ACTION,,
2771136,2,ANGLE_FRONT_TO_SIDE,-112.169011396531,33.4764938072937,2,T_INTERSECTION,ANGLE_FRONT_TO_SIDE,PHOENIX,"2013-08-30 13:17:00",DROVE_RODE_IN_OPPOSING_TRAFFIC_LANE,NO_IMPROPER_ACTION,,
2771152,2,OTHER_97,-112.004217744947,33.4697944800989,3,UNKNOWN_99,OTHER_97,PHOENIX,"2013-08-23 19:30:00",OTHER_97,NO_IMPROPER_ACTION,,
2771159,2,ANGLE_FRONT_TO_SIDE,-112.056340155973,33.5309937681084,3,FOUR_WAY_INTERSECTION,ANGLE_FRONT_TO_SIDE,PHOENIX,"2013-08-27 07:12:00",UNKNOWN_99,NO_IMPROPER_ACTION,,
2771178,2,ANGLE_FRONT_TO_SIDE,-111.978460614412,33.4617209191754,2,T_INTERSECTION,ANGLE_FRONT_TO_SIDE,PHOENIX,"2013-08-30 13:07:00",WALKED_ON_WRONG_SIDE_OF_ROAD,NO_IMPROPER_ACTION,,
2771199,2,ANGLE_FRONT_TO_SIDE,-112.134453592795,33.4840493426974,3,FOUR_WAY_INTERSECTION,ANGLE_FRONT_TO_SIDE,PHOENIX,"2013-10-24 09:17:00",NO_IMPROPER_ACTION,UNKNOWN_99,,
2771370,2,ANGLE_FRONT_TO_SIDE,-111.719345037269,33.3936390941295,2,NOT_AT_INTERSECTION_0,ANGLE_FRONT_TO_SIDE,MESA,"2013-09-30 13:20:00",OTHER_97,OTHER_97,,
2771373,2,ANGLE_FRONT_TO_SIDE,-111.86911533657,33.4294308477146,4,T_INTERSECTION,ANGLE_FRONT_TO_SIDE,MESA,"2013-10-08 15:12:00",DISREGARDED_TRAFFIC_SIGNAL,NO_IMPROPER_ACTION+NOT_APPLICABLE_MINUS_1+NOT_APPLICABLE_MINUS_1,,
2771378,2,ANGLE_FRONT_TO_SIDE,-111.839948367146,33.4227293754144,2,UNKNOWN_99,ANGLE_FRONT_TO_SIDE,MESA,"2013-10-17 15:13:00",OTHER_97,NO_IMPROPER_ACTION,,
2771383,2,ANGLE_FRONT_TO_SIDE,-111.788327197065,33.3935728864248,4,FOUR_WAY_INTERSECTION,ANGLE_FRONT_TO_SIDE,MESA,"2013-10-23 14:53:00",OTHER_97,NO_IMPROPER_ACTION,,
2771424,2,OTHER_97,-111.865363115625,33.3641878193159,3,T_INTERSECTION,OTHER_97,MESA,"2013-09-19 07:48:00",OTHER_97,INATTENTION_DISTRACTION,,
2771461,2,ANGLE_FRONT_TO_SIDE,-111.773859132819,33.4159865384167,3,T_INTERSECTION,ANGLE_FRONT_TO_SIDE,MESA,"2013-09-17 17:48:00",OTHER_97,NO_IMPROPER_ACTION,,
2771512,2,LEFT_TURN,-112.134443391089,33.6472663860301,2,NOT_AT_INTERSECTION_0,LEFT_TURN,PHOENIX,"2013-10-30 16:52:00",NO_IMPROPER_ACTION,FAILED_TO_YIELD_RIGHT_OF_WAY_103,,
2771539,2,LEFT_TURN,-112.099703108403,33.6329153786023,2,T_INTERSECTION,LEFT_TURN,PHOENIX,"2013-10-26 17:56:00",MADE_IMPROPER_TURN,NO_IMPROPER_ACTION+NOT_APPLICABLE_MINUS_1,,
2771611,2,ANGLE_FRONT_TO_SIDE,-112.145826174154,33.5973675492104,4,T_INTERSECTION,ANGLE_FRONT_TO_SIDE,PHOENIX,"2013-10-19 11:05:00",UNKNOWN_99,UNKNOWN_99,,
2771820,2,OTHER_97,-112.300468927364,33.60569851196,3,T_INTERSECTION,OTHER_97,UNSPECIFIED_999,"2013-10-19 14:47:00",NO_IMPROPER_ACTION,INATTENTION_DISTRACTION,,
2771855,2,OTHER_97,-112.067194309526,33.5092466330381,3,T_INTERSECTION,OTHER_97,PHOENIX,"2013-08-29 16:56:00",OTHER_97,NO_IMPROPER_ACTION,,
2771856,2,ANGLE_FRONT_TO_SIDE,-112.087140148521,33.4850159725987,3,T_INTERSECTION,ANGLE_FRONT_TO_SIDE,PHOENIX,"2013-08-29 16:58:00",OTHER_97,NO_IMPROPER_ACTION,,
2771934,2,ANGLE_FRONT_TO_SIDE,-111.765470385782,33.3936570806024,1,T_INTERSECTION,ANGLE_FRONT_TO_SIDE,MESA,"2013-09-11 21:30:00",KNOWINGLY_OPERATED_WITH_FAULTY_MISSING_EQUIPMENT,INATTENTION_DISTRACTION,,
2771941,2,OTHER_97,-111.805429655501,33.3959119657855,2,NOT_AT_INTERSECTION_0,OTHER_97,MESA,"2013-09-10 18:50:00",OTHER_97,UNKNOWN_99,,
2771961,2,ANGLE_FRONT_TO_SIDE,-111.704651127423,33.363193009805,2,T_INTERSECTION,ANGLE_FRONT_TO_SIDE,GILBERT,"2013-10-25 14:40:00",FAILED_TO_KEEP_IN_PROPER_LANE,NO_IMPROPER_ACTION,,
2772201,2,ANGLE_FRONT_TO_SIDE,-112.577884248894,33.3705043618726,3,UNKNOWN_99,ANGLE_FRONT_TO_SIDE,BUCKEYE,"2013-10-02 12:22:00",DID_NOT_USE_CROSSWALK,NO_IMPROPER_ACTION,,
2772268,2,REAR_END,-110.952188861433,32.234867680238,2,NOT_AT_INTERSECTION_0,REAR_END,TUCSON,"2013-10-22 08:13:00",INATTENTION_DISTRACTION,NO_IMPROPER_ACTION,,
2772307,2,OTHER_97,-111.747583181814,32.8794928899233,2,T_INTERSECTION,OTHER_97,"CASA GRANDE","2013-10-19 19:10:00",NO_IMPROPER_ACTION,OTHER_97,,
2772325,2,LEFT_TURN,-112.323818120234,33.4494696840424,2,NOT_AT_INTERSECTION_0,LEFT_TURN,AVONDALE,"2013-10-22 17:25:00",NO_IMPROPER_ACTION,FAILED_TO_YIELD_RIGHT_OF_WAY_103,,
2772338,2,ANGLE_FRONT_TO_SIDE,-111.73465939116,32.8776717083882,3,NOT_AT_INTERSECTION_0,ANGLE_FRONT_TO_SIDE,"CASA GRANDE","2013-10-20 12:51:00",FAILED_TO_YIELD_RIGHT_OF_WAY_103,NO_IMPROPER_ACTION,,
2772406,2,LEFT_TURN,-112.099988103969,33.4806084916575,4,FOUR_WAY_INTERSECTION,LEFT_TURN,PHOENIX,"2013-11-04 15:29:00",DISREGARDED_TRAFFIC_SIGNAL,UNKNOWN_99,,
2772506,2,OTHER_97,-111.332125754252,34.2220410678231,1,T_INTERSECTION,OTHER_97,PAYSON,"2013-10-26 15:22:00",DROVE_RODE_IN_OPPOSING_TRAFFIC_LANE,NO_IMPROPER_ACTION,,
2772617,2,ANGLE_FRONT_TO_SIDE,-112.220284769432,33.5958647623003,3,FOUR_WAY_INTERSECTION,ANGLE_FRONT_TO_SIDE,PEORIA,"2013-10-09 12:11:00",DROVE_RODE_IN_OPPOSING_TRAFFIC_LANE,FAILED_TO_YIELD_RIGHT_OF_WAY_103,,
2772624,2,OTHER_97,-112.202932241333,33.5679934475463,2,T_INTERSECTION,OTHER_97,GLENDALE,"2013-10-14 21:09:00",EXCEEDED_LAWFUL_SPEED,FAILED_TO_YIELD_RIGHT_OF_WAY_103,,
2772625,2,ANGLE_FRONT_TO_SIDE,-112.242900079965,33.5954258476731,2,T_INTERSECTION,ANGLE_FRONT_TO_SIDE,PEORIA,"2013-10-14 18:08:00",NO_IMPROPER_ACTION,NO_IMPROPER_ACTION,,
2772792,2,ANGLE_FRONT_TO_SIDE,-112.030209670514,33.5093217779573,3,FOUR_WAY_INTERSECTION,ANGLE_FRONT_TO_SIDE,PHOENIX,"2013-10-31 06:51:00",NO_IMPROPER_ACTION,FAILED_TO_YIELD_RIGHT_OF_WAY_103,,
2772814,2,SIDESWIPE_SAME_DIRECTION,-112.043174834221,33.4874890729579,4,NOT_AT_INTERSECTION_0,SIDESWIPE_SAME_DIRECTION,PHOENIX,"2013-10-16 15:22:00",FAILED_TO_YIELD_RIGHT_OF_WAY_103,NO_IMPROPER_ACTION,,
2772830,2,OTHER_97,-112.125620756006,33.5385554416845,3,FOUR_WAY_INTERSECTION,OTHER_97,PHOENIX,"2013-11-02 15:45:00",NO_IMPROPER_ACTION,FAILED_TO_YIELD_RIGHT_OF_WAY_103,,
2772939,2,OTHER_97,-111.874636537532,33.3877314538122,2,NOT_REPORTED_255,OTHER_97,MESA,"2013-08-26 15:38:00",NO_IMPROPER_ACTION,UNKNOWN_99+NOT_APPLICABLE_MINUS_1,,
2773171,2,ANGLE_FRONT_TO_SIDE,-111.824207263791,33.3497689996084,2,UNKNOWN_99,ANGLE_FRONT_TO_SIDE,GILBERT,"2013-11-04 15:03:00",NO_IMPROPER_ACTION,OTHER_97,,
2773245,2,ANGLE_FRONT_TO_SIDE,-112.211275944611,33.6275393433183,2,T_INTERSECTION,ANGLE_FRONT_TO_SIDE,GLENDALE,"2013-09-08 20:54:00",MADE_IMPROPER_TURN,NOT_APPLICABLE_MINUS_1+OTHER_97,,
2773261,2,OTHER_97,-112.199386768632,33.523895029513,2,FOUR_WAY_INTERSECTION,OTHER_97,GLENDALE,"2013-09-04 17:50:00",NO_IMPROPER_ACTION,FAILED_TO_YIELD_RIGHT_OF_WAY_103,,