IncidentID,num_vehicles_involved,eCollisionManner,Longitude,Latitude,InjurySeverity,eIntersectionType,eCollisionManner,city_name,IncidentDateTime,cyclist_citations,driver_citations,nearest_count_site,distance_to_nearest_count_site
2790689,2,ANGLE_FRONT_TO_SIDE,-111.668414914202,33.4151701751645,2,UNKNOWN_99,ANGLE_FRONT_TO_SIDE,MESA,"2013-11-14 08:44:00",NO_IMPROPER_ACTION,NO_IMPROPER_ACTION,,
2790914,2,OTHER_97,-111.981262324562,33.4656084498406,2,T_INTERSECTION,OTHER_97,PHOENIX,"2013-12-17 14:27:00",DROVE_RODE_IN_OPPOSING_TRAFFIC_LANE,FAILED_TO_YIELD_RIGHT_OF_WAY_103,,
2790919,2,LEFT_TURN,-112.002041653687,33.4804453211288,1,NOT_AT_INTERSECTION_0,LEFT_TURN,PHOENIX,"2013-12-24 19:10:00",FAILED_TO_YIELD_RIGHT_OF_WAY_103,NO_IMPROPER_ACTION,,
2791025,2,ANGLE_FRONT_TO_SIDE,-111.942388835049,33.4219286721596,1,FOUR_WAY_INTERSECTION,ANGLE_FRONT_TO_SIDE,TEMPE,"2013-12-11 07:50:00",NO_IMPROPER_ACTION,INATTENTION_DISTRACTION,119,0.000190535939393942
2791038,2,ANGLE_FRONT_TO_SIDE,-111.934895651675,33.4027626304004,2,T_INTERSECTION,ANGLE_FRONT_TO_SIDE,TEMPE,"2013-12-16 09:05:00",NO_IMPROPER_ACTION,FAILED_TO_YIELD_RIGHT_OF_WAY_103,,
2791046,2,ANGLE_FRONT_TO_SIDE,-111.893723924108,33.4074936679821,3,NOT_AT_INTERSECTION_0,ANGLE_FRONT_TO_SIDE,TEMPE,"2013-12-13 15:56:00",DROVE_RODE_IN_OPPOSING_TRAFFIC_LANE,NO_IMPROPER_ACTION,,
2791055,2,ANGLE_FRONT_TO_SIDE,-111.961117390885,33.3782401603604,2,T_INTERSECTION,ANGLE_FRONT_TO_SIDE,TEMPE,"2013-12-16 14:02:00",DROVE_RODE_IN_OPPOSING_TRAFFIC_LANE,NO_IMPROPER_ACTION,,
2791081,2,LEFT_TURN,-111.934914277436,33.4146810465039,2,FOUR_WAY_INTERSECTION,LEFT_TURN,TEMPE,"2013-12-06 10:58:00",NO_IMPROPER_ACTION,FAILED_TO_YIELD_RIGHT_OF_WAY_103,133,0.000254662572190401
2791142,2,OTHER_97,-112.238261953144,33.4371472572671,2,FOUR_WAY_INTERSECTION,OTHER_97,PHOENIX,"2013-12-03 14:50:00",INATTENTION_DISTRACTION,NO_IMPROPER_ACTION,,
2791146,2,ANGLE_FRONT_TO_SIDE,-111.926488391673,33.3841937512722,1,UNKNOWN_99,ANGLE_FRONT_TO_SIDE,TEMPE,"2013-12-08 11:56:00",FAILED_TO_YIELD_RIGHT_OF_WAY_103,NO_IMPROPER_ACTION,,
2791176,2,ANGLE_FRONT_TO_SIDE,-111.945722530579,33.3492135018617,2,FOUR_WAY_INTERSECTION,ANGLE_FRONT_TO_SIDE,TEMPE,"2013-11-04 08:10:00",NO_IMPROPER_ACTION,UNKNOWN_99,,
2791185,2,LEFT_TURN,-112.34199146202,33.6163187880656,2,T_INTERSECTION,LEFT_TURN,"EL MIRAGE","2013-11-13 17:48:00",INATTENTION_DISTRACTION,INATTENTION_DISTRACTION,,
2791188,2,ANGLE_FRONT_TO_SIDE,-112.246436482466,33.5934019728279,3,FOUR_WAY_INTERSECTION,ANGLE_FRONT_TO_SIDE,PEORIA,"2013-12-10 06:47:00",OTHER_97,NOT_APPLICABLE_MINUS_1+NO_IMPROPER_ACTION,,
2791240,2,ANGLE_FRONT_TO_SIDE,-111.738415213678,33.3505159917168,1,NOT_AT_INTERSECTION_0,ANGLE_FRONT_TO_SIDE,GILBERT,"2013-12-11 13:31:00",NO_IMPROPER_ACTION,NO_IMPROPER_ACTION+NOT_APPLICABLE_MINUS_1,,
2791261,2,ANGLE_FRONT_TO_SIDE,-112.255085702816,33.566272152196,2,FOUR_WAY_INTERSECTION,ANGLE_FRONT_TO_SIDE,PEORIA,"2013-12-19 11:53:00",DISREGARDED_TRAFFIC_SIGNAL,NO_IMPROPER_ACTION,,
2791322,2,LEFT_TURN,-111.693403499125,33.3939331450272,3,T_INTERSECTION,LEFT_TURN,MESA,"2013-09-22 22:30:00",NO_IMPROPER_ACTION,NOT_APPLICABLE_MINUS_1+NO_IMPROPER_ACTION,,
2791327,2,ANGLE_FRONT_TO_SIDE,-111.71916347924,33.4083701848967,3,FOUR_WAY_INTERSECTION,ANGLE_FRONT_TO_SIDE,MESA,"2013-09-10 06:51:00",NO_IMPROPER_ACTION,OTHER_97,,
2791339,2,ANGLE_FRONT_TO_SIDE,-111.858655077231,33.2724326765243,2,FOUR_WAY_INTERSECTION,ANGLE_FRONT_TO_SIDE,CHANDLER,"2013-08-12 17:43:00",FAILED_TO_KEEP_IN_PROPER_LANE,NO_IMPROPER_ACTION,,
2791408,2,OTHER_97,-112.14876758319,33.5094489749773,4,T_INTERSECTION,OTHER_97,PHOENIX,"2013-12-18 06:20:00",DISREGARDED_TRAFFIC_SIGNAL,NOT_APPLICABLE_MINUS_1+NO_IMPROPER_ACTION,,
2791537,2,REAR_END,0,0,3,NOT_AT_INTERSECTION_0,REAR_END,UNSPECIFIED_999,"2013-12-15 10:13:00",DROVE_RODE_IN_OPPOSING_TRAFFIC_LANE,NO_IMPROPER_ACTION,,
2791630,2,ANGLE_FRONT_TO_SIDE,-111.771128820741,33.4076012711541,1,NOT_AT_INTERSECTION_0,ANGLE_FRONT_TO_SIDE,MESA,"2013-11-06 11:28:00",NO_IMPROPER_ACTION,OTHER_97,,
2791657,2,ANGLE_FRONT_TO_SIDE,-111.736202178799,33.3937880063838,3,NOT_AT_INTERSECTION_0,ANGLE_FRONT_TO_SIDE,MESA,"2013-11-07 10:09:00",OTHER_97,NOT_APPLICABLE_MINUS_1+NO_IMPROPER_ACTION,,
2791709,2,ANGLE_FRONT_TO_SIDE,-111.874595225953,33.3967488144106,2,T_INTERSECTION,ANGLE_FRONT_TO_SIDE,MESA,"2013-11-14 21:21:00",INATTENTION_DISTRACTION,INATTENTION_DISTRACTION+NOT_APPLICABLE_MINUS_1,,
2791714,2,OTHER_97,-111.839818287234,33.4441722738669,2,FOUR_WAY_INTERSECTION,OTHER_97,MESA,"2013-11-14 21:34:00",DISREGARDED_TRAFFIC_SIGNAL,NOT_APPLICABLE_MINUS_1+NO_IMPROPER_ACTION,,
2792201,2,LEFT_TURN,-111.871955343021,33.2472298037139,3,T_INTERSECTION,LEFT_TURN,CHANDLER,"2013-07-30 19:12:00",OTHER_97,NO_IMPROPER_ACTION,,
2792223,2,OTHER_97,-111.859100947548,33.34931066251,1,NOT_REPORTED_255,OTHER_97,CHANDLER,"2013-07-31 12:44:00",OTHER_97,INATTENTION_DISTRACTION,,
2792267,2,ANGLE_FRONT_TO_SIDE,-111.813368108497,33.5824311688799,3,FOUR_WAY_INTERSECTION,ANGLE_FRONT_TO_SIDE,SCOTTSDALE,"2013-10-12 07:03:00",NO_IMPROPER_ACTION,DISREGARDED_TRAFFIC_SIGNAL+NOT_APPLICABLE_MINUS_1,,
2792281,2,OTHER_97,-111.704793734627,33.2778384447391,3,FOUR_WAY_INTERSECTION,OTHER_97,GILBERT,"2013-12-20 16:36:00",DROVE_RODE_IN_OPPOSING_TRAFFIC_LANE,NO_IMPROPER_ACTION+NOT_APPLICABLE_MINUS_1,,
2792299,2,ANGLE_FRONT_TO_SIDE,-111.755647526994,33.3214519187225,1,NOT_AT_INTERSECTION_0,ANGLE_FRONT_TO_SIDE,GILBERT,"2013-12-30 17:04:00",UNKNOWN_99,UNKNOWN_99,,
2792301,2,OTHER_97,-111.78967464175,33.2765357319862,3,UNKNOWN_99,OTHER_97,CHANDLER,"2013-11-06 07:34:00",NO_IMPROPER_ACTION,OTHER_97,,
2792317,2,LEFT_TURN,-111.807085622619,33.3643477127084,1,FOUR_WAY_INTERSECTION,LEFT_TURN,GILBERT,"2013-12-30 06:57:00",NO_IMPROPER_ACTION,INATTENTION_DISTRACTION,,
2792413,2,ANGLE_FRONT_TO_SIDE,-111.926070102822,33.5749791794609,3,FOUR_WAY_INTERSECTION,ANGLE_FRONT_TO_SIDE,SCOTTSDALE,"2013-10-25 17:14:00",DROVE_RODE_IN_OPPOSING_TRAFFIC_LANE,NO_IMPROPER_ACTION,,
2792427,2,ANGLE_FRONT_TO_SIDE,-111.863676112799,33.2694342039769,2,T_INTERSECTION,ANGLE_FRONT_TO_SIDE,CHANDLER,"2013-08-07 14:56:00",DROVE_RODE_IN_OPPOSING_TRAFFIC_LANE,NO_IMPROPER_ACTION,,
2792465,2,ANGLE_FRONT_TO_SIDE,-111.909800966337,33.4876255744487,3,NOT_AT_INTERSECTION_0,ANGLE_FRONT_TO_SIDE,SCOTTSDALE,"2013-10-17 10:30:00",OTHER_97,OTHER_97,,
2792473,2,ANGLE_FRONT_TO_SIDE,-111.806950752242,33.2995092008192,1,FOUR_WAY_INTERSECTION,ANGLE_FRONT_TO_SIDE,CHANDLER,"2013-11-05 19:32:00",RAN_STOP_SIGN,NO_IMPROPER_ACTION+NOT_APPLICABLE_MINUS_1,,
2792484,2,ANGLE_FRONT_TO_SIDE,-111.926027988004,33.5095567818911,2,FOUR_WAY_INTERSECTION,ANGLE_FRONT_TO_SIDE,SCOTTSDALE,"2013-10-17 10:26:00",DROVE_RODE_IN_OPPOSING_TRAFFIC_LANE,INATTENTION_DISTRACTION,,
2792487,2,ANGLE_FRONT_TO_SIDE,-111.926649815725,33.480352230781,3,UNKNOWN_99,ANGLE_FRONT_TO_SIDE,SCOTTSDALE,"2013-10-22 16:34:00",OTHER_97,NO_IMPROPER_ACTION,,
2792510,2,ANGLE_FRONT_TO_SIDE,-111.836627057154,33.3885068862196,3,T_INTERSECTION,ANGLE_FRONT_TO_SIDE,MESA,"2013-11-14 16:35:00",NO_IMPROPER_ACTION,FAILED_TO_YIELD_RIGHT_OF_WAY_103,,
2792520,2,SIDESWIPE_SAME_DIRECTION,-112.203158715801,33.7179766598772,3,FOUR_WAY_INTERSECTION,SIDESWIPE_SAME_DIRECTION,PHOENIX,"2013-12-14 09:36:00",UNKNOWN_99,FAILED_TO_YIELD_RIGHT_OF_WAY_103,,
2792699,2,ANGLE_FRONT_TO_SIDE,-111.850217487258,33.306067439797,2,FOUR_WAY_INTERSECTION,ANGLE_FRONT_TO_SIDE,CHANDLER,"2013-11-07 07:41:00",UNKNOWN_99,UNKNOWN_99,,
2792706,2,ANGLE_FRONT_TO_SIDE,-111.837576255271,33.306169511516,2,NOT_REPORTED_255,ANGLE_FRONT_TO_SIDE,CHANDLER,"2013-11-07 15:17:00",DID_NOT_USE_CROSSWALK,NO_IMPROPER_ACTION,,
2792751,2,LEFT_TURN,-111.934465282121,33.5325071886421,1,NOT_AT_INTERSECTION_0,LEFT_TURN,"PARADISE VALLEY","2013-12-15 10:16:00",NO_IMPROPER_ACTION,FAILED_TO_YIELD_RIGHT_OF_WAY_103,,
2792777,2,ANGLE_FRONT_TO_SIDE,-111.539023157591,32.9764169726085,2,NOT_REPORTED_255,ANGLE_FRONT_TO_SIDE,COOLIDGE,"2013-12-01 17:15:00",UNKNOWN_99,NO_IMPROPER_ACTION,,
2792800,2,SIDESWIPE_SAME_DIRECTION,-112.454683835999,34.6257901469107,2,NOT_AT_INTERSECTION_0,SIDESWIPE_SAME_DIRECTION,PRESCOTT,"2013-12-29 15:03:00",NO_IMPROPER_ACTION,NO_IMPROPER_ACTION,,
2792812,2,OTHER_97,-111.833959719794,33.2989117085003,3,T_INTERSECTION,OTHER_97,CHANDLER,"2013-08-16 18:27:00",UNKNOWN_99,UNKNOWN_99,,
2792940,2,ANGLE_FRONT_TO_SIDE,-112.134336754021,33.5094442668856,2,FOUR_WAY_INTERSECTION,ANGLE_FRONT_TO_SIDE,PHOENIX,"2013-12-20 16:43:00",OTHER_97,NO_IMPROPER_ACTION,,
2793043,2,OTHER_97,-110.295350604489,36.7003833725819,5,NOT_AT_INTERSECTION_0,OTHER_97,UNSPECIFIED_999,"2013-10-25 15:26:00",NO_IMPROPER_ACTION,DROVE_RODE_IN_OPPOSING_TRAFFIC_LANE,,
2793068,2,LEFT_TURN,-111.929323222362,33.4167055640832,2,T_INTERSECTION,LEFT_TURN,TEMPE,"2013-08-28 12:00:00",RAN_STOP_SIGN,RAN_STOP_SIGN,134,0.00201789946192405
2793082,2,ANGLE_FRONT_TO_SIDE,-111.919648993111,33.3180684058764,3,T_INTERSECTION,ANGLE_FRONT_TO_SIDE,CHANDLER,"2013-08-19 08:04:00",INATTENTION_DISTRACTION,INATTENTION_DISTRACTION,,
2793232,2,HEAD_ON,-112.082509270696,33.6136164717725,3,NOT_AT_INTERSECTION_0,HEAD_ON,PHOENIX,"2013-12-30 14:54:00",NO_IMPROPER_ACTION,DROVE_RODE_IN_OPPOSING_TRAFFIC_LANE,,
2793344,2,OTHER_97,-112.108736212988,33.7004134768198,1,NOT_AT_INTERSECTION_0,OTHER_97,PHOENIX,"2013-11-26 14:10:00",NO_IMPROPER_ACTION,FAILED_TO_YIELD_RIGHT_OF_WAY_103,,
2793369,2,ANGLE_FRONT_TO_SIDE,-110.994944621096,32.279405058539,2,FOUR_WAY_INTERSECTION,ANGLE_FRONT_TO_SIDE,UNSPECIFIED_999,"2013-12-20 12:56:00",NO_IMPROPER_ACTION,NOT_APPLICABLE_MINUS_1+INATTENTION_DISTRACTION,,
2793505,3,LEFT_TURN,-111.869696271992,33.6213858856671,3,NOT_AT_INTERSECTION_0,LEFT_TURN,SCOTTSDALE,"2013-10-29 07:18:00",NO_IMPROPER_ACTION+NO_IMPROPER_ACTION,SPEED_TOO_FAST_FOR_CONDITIONS+NOT_APPLICABLE_MINUS_1,,
2793582,2,ANGLE_FRONT_TO_SIDE,-111.858321099935,33.4149050019699,2,NOT_AT_INTERSECTION_0,ANGLE_FRONT_TO_SIDE,MESA,"2013-11-26 14:45:00",DROVE_RODE_IN_OPPOSING_TRAFFIC_LANE,INATTENTION_DISTRACTION+NOT_APPLICABLE_MINUS_1+NOT_APPLICABLE_MINUS_1+NOT_APPLICABLE_MINUS_1+NOT_APPLICABLE_MINUS_1,,
2793613,2,ANGLE_FRONT_TO_SIDE,-111.855888826852,33.3642492706331,2,T_INTERSECTION,ANGLE_FRONT_TO_SIDE,MESA,"2013-12-12 07:34:00",DROVE_RODE_IN_OPPOSING_TRAFFIC_LANE,NO_IMPROPER_ACTION,,
2793819,2,HEAD_ON,-110.952400118933,32.2776035326705,1,T_INTERSECTION,HEAD_ON,TUCSON,"2013-12-23 18:55:00",UNKNOWN_99,NO_IMPROPER_ACTION,,
2793840,3,SIDESWIPE_SAME_DIRECTION,-110.971815820062,32.1632481428186,2,NOT_AT_INTERSECTION_0,SIDESWIPE_SAME_DIRECTION,TUCSON,"2013-12-23 16:54:00",NO_IMPROPER_ACTION+NO_IMPROPER_ACTION,FAILED_TO_YIELD_RIGHT_OF_WAY_103+NOT_APPLICABLE_MINUS_1,,
2793872,2,UNKNOWN_99,-111.735402328015,32.8795897398832,2,NOT_AT_INTERSECTION_0,UNKNOWN_99,"CASA GRANDE","2013-12-06 15:09:00",DROVE_RODE_IN_OPPOSING_TRAFFIC_LANE,NO_IMPROPER_ACTION,,
2793931,2,ANGLE_FRONT_TO_SIDE,-111.77096860878,33.4300010817587,2,FOUR_WAY_INTERSECTION,ANGLE_FRONT_TO_SIDE,MESA,"2013-12-04 19:35:00",DISREGARDED_TRAFFIC_SIGNAL,NO_IMPROPER_ACTION,,
2794090,2,OTHER_97,-110.873354194158,32.1996893782328,4,FOUR_WAY_INTERSECTION,OTHER_97,TUCSON,"2013-12-30 20:09:00",RAN_STOP_SIGN,NO_IMPROPER_ACTION,,
2794096,2,SIDESWIPE_OPPOSITE_DIRECTION,-111.603193964435,33.4099535678436,2,T_INTERSECTION,SIDESWIPE_OPPOSITE_DIRECTION,MESA,"2013-11-30 14:14:00",KNOWINGLY_OPERATED_WITH_FAULTY_MISSING_EQUIPMENT,NOT_APPLICABLE_MINUS_1+NO_IMPROPER_ACTION,,
2794100,2,ANGLE_FRONT_TO_SIDE,-110.953978379837,32.2648007303336,2,NOT_AT_INTERSECTION_0,ANGLE_FRONT_TO_SIDE,TUCSON,"2013-12-30 11:10:00",UNKNOWN_99,NOT_APPLICABLE_MINUS_1+NO_IMPROPER_ACTION,,
2794127,2,ANGLE_FRONT_TO_SIDE,-110.840019292352,32.2355802865127,2,NOT_AT_INTERSECTION_0,ANGLE_FRONT_TO_SIDE,TUCSON,"2013-12-27 18:28:00",DROVE_RODE_IN_OPPOSING_TRAFFIC_LANE,NO_IMPROPER_ACTION,,
2794139,2,OTHER_97,-111.874805649715,33.4148512952046,2,UNKNOWN_99,OTHER_97,MESA,"2013-11-22 18:26:00",NO_IMPROPER_ACTION,NO_IMPROPER_ACTION,,
2794149,2,LEFT_TURN,-110.977518025552,32.2864847408848,3,FOUR_WAY_INTERSECTION,LEFT_TURN,TUCSON,"2013-12-26 14:50:00",MADE_IMPROPER_TURN,NO_IMPROPER_ACTION,,
2794150,2,REAR_END,-111.722914563935,33.4663468747823,4,NOT_AT_INTERSECTION_0,REAR_END,MESA,"2013-12-22 16:48:00",NO_IMPROPER_ACTION,FAILED_TO_KEEP_IN_PROPER_LANE,,
2794189,2,OTHER_97,-110.892455485675,32.2614748833512,3,FOUR_WAY_INTERSECTION,OTHER_97,TUCSON,"2013-12-24 10:30:00",INATTENTION_DISTRACTION,NO_IMPROPER_ACTION,,
2794244,2,REAR_END,-111.884821363858,33.4148071897977,2,NOT_AT_INTERSECTION_0,REAR_END,MESA,"2013-12-12 14:47:00",NO_IMPROPER_ACTION,INATTENTION_DISTRACTION,,
2794358,2,ANGLE_FRONT_TO_SIDE,-112.082851832051,33.6402124165811,3,FOUR_WAY_INTERSECTION,ANGLE_FRONT_TO_SIDE,PHOENIX,"2013-12-28 21:52:00",KNOWINGLY_OPERATED_WITH_FAULTY_MISSING_EQUIPMENT,OTHER_97,,
2794384,2,OTHER_97,-112.13497689464,33.4634247276531,2,FOUR_WAY_INTERSECTION,OTHER_97,PHOENIX,"2013-12-09 17:12:00",DISREGARDED_TRAFFIC_SIGNAL,NO_IMPROPER_ACTION,,
2794607,2,ANGLE_FRONT_TO_SIDE,-112.18624550379,33.5716572753519,1,NOT_REPORTED_255,ANGLE_FRONT_TO_SIDE,GLENDALE,"2013-11-18 14:34:00",DROVE_RODE_IN_OPPOSING_TRAFFIC_LANE,NO_IMPROPER_ACTION,,
2794713,2,OTHER_97,-112.155734451218,33.5384576667888,3,FOUR_WAY_INTERSECTION,OTHER_97,GLENDALE,"2013-11-09 20:43:00",NO_IMPROPER_ACTION,INATTENTION_DISTRACTION,,
2794782,2,ANGLE_FRONT_TO_SIDE,0,0,2,FOUR_WAY_INTERSECTION,ANGLE_FRONT_TO_SIDE,GLENDALE,"2013-11-15 14:11:00",DROVE_RODE_IN_OPPOSING_TRAFFIC_LANE,UNKNOWN_99,,
2794806,2,ANGLE_FRONT_TO_SIDE,-112.186202343053,33.5567065643204,2,FOUR_WAY_INTERSECTION,ANGLE_FRONT_TO_SIDE,GLENDALE,"2013-11-07 18:42:00",NO_IMPROPER_ACTION,RAN_STOP_SIGN,,
2794823,2,OTHER_97,-111.742504848589,32.8795573776335,1,T_INTERSECTION,OTHER_97,"CASA GRANDE","2013-12-16 07:49:00",FAILED_TO_YIELD_RIGHT_OF_WAY_103,INATTENTION_DISTRACTION,,
2795089,2,ANGLE_FRONT_TO_SIDE,-112.199263937685,33.567251713323,2,FOUR_WAY_INTERSECTION,ANGLE_FRONT_TO_SIDE,GLENDALE,"2013-11-06 16:40:00",UNKNOWN_99,UNKNOWN_99+NOT_APPLICABLE_MINUS_1,,
2795097,2,ANGLE_FRONT_TO_SIDE,-112.168579003124,33.544466521868,1,NOT_AT_INTERSECTION_0,ANGLE_FRONT_TO_SIDE,GLENDALE,"2013-10-31 14:25:00",UNKNOWN_99,UNKNOWN_99,,
2795121,2,ANGLE_FRONT_TO_SIDE,-112.186177963909,33.5530843200793,3,FOUR_WAY_INTERSECTION,ANGLE_FRONT_TO_SIDE,GLENDALE,"2013-11-02 17:23:00",DISREGARDED_TRAFFIC_SIGNAL,NO_IMPROPER_ACTION+NOT_APPLICABLE_MINUS_1,,
2795191,2,ANGLE_FRONT_TO_SIDE,-112.168630573811,33.6347301625763,2,T_INTERSECTION,ANGLE_FRONT_TO_SIDE,PHOENIX,"2013-10-30 12:50:00",OTHER_97,NO_IMPROPER_ACTION,,
2795211,2,OTHER_97,-112.08197537521,33.4026208748167,1,T_INTERSECTION,OTHER_97,PHOENIX,"2013-10-20 18:36:00",NO_IMPROPER_ACTION,RAN_STOP_SIGN,,
2795312,2,ANGLE_FRONT_TO_SIDE,-112.002011015013,33.4907630455577,2,NOT_AT_INTERSECTION_0,ANGLE_FRONT_TO_SIDE,PHOENIX,"2013-10-06 10:39:00",NO_IMPROPER_ACTION,FAILED_TO_YIELD_RIGHT_OF_WAY_103,,
2795375,2,ANGLE_FRONT_TO_SIDE,-111.788327185406,33.3935811316078,3,FOUR_WAY_INTERSECTION,ANGLE_FRONT_TO_SIDE,MESA,"2013-12-06 08:40:00",DISREGARDED_TRAFFIC_SIGNAL,NOT_APPLICABLE_MINUS_1+NO_IMPROPER_ACTION,,
2795665,2,SIDESWIPE_SAME_DIRECTION,-111.858317492705,33.2585101621683,2,FOUR_WAY_INTERSECTION,SIDESWIPE_SAME_DIRECTION,CHANDLER,"2013-08-22 07:47:00",NO_IMPROPER_ACTION,MADE_IMPROPER_TURN,,
2795703,2,ANGLE_FRONT_TO_SIDE,-111.881018660845,33.2616027056255,1,FOUR_WAY_INTERSECTION,ANGLE_FRONT_TO_SIDE,CHANDLER,"2013-08-21 20:30:00",NO_IMPROPER_ACTION,DISREGARDED_TRAFFIC_SIGNAL,,
2795901,2,ANGLE_FRONT_TO_SIDE,-111.858561128266,33.2627299826429,2,NOT_AT_INTERSECTION_0,ANGLE_FRONT_TO_SIDE,CHANDLER,"2013-08-31 17:11:00",DROVE_RODE_IN_OPPOSING_TRAFFIC_LANE,NO_IMPROPER_ACTION,,
2795999,2,ANGLE_FRONT_TO_SIDE,-112.11184405502,33.5387805732032,1,INTERSECTION_AS_PART_OF_INTERCHANGE,ANGLE_FRONT_TO_SIDE,PHOENIX,"2013-12-29 19:48:00",FAILED_TO_KEEP_IN_PROPER_LANE,NO_IMPROPER_ACTION,,
2796217,2,ANGLE_FRONT_TO_SIDE,-111.007532072151,32.3270610438819,1,T_INTERSECTION,ANGLE_FRONT_TO_SIDE,UNSPECIFIED_999,"2013-12-25 12:29:00",INATTENTION_DISTRACTION,NO_IMPROPER_ACTION+NOT_APPLICABLE_MINUS_1,,
2796240,2,OTHER_97,-111.09093143017,32.3579689371666,2,NOT_AT_INTERSECTION_0,OTHER_97,MARANA,"2013-12-28 15:51:00",UNKNOWN_99,UNKNOWN_99,,
2796247,2,SIDESWIPE_SAME_DIRECTION,0,0,3,NOT_AT_INTERSECTION_0,SIDESWIPE_SAME_DIRECTION,"SIERRA VISTA","2013-12-26 12:21:00",DROVE_RODE_IN_OPPOSING_TRAFFIC_LANE,NO_IMPROPER_ACTION,,
2796367,2,OTHER_97,-111.572015438827,33.4145245254925,2,UNKNOWN_99,OTHER_97,"APACHE JUNCTION","2013-12-17 10:33:00",DROVE_RODE_IN_OPPOSING_TRAFFIC_LANE,NO_IMPROPER_ACTION,,
2796566,2,OTHER_97,-111.84156317247,33.3174960528636,3,NOT_AT_INTERSECTION_0,OTHER_97,CHANDLER,"2013-09-07 23:54:00",NO_IMPROPER_ACTION,SPEED_TOO_FAST_FOR_CONDITIONS,,
2796604,2,SIDESWIPE_OPPOSITE_DIRECTION,-111.865638002214,33.2458011862848,3,NOT_AT_INTERSECTION_0,SIDESWIPE_OPPOSITE_DIRECTION,CHANDLER,"2013-08-29 18:12:00",NO_IMPROPER_ACTION,FAILED_TO_KEEP_IN_PROPER_LANE,,
2796639,2,LEFT_TURN,-109.545492910033,31.3475629173881,4,FOUR_WAY_INTERSECTION,LEFT_TURN,DOUGLAS,"2013-12-10 10:46:00",NO_IMPROPER_ACTION,RAN_STOP_SIGN,,
2796665,2,OTHER_97,-111.762630161685,34.8626258671199,3,NOT_REPORTED_255,OTHER_97,SEDONA,"2013-12-27 14:10:00",NO_IMPROPER_ACTION,NOT_APPLICABLE_MINUS_1+FAILED_TO_YIELD_RIGHT_OF_WAY_103+NOT_APPLICABLE_MINUS_1+NOT_APPLICABLE_MINUS_1+NOT_APPLICABLE_MINUS_1,,
2796696,2,ANGLE_FRONT_TO_SIDE,-111.943510284691,33.392833552008,1,UNKNOWN_99,ANGLE_FRONT_TO_SIDE,TEMPE,"2013-12-18 14:05:00",UNKNOWN_99,UNKNOWN_99,144,0.00401130400553028
2796711,2,ANGLE_FRONT_TO_SIDE,-111.850217772574,33.3060949019632,1,FOUR_WAY_INTERSECTION,ANGLE_FRONT_TO_SIDE,CHANDLER,"2013-09-03 18:57:00",NO_IMPROPER_ACTION,INATTENTION_DISTRACTION,,
2796733,2,LEFT_TURN,-111.926095636874,33.5077409226309,3,FOUR_WAY_INTERSECTION,LEFT_TURN,SCOTTSDALE,"2013-10-04 15:53:00",NO_IMPROPER_ACTION,INATTENTION_DISTRACTION,,
2796746,2,ANGLE_FRONT_TO_SIDE,-111.924545954841,33.4949611360399,3,T_INTERSECTION,ANGLE_FRONT_TO_SIDE,SCOTTSDALE,"2013-10-24 20:16:00",NO_IMPROPER_ACTION,MADE_IMPROPER_TURN,,
2796769,2,ANGLE_FRONT_TO_SIDE,-111.876508591151,33.354341326721,1,T_INTERSECTION,ANGLE_FRONT_TO_SIDE,CHANDLER,"2013-08-26 18:11:00",DROVE_RODE_IN_OPPOSING_TRAFFIC_LANE,NOT_APPLICABLE_MINUS_1+NO_IMPROPER_ACTION,,
2797398,2,REAR_END,0,0,1,T_INTERSECTION,REAR_END,TEMPE,"2013-12-15 01:31:00",NO_IMPROPER_ACTION,SPEED_TOO_FAST_FOR_CONDITIONS,,
2797417,2,LEFT_TURN,0,0,1,T_INTERSECTION,LEFT_TURN,UNSPECIFIED_999,"2013-12-14 21:01:00",NO_IMPROPER_ACTION,NOT_APPLICABLE_MINUS_1+INATTENTION_DISTRACTION+NOT_APPLICABLE_MINUS_1+NOT_APPLICABLE_MINUS_1,,
2797516,2,LEFT_TURN,-111.926285293141,33.4162005760212,1,UNKNOWN_99,LEFT_TURN,TEMPE,"2013-12-13 12:41:00",NO_IMPROPER_ACTION,FAILED_TO_YIELD_RIGHT_OF_WAY_103+NOT_APPLICABLE_MINUS_1,135,0.000551377875110565
2797763,2,ANGLE_FRONT_TO_SIDE,-112.029749097617,33.4098527968539,3,T_INTERSECTION,ANGLE_FRONT_TO_SIDE,PHOENIX,"2013-10-10 19:04:00",NO_IMPROPER_ACTION,FAILED_TO_YIELD_RIGHT_OF_WAY_103,,
2797905,2,OTHER_97,-110.79306463582,33.4065121365742,2,T_INTERSECTION,OTHER_97,GLOBE,"2013-05-07 08:39:00",NO_IMPROPER_ACTION,INATTENTION_DISTRACTION,,
2798198,2,ANGLE_FRONT_TO_SIDE,-111.926168176245,33.4841955976891,3,FOUR_WAY_INTERSECTION,ANGLE_FRONT_TO_SIDE,SCOTTSDALE,"2013-10-15 16:49:00",OTHER_97,NO_IMPROPER_ACTION,,