IncidentID,num_vehicles_involved,eCollisionManner,Longitude,Latitude,InjurySeverity,eIntersectionType,eCollisionManner,city_name,IncidentDateTime,cyclist_citations,driver_citations,nearest_count_site,distance_to_nearest_count_site
2798235,2,ANGLE_FRONT_TO_SIDE,-111.895129542494,33.6183269066095,3,T_INTERSECTION,ANGLE_FRONT_TO_SIDE,SCOTTSDALE,"2013-10-15 13:22:00",DROVE_RODE_IN_OPPOSING_TRAFFIC_LANE,NO_IMPROPER_ACTION,,
2798554,2,OTHER_97,-111.629132385547,33.4078451620374,2,T_INTERSECTION,OTHER_97,UNSPECIFIED_999,"2013-12-24 17:23:00",DROVE_RODE_IN_OPPOSING_TRAFFIC_LANE,NO_IMPROPER_ACTION+NOT_APPLICABLE_MINUS_1,,
2798972,3,ANGLE_FRONT_TO_SIDE,-111.891936404604,33.4147940242373,2,INTERSECTION_AS_PART_OF_INTERCHANGE,ANGLE_FRONT_TO_SIDE,TEMPE,"2013-12-22 18:43:00",NO_IMPROPER_ACTION,UNKNOWN_99+UNKNOWN_99,,
2798995,2,UNKNOWN_99,-111.632656501446,33.4295792843646,2,NOT_REPORTED_255,UNKNOWN_99,UNSPECIFIED_999,"2013-12-30 10:46:00",NO_IMPROPER_ACTION,FAILED_TO_YIELD_RIGHT_OF_WAY_103,,
2798999,2,LEFT_TURN,-111.940007039465,33.4254718313745,1,FOUR_WAY_INTERSECTION,LEFT_TURN,TEMPE,"2013-12-15 15:48:00",NO_IMPROPER_ACTION,NOT_APPLICABLE_MINUS_1+INATTENTION_DISTRACTION,106,0.000209762584028331
2799088,2,ANGLE_FRONT_TO_SIDE,-111.928839538949,33.4184586128543,3,FOUR_WAY_INTERSECTION,ANGLE_FRONT_TO_SIDE,TEMPE,"2013-12-19 10:20:00",UNKNOWN_99,UNKNOWN_99,154,0.0026570181814098
2799092,2,OTHER_97,-112.030351620554,33.3777536576552,2,FOUR_WAY_INTERSECTION,OTHER_97,PHOENIX,"2013-11-03 19:20:00",FAILED_TO_YIELD_RIGHT_OF_WAY_103,NO_IMPROPER_ACTION+NOT_APPLICABLE_MINUS_1,,
2799116,2,OTHER_97,-112.007737243445,33.5825608975373,3,FOUR_WAY_INTERSECTION,OTHER_97,PHOENIX,"2013-10-18 16:00:00",NO_IMPROPER_ACTION,UNKNOWN_99,,
2799272,2,ANGLE_FRONT_TO_SIDE,-111.911124511972,33.3168482038685,3,T_INTERSECTION,ANGLE_FRONT_TO_SIDE,CHANDLER,"2013-09-20 14:46:00",WALKED_ON_WRONG_SIDE_OF_ROAD,NO_IMPROPER_ACTION,,
2799339,2,ANGLE_FRONT_TO_SIDE,-111.841483666875,33.3008694709128,3,NOT_AT_INTERSECTION_0,ANGLE_FRONT_TO_SIDE,CHANDLER,"2013-09-23 20:58:00",NO_IMPROPER_ACTION,SPEED_TOO_FAST_FOR_CONDITIONS+NOT_APPLICABLE_MINUS_1,,
2799375,2,ANGLE_FRONT_TO_SIDE,-112.084810765501,33.4534567759631,3,T_INTERSECTION,ANGLE_FRONT_TO_SIDE,PHOENIX,"2013-11-07 18:00:00",NO_IMPROPER_ACTION,FAILED_TO_YIELD_RIGHT_OF_WAY_103,,
2800316,2,LEFT_TURN,-111.841668848802,33.3278879790136,1,FOUR_WAY_INTERSECTION,LEFT_TURN,CHANDLER,"2013-09-26 15:54:00",DID_NOT_USE_CROSSWALK,FAILED_TO_YIELD_RIGHT_OF_WAY_103,,
2800349,2,ANGLE_FRONT_TO_SIDE,-111.893150861845,33.3493680650468,2,FOUR_WAY_INTERSECTION,ANGLE_FRONT_TO_SIDE,CHANDLER,"2013-09-27 09:22:00",NO_IMPROPER_ACTION,OTHER_97,,
2800355,2,OTHER_97,-111.859019897585,33.3410899151512,2,UNKNOWN_99,OTHER_97,CHANDLER,"2013-10-01 18:45:00",DID_NOT_USE_CROSSWALK,UNKNOWN_99,,
2800369,2,ANGLE_FRONT_TO_SIDE,-111.916886815577,33.6275879260267,2,FOUR_WAY_INTERSECTION,ANGLE_FRONT_TO_SIDE,SCOTTSDALE,"2013-10-01 14:40:00",WALKED_ON_WRONG_SIDE_OF_ROAD,INATTENTION_DISTRACTION,,
2800371,2,SIDESWIPE_SAME_DIRECTION,-111.925839291038,33.4913456560319,4,NOT_AT_INTERSECTION_0,SIDESWIPE_SAME_DIRECTION,SCOTTSDALE,"2013-10-01 14:06:00",MADE_IMPROPER_TURN,NO_IMPROPER_ACTION,,
2800468,2,ANGLE_FRONT_TO_SIDE,-111.806978292294,33.3244717569902,2,FOUR_WAY_INTERSECTION,ANGLE_FRONT_TO_SIDE,CHANDLER,"2013-10-03 10:22:00",NO_IMPROPER_ACTION,INATTENTION_DISTRACTION,,
2800479,2,ANGLE_FRONT_TO_SIDE,-111.806934397963,33.299509288022,4,T_INTERSECTION,ANGLE_FRONT_TO_SIDE,CHANDLER,"2013-10-04 19:34:00",DROVE_RODE_IN_OPPOSING_TRAFFIC_LANE,INATTENTION_DISTRACTION,,
2800716,2,ANGLE_FRONT_TO_SIDE,-111.928152162706,33.3200039203234,2,FOUR_WAY_INTERSECTION,ANGLE_FRONT_TO_SIDE,CHANDLER,"2013-09-30 14:29:00",INATTENTION_DISTRACTION,NOT_APPLICABLE_MINUS_1+NOT_APPLICABLE_MINUS_1+INATTENTION_DISTRACTION,,
2800758,2,ANGLE_FRONT_TO_SIDE,-111.889535031225,33.3203944691747,1,T_INTERSECTION,ANGLE_FRONT_TO_SIDE,CHANDLER,"2013-09-16 18:05:00",NO_IMPROPER_ACTION,FAILED_TO_YIELD_RIGHT_OF_WAY_103,,
2800765,2,SIDESWIPE_SAME_DIRECTION,-111.946535661783,33.3198564197409,4,UNKNOWN_99,SIDESWIPE_SAME_DIRECTION,CHANDLER,"2013-10-01 06:59:00",NO_IMPROPER_ACTION,UNSAFE_LANE_CHANGE+NOT_APPLICABLE_MINUS_1+NOT_APPLICABLE_MINUS_1,,
2800902,2,ANGLE_FRONT_TO_SIDE,-111.841599775674,33.2938980168691,3,T_INTERSECTION,ANGLE_FRONT_TO_SIDE,CHANDLER,"2013-10-14 19:45:00",OTHER_97,FAILED_TO_YIELD_RIGHT_OF_WAY_103,,
2800975,2,ANGLE_FRONT_TO_SIDE,-111.94165280541,33.3054663922798,3,NOT_REPORTED_255,ANGLE_FRONT_TO_SIDE,CHANDLER,"2013-09-13 08:22:00",NO_IMPROPER_ACTION,NO_IMPROPER_ACTION,,
2800986,2,SIDESWIPE_SAME_DIRECTION,-111.876527489378,33.3560906678629,2,T_INTERSECTION,SIDESWIPE_SAME_DIRECTION,CHANDLER,"2013-10-16 07:41:00",NO_IMPROPER_ACTION,NO_IMPROPER_ACTION,,
2801024,2,REAR_END,-112.066345903517,33.4016655458055,1,NOT_AT_INTERSECTION_0,REAR_END,PHOENIX,"2013-11-14 19:43:00",DROVE_RODE_IN_OPPOSING_TRAFFIC_LANE,NOT_APPLICABLE_MINUS_1+NO_IMPROPER_ACTION,,
2801227,2,ANGLE_FRONT_TO_SIDE,-111.865847146568,33.2437066581702,2,T_INTERSECTION,ANGLE_FRONT_TO_SIDE,CHANDLER,"2013-09-10 14:56:00",NO_IMPROPER_ACTION,INATTENTION_DISTRACTION,,
2801292,2,OTHER_97,-111.900229724474,33.509386459459,2,FOUR_WAY_INTERSECTION,OTHER_97,SCOTTSDALE,"2013-11-05 17:30:00",DROVE_RODE_IN_OPPOSING_TRAFFIC_LANE,NO_IMPROPER_ACTION,,
2801312,2,ANGLE_FRONT_TO_SIDE,-111.63761545312,33.4150978045087,3,FOUR_WAY_INTERSECTION,ANGLE_FRONT_TO_SIDE,UNSPECIFIED_999,"2013-11-18 17:01:00",FAILED_TO_YIELD_RIGHT_OF_WAY_103,NO_IMPROPER_ACTION,,
2801343,2,ANGLE_FRONT_TO_SIDE,-111.908487537508,33.6139151857247,3,NOT_AT_INTERSECTION_0,ANGLE_FRONT_TO_SIDE,SCOTTSDALE,"2013-11-05 06:10:00",NO_IMPROPER_ACTION,NO_IMPROPER_ACTION,,
2801427,2,ANGLE_FRONT_TO_SIDE,-112.105696600477,33.3922145262179,2,T_INTERSECTION,ANGLE_FRONT_TO_SIDE,PHOENIX,"2013-11-15 17:13:00",NO_IMPROPER_ACTION,FAILED_TO_YIELD_RIGHT_OF_WAY_103+NOT_APPLICABLE_MINUS_1,,
2801749,2,HEAD_ON,-112.351032223272,33.6392685911806,3,NOT_AT_INTERSECTION_0,HEAD_ON,SURPRISE,"2013-12-27 06:55:00",OTHER_97,NO_IMPROPER_ACTION,,
2801875,2,ANGLE_FRONT_TO_SIDE,-111.925893939657,33.7702533667863,3,FOUR_WAY_INTERSECTION,ANGLE_FRONT_TO_SIDE,SCOTTSDALE,"2013-11-09 16:35:00",NO_IMPROPER_ACTION,NOT_APPLICABLE_MINUS_1+MADE_IMPROPER_TURN,,
2801876,2,OTHER_97,-111.981698217317,33.4656285251522,3,T_INTERSECTION,OTHER_97,PHOENIX,"2013-11-13 23:52:00",NO_IMPROPER_ACTION,FAILED_TO_YIELD_RIGHT_OF_WAY_103,,
2802498,3,OTHER_97,-112.013196593252,33.0436890346589,2,NOT_REPORTED_255,OTHER_97,MARICOPA,"2013-12-10 05:46:00",UNKNOWN_99+UNKNOWN_99,UNKNOWN_99,,
2802739,2,SIDESWIPE_SAME_DIRECTION,-111.82302528079,33.3933426950373,3,UNKNOWN_99,SIDESWIPE_SAME_DIRECTION,MESA,"2013-12-16 08:46:00",NO_IMPROPER_ACTION,UNKNOWN_99,,
2802806,2,LEFT_TURN,-111.841690068946,33.2915813519053,2,FOUR_WAY_INTERSECTION,LEFT_TURN,CHANDLER,"2013-11-23 20:15:00",OTHER_97,MADE_IMPROPER_TURN,,
2802866,2,ANGLE_FRONT_TO_SIDE,-111.859973397376,33.2360337838684,3,FOUR_WAY_INTERSECTION,ANGLE_FRONT_TO_SIDE,CHANDLER,"2013-11-19 12:01:00",NO_IMPROPER_ACTION,UNKNOWN_99,,
2802967,2,ANGLE_FRONT_TO_SIDE,-111.848284787805,33.3206578927614,3,T_INTERSECTION,ANGLE_FRONT_TO_SIDE,CHANDLER,"2013-11-19 19:18:00",DROVE_RODE_IN_OPPOSING_TRAFFIC_LANE,NO_IMPROPER_ACTION,,
2802972,2,ANGLE_FRONT_TO_SIDE,-111.939649541371,33.2955820070639,2,NOT_AT_INTERSECTION_0,ANGLE_FRONT_TO_SIDE,CHANDLER,"2013-11-19 16:12:00",OTHER_97,NO_IMPROPER_ACTION,,
2803250,2,ANGLE_FRONT_TO_SIDE,-111.791934016386,33.3935181870433,1,NOT_AT_INTERSECTION_0,ANGLE_FRONT_TO_SIDE,MESA,"2013-12-11 18:44:00",DROVE_RODE_IN_OPPOSING_TRAFFIC_LANE,INATTENTION_DISTRACTION,,
2803318,2,ANGLE_FRONT_TO_SIDE,-112.09123300671,33.5421045216621,2,FOUR_WAY_INTERSECTION,ANGLE_FRONT_TO_SIDE,PHOENIX,"2013-11-28 15:55:00",NO_IMPROPER_ACTION,FAILED_TO_YIELD_RIGHT_OF_WAY_103,,
2803358,2,OTHER_97,-111.788299267614,33.4081119272259,2,FOUR_WAY_INTERSECTION,OTHER_97,MESA,"2013-12-30 18:57:00",NO_IMPROPER_ACTION,NO_IMPROPER_ACTION+NOT_APPLICABLE_MINUS_1,,
2803392,2,ANGLE_FRONT_TO_SIDE,-111.976513181435,33.3198596917269,3,NOT_REPORTED_255,ANGLE_FRONT_TO_SIDE,PHOENIX,"2013-10-26 15:43:00",OTHER_97,INATTENTION_DISTRACTION,,
2803538,2,ANGLE_FRONT_TO_SIDE,-111.934701890461,33.3053995332215,3,FOUR_WAY_INTERSECTION,ANGLE_FRONT_TO_SIDE,CHANDLER,"2013-11-14 12:51:00",UNKNOWN_99,DROVE_RODE_IN_OPPOSING_TRAFFIC_LANE,,
2803690,2,OTHER_97,-111.684410534645,33.3939862362183,2,NOT_AT_INTERSECTION_0,OTHER_97,MESA,"2013-12-24 15:33:00",NO_IMPROPER_ACTION,INATTENTION_DISTRACTION,,
2803788,2,ANGLE_FRONT_TO_SIDE,-111.997235823813,33.296392842802,2,NOT_REPORTED_255,ANGLE_FRONT_TO_SIDE,PHOENIX,"2013-11-25 12:27:00",NO_IMPROPER_ACTION,UNKNOWN_99,,
2803858,2,ANGLE_FRONT_TO_SIDE,-111.722937197747,32.859872684872,2,NOT_AT_INTERSECTION_0,ANGLE_FRONT_TO_SIDE,UNSPECIFIED_999,"2013-12-18 18:28:00",DROVE_RODE_IN_OPPOSING_TRAFFIC_LANE,NO_IMPROPER_ACTION,,
2803869,2,ANGLE_FRONT_TO_SIDE,-111.564880994924,33.1605536394744,3,FOUR_WAY_INTERSECTION,ANGLE_FRONT_TO_SIDE,UNSPECIFIED_999,"2013-12-16 12:09:00",FAILED_TO_YIELD_RIGHT_OF_WAY_103,NO_IMPROPER_ACTION,,
2803871,2,HEAD_ON,-111.625435815868,33.3624079118923,1,NOT_AT_INTERSECTION_0,HEAD_ON,MESA,"2013-12-28 11:09:00",DID_NOT_USE_CROSSWALK,NO_IMPROPER_ACTION,,
2803894,2,OTHER_97,-111.852160614636,33.2765005634819,3,T_INTERSECTION,OTHER_97,CHANDLER,"2013-10-21 17:33:00",NO_IMPROPER_ACTION,FAILED_TO_YIELD_RIGHT_OF_WAY_103+NOT_APPLICABLE_MINUS_1,,
2803895,2,ANGLE_FRONT_TO_SIDE,-111.840059830988,33.4005910669925,3,FOUR_WAY_INTERSECTION,ANGLE_FRONT_TO_SIDE,MESA,"2013-12-28 19:12:00",DROVE_RODE_IN_OPPOSING_TRAFFIC_LANE,INATTENTION_DISTRACTION,,
2803901,2,ANGLE_FRONT_TO_SIDE,-111.860918886463,33.4221414327952,3,FOUR_WAY_INTERSECTION,ANGLE_FRONT_TO_SIDE,MESA,"2013-12-29 08:38:00",RAN_STOP_SIGN,NOT_APPLICABLE_MINUS_1+NO_IMPROPER_ACTION+NOT_APPLICABLE_MINUS_1,,
2804308,2,OTHER_97,-110.795641917903,32.619332244262,3,NOT_AT_INTERSECTION_0,OTHER_97,UNSPECIFIED_999,"2013-12-03 10:00:00",NO_IMPROPER_ACTION,INATTENTION_DISTRACTION,,
2804347,2,OTHER_97,-112.151426017245,33.5128250222945,1,T_INTERSECTION,OTHER_97,PHOENIX,"2013-11-20 10:24:00",DROVE_RODE_IN_OPPOSING_TRAFFIC_LANE,NO_IMPROPER_ACTION,,
2804352,2,OTHER_97,-112.091417511455,33.4459775882246,2,FOUR_WAY_INTERSECTION,OTHER_97,PHOENIX,"2013-07-18 13:25:00",UNKNOWN_99,UNKNOWN_99,,
2805035,2,LEFT_TURN,-111.943198846341,33.480181411874,3,FOUR_WAY_INTERSECTION,LEFT_TURN,SCOTTSDALE,"2013-11-14 16:43:00",NO_IMPROPER_ACTION,NO_IMPROPER_ACTION,,
2805147,2,ANGLE_FRONT_TO_SIDE,-109.973279285396,34.1504283645292,2,NOT_AT_INTERSECTION_0,ANGLE_FRONT_TO_SIDE,PINETOP,"2013-12-09 15:41:00",INATTENTION_DISTRACTION,NO_IMPROPER_ACTION,,
2805398,2,ANGLE_FRONT_TO_SIDE,-111.926009427551,33.4686481914486,2,T_INTERSECTION,ANGLE_FRONT_TO_SIDE,SCOTTSDALE,"2013-11-01 18:16:00",DROVE_RODE_IN_OPPOSING_TRAFFIC_LANE,INATTENTION_DISTRACTION,,
2805483,2,OTHER_97,-111.978399169559,33.385476219711,1,FOUR_WAY_INTERSECTION,OTHER_97,PHOENIX,"2013-05-26 12:13:00",NO_IMPROPER_ACTION,INATTENTION_DISTRACTION,,
2805541,2,OTHER_97,-111.806993142477,33.291788831713,5,FOUR_WAY_INTERSECTION,OTHER_97,CHANDLER,"2013-11-01 22:18:00",DISREGARDED_TRAFFIC_SIGNAL,NO_IMPROPER_ACTION+NOT_APPLICABLE_MINUS_1,,
2805641,2,OTHER_97,-112.030528523571,33.4280607275337,2,T_INTERSECTION,OTHER_97,PHOENIX,"2013-11-13 07:20:00",NO_IMPROPER_ACTION,DISREGARDED_TRAFFIC_SIGNAL,,
2805852,2,ANGLE_FRONT_TO_SIDE,-111.869941989428,33.34963917341,1,T_INTERSECTION,ANGLE_FRONT_TO_SIDE,CHANDLER,"2013-10-24 12:00:00",WALKED_ON_WRONG_SIDE_OF_ROAD,NO_IMPROPER_ACTION,,
2806463,2,ANGLE_FRONT_TO_SIDE,-111.911124511972,33.3168482038685,2,NOT_AT_INTERSECTION_0,ANGLE_FRONT_TO_SIDE,CHANDLER,"2013-11-10 16:15:00",NO_IMPROPER_ACTION,FAILED_TO_YIELD_RIGHT_OF_WAY_103,,
2806505,2,ANGLE_FRONT_TO_SIDE,-111.908861889762,33.4943129292162,3,NOT_AT_INTERSECTION_0,ANGLE_FRONT_TO_SIDE,SCOTTSDALE,"2013-12-09 21:24:00",INATTENTION_DISTRACTION,NO_IMPROPER_ACTION,,
2806537,2,OTHER_97,-111.841673744069,33.2915809764487,2,FOUR_WAY_INTERSECTION,OTHER_97,CHANDLER,"2013-11-27 08:28:00",NO_IMPROPER_ACTION,INATTENTION_DISTRACTION,,
2806585,2,OTHER_97,-111.523998150635,33.002578205991,2,T_INTERSECTION,OTHER_97,COOLIDGE,"2013-12-07 08:23:00",DISREGARDED_TRAFFIC_SIGNAL,INATTENTION_DISTRACTION+NOT_APPLICABLE_MINUS_1,,
2806730,2,ANGLE_FRONT_TO_SIDE,-111.917503138384,33.4912813187695,3,UNKNOWN_99,ANGLE_FRONT_TO_SIDE,SCOTTSDALE,"2013-11-09 13:26:00",DROVE_RODE_IN_OPPOSING_TRAFFIC_LANE,NO_IMPROPER_ACTION,,
2806902,2,OTHER_97,-111.043208302221,32.3100208729869,5,NOT_REPORTED_255,OTHER_97,TUCSON,"2013-11-23 17:21:00",NO_IMPROPER_ACTION,FAILED_TO_KEEP_IN_PROPER_LANE,,
2807008,3,LEFT_TURN,-111.987030352999,33.4729644735579,4,NOT_AT_INTERSECTION_0,LEFT_TURN,PHOENIX,"2013-12-13 10:38:00",NO_IMPROPER_ACTION,FAILED_TO_YIELD_RIGHT_OF_WAY_103+NO_IMPROPER_ACTION,,
2807065,2,OTHER_97,-112.388708463657,33.6711264934064,5,T_INTERSECTION,OTHER_97,UNSPECIFIED_999,"2013-11-04 07:58:00",DROVE_RODE_IN_OPPOSING_TRAFFIC_LANE,INATTENTION_DISTRACTION,,
2807090,2,OTHER_97,-112.11125402348,33.6109450125606,5,UNKNOWN_99,OTHER_97,PHOENIX,"2013-11-14 06:40:00",FAILED_TO_YIELD_RIGHT_OF_WAY_103,UNKNOWN_99,,
2807846,2,ANGLE_FRONT_TO_SIDE,-111.716727346681,33.598703741625,2,T_INTERSECTION,ANGLE_FRONT_TO_SIDE,"FOUNTAIN HILLS","2013-12-03 13:02:00",NO_IMPROPER_ACTION,NO_IMPROPER_ACTION,,
2808508,2,OTHER_97,-113.836200240908,33.801928965199,2,NOT_AT_INTERSECTION_0,OTHER_97,UNSPECIFIED_999,"2013-11-14 07:17:00",NO_IMPROPER_ACTION,UNKNOWN_99,,
2808700,2,OTHER_97,-111.926264854138,33.4657180576843,3,FOUR_WAY_INTERSECTION,OTHER_97,SCOTTSDALE,"2013-12-02 22:04:00",NO_IMPROPER_ACTION,NO_IMPROPER_ACTION,,
2808727,2,ANGLE_FRONT_TO_SIDE,-111.908916029972,33.4876257474217,2,FOUR_WAY_INTERSECTION,ANGLE_FRONT_TO_SIDE,SCOTTSDALE,"2013-12-03 17:38:00",NO_IMPROPER_ACTION,INATTENTION_DISTRACTION,,
2808890,2,LEFT_TURN,-111.911148394272,33.3220523144556,3,NOT_AT_INTERSECTION_0,LEFT_TURN,CHANDLER,"2013-12-16 13:48:00",NO_IMPROPER_ACTION,INATTENTION_DISTRACTION,,
2808893,2,ANGLE_FRONT_TO_SIDE,-111.875403779984,33.3059876576218,3,NOT_REPORTED_255,ANGLE_FRONT_TO_SIDE,CHANDLER,"2013-12-02 07:30:00",NO_IMPROPER_ACTION,INATTENTION_DISTRACTION,,
2809001,2,ANGLE_FRONT_TO_SIDE,-111.951058944334,33.3052922922438,2,FOUR_WAY_INTERSECTION,ANGLE_FRONT_TO_SIDE,CHANDLER,"2013-12-05 17:46:00",NO_IMPROPER_ACTION,UNKNOWN_99,,
2809015,2,LEFT_TURN,-111.881334635408,33.3494835683731,2,T_INTERSECTION,LEFT_TURN,CHANDLER,"2013-12-05 09:39:00",NO_IMPROPER_ACTION,MADE_IMPROPER_TURN,,
2809422,2,LEFT_TURN,-112.082530640026,33.4492808035857,3,FOUR_WAY_INTERSECTION,LEFT_TURN,PHOENIX,"2013-12-23 08:25:00",NO_IMPROPER_ACTION,DROVE_RODE_IN_OPPOSING_TRAFFIC_LANE,,
2809535,2,ANGLE_FRONT_TO_SIDE,-112.203208846262,33.4977989392292,2,T_INTERSECTION,ANGLE_FRONT_TO_SIDE,PHOENIX,"2013-12-23 17:09:00",NO_IMPROPER_ACTION,INATTENTION_DISTRACTION,,
2809537,2,REAR_END,-112.076457902663,33.3527898885817,1,NOT_AT_INTERSECTION_0,REAR_END,PHOENIX,"2013-12-21 09:05:00",SPEED_TOO_FAST_FOR_CONDITIONS,NO_IMPROPER_ACTION,,
2809581,2,OTHER_97,-112.093213502119,33.3922411573142,3,T_INTERSECTION,OTHER_97,PHOENIX,"2013-12-18 17:38:00",NO_IMPROPER_ACTION,FAILED_TO_YIELD_RIGHT_OF_WAY_103,,
2809961,2,HEAD_ON,-112.047160797965,33.4047652597585,4,NOT_AT_INTERSECTION_0,HEAD_ON,PHOENIX,"2013-12-30 16:10:00",OTHER_97,INATTENTION_DISTRACTION,,
2811263,2,ANGLE_FRONT_TO_SIDE,-111.934736274846,33.4875532148359,4,FOUR_WAY_INTERSECTION,ANGLE_FRONT_TO_SIDE,SCOTTSDALE,"2013-12-21 09:54:00",FAILED_TO_KEEP_IN_PROPER_LANE,NO_IMPROPER_ACTION,,
2812228,2,OTHER_97,-111.841373458483,33.3022994300426,2,NOT_AT_INTERSECTION_0,OTHER_97,CHANDLER,"2013-12-13 11:03:00",OTHER_97,NO_IMPROPER_ACTION,,
2812244,2,ANGLE_FRONT_TO_SIDE,-111.866892305358,33.3386085634861,2,FOUR_WAY_INTERSECTION,ANGLE_FRONT_TO_SIDE,CHANDLER,"2013-12-12 16:15:00",OTHER_97,NO_IMPROPER_ACTION,,
2812506,2,OTHER_97,-111.859070190914,33.335110691636,1,FOUR_WAY_INTERSECTION,OTHER_97,CHANDLER,"2013-12-10 15:41:00",OTHER_97,NO_IMPROPER_ACTION,,
2812677,2,HEAD_ON,-111.893141564558,33.3493550579616,2,FOUR_WAY_INTERSECTION,HEAD_ON,CHANDLER,"2013-12-19 22:30:00",NO_IMPROPER_ACTION,MADE_IMPROPER_TURN,,
2812689,2,ANGLE_FRONT_TO_SIDE,-111.945647315681,33.2951811068429,1,T_INTERSECTION,ANGLE_FRONT_TO_SIDE,CHANDLER,"2013-12-24 05:09:00",DROVE_RODE_IN_OPPOSING_TRAFFIC_LANE,OTHER_97,,
2812751,2,ANGLE_FRONT_TO_SIDE,-111.799456496055,33.2572832479889,3,FOUR_WAY_INTERSECTION,ANGLE_FRONT_TO_SIDE,CHANDLER,"2013-12-21 13:31:00",OTHER_97,NOT_APPLICABLE_MINUS_1+NOT_APPLICABLE_MINUS_1+NO_IMPROPER_ACTION,,
2813343,2,ANGLE_FRONT_TO_SIDE,-111.930468978192,33.4876058667958,1,FOUR_WAY_INTERSECTION,ANGLE_FRONT_TO_SIDE,SCOTTSDALE,"2013-12-28 09:58:00",NO_IMPROPER_ACTION,UNSAFE_LANE_CHANGE,,
2813345,2,REAR_END,-111.956106699149,33.4800697466683,4,UNKNOWN_99,REAR_END,SCOTTSDALE,"2013-12-03 05:52:00",NO_IMPROPER_ACTION,SPEED_TOO_FAST_FOR_CONDITIONS,,
2813349,2,ANGLE_FRONT_TO_SIDE,-111.885815230426,33.5759130062002,3,UNKNOWN_99,ANGLE_FRONT_TO_SIDE,SCOTTSDALE,"2013-12-26 13:48:00",OTHER_97,UNKNOWN_99,,
2813546,2,LEFT_TURN,-111.909085838746,33.4585368848716,2,FOUR_WAY_INTERSECTION,LEFT_TURN,SCOTTSDALE,"2013-12-27 16:41:00",NO_IMPROPER_ACTION,MADE_IMPROPER_TURN,,
2813907,2,ANGLE_FRONT_TO_SIDE,-111.925976206366,33.5867195770829,3,FOUR_WAY_INTERSECTION,ANGLE_FRONT_TO_SIDE,SCOTTSDALE,"2013-12-31 14:24:00",OTHER_97,UNKNOWN_99,,
2814307,2,ANGLE_FRONT_TO_SIDE,0,0,1,T_INTERSECTION,ANGLE_FRONT_TO_SIDE,SCOTTSDALE,"2013-12-11 18:10:00",KNOWINGLY_OPERATED_WITH_FAULTY_MISSING_EQUIPMENT,NOT_APPLICABLE_MINUS_1+NO_IMPROPER_ACTION,,
2815194,2,ANGLE_FRONT_TO_SIDE,-112.202441050231,33.6250535959204,2,FOUR_WAY_INTERSECTION,ANGLE_FRONT_TO_SIDE,GLENDALE,"2013-12-28 18:30:00",OTHER_97,NO_IMPROPER_ACTION,,
2816504,2,OTHER_97,-112.173165049866,33.5095039976715,1,FOUR_WAY_INTERSECTION,OTHER_97,GLENDALE,"2013-12-10 15:11:00",DROVE_RODE_IN_OPPOSING_TRAFFIC_LANE,NO_IMPROPER_ACTION,,
2816855,2,OTHER_97,-112.151724125605,33.5114768337361,2,T_INTERSECTION,OTHER_97,GLENDALE,"2013-12-03 13:41:00",FAILED_TO_KEEP_IN_PROPER_LANE,UNKNOWN_99,,
2816917,2,ANGLE_FRONT_TO_SIDE,-112.184530600019,33.6107572566983,3,NOT_AT_INTERSECTION_0,ANGLE_FRONT_TO_SIDE,GLENDALE,"2013-12-11 13:27:00",DROVE_RODE_IN_OPPOSING_TRAFFIC_LANE,NO_IMPROPER_ACTION,,
2817276,2,ANGLE_FRONT_TO_SIDE,-112.211823118823,33.5619433927018,2,NOT_REPORTED_255,ANGLE_FRONT_TO_SIDE,PEORIA,"2013-11-23 20:38:00",OTHER_97,NO_IMPROPER_ACTION,,
2818050,2,ANGLE_FRONT_TO_SIDE,-112.197647047903,33.6250901869905,1,UNKNOWN_99,ANGLE_FRONT_TO_SIDE,GLENDALE,"2013-12-13 18:01:00",DROVE_RODE_IN_OPPOSING_TRAFFIC_LANE,NO_IMPROPER_ACTION+NOT_APPLICABLE_MINUS_1,,
2818053,2,ANGLE_FRONT_TO_SIDE,-112.115685336184,33.4804553672028,1,NOT_AT_INTERSECTION_0,ANGLE_FRONT_TO_SIDE,PHOENIX,"2013-11-03 16:06:00",UNKNOWN_99,NO_IMPROPER_ACTION+NOT_APPLICABLE_MINUS_1,,
2838941,2,OTHER_97,-112.128099214194,33.4659504423442,5,NOT_AT_INTERSECTION_0,OTHER_97,PHOENIX,"2013-10-03 17:39:00",FAILED_TO_YIELD_RIGHT_OF_WAY_103,NO_IMPROPER_ACTION+NOT_APPLICABLE_MINUS_1,,
2838948,2,OTHER_97,-112.099960336883,33.465863520016,5,FIVE_POINT_OR_MORE,OTHER_97,PHOENIX,"2013-11-29 21:10:00",DISREGARDED_TRAFFIC_SIGNAL,NO_IMPROPER_ACTION,,