IncidentID,num_vehicles_involved,eCollisionManner,Longitude,Latitude,InjurySeverity,eIntersectionType,eCollisionManner,city_name,IncidentDateTime,cyclist_citations,driver_citations,nearest_count_site,distance_to_nearest_count_site
2233670,2,REAR_END,-114.632878495472,32.6839620543577,2,NOT_AT_INTERSECTION_0,REAR_END,YUMA,"2009-01-15 15:38:00",INATTENTION_DISTRACTION,NO_IMPROPER_ACTION,,
2236440,2,ANGLE_FRONT_TO_SIDE,-114.612042418737,32.6820392959551,3,T_INTERSECTION,ANGLE_FRONT_TO_SIDE,YUMA,"2009-01-03 11:39:00",INATTENTION_DISTRACTION,NO_IMPROPER_ACTION,,
2264607,2,ANGLE_FRONT_TO_SIDE,-114.024828231403,35.2248881267792,2,FOUR_WAY_INTERSECTION,ANGLE_FRONT_TO_SIDE,KINGMAN,"2009-02-06 14:03:00",OTHER_97,NO_IMPROPER_ACTION+NOT_APPLICABLE_MINUS_1,,
2264680,2,ANGLE_FRONT_TO_SIDE,-114.628902425242,32.687603899724,3,FOUR_WAY_INTERSECTION,ANGLE_FRONT_TO_SIDE,YUMA,"2009-02-04 14:05:00",INATTENTION_DISTRACTION,INATTENTION_DISTRACTION+NOT_APPLICABLE_MINUS_1,,
2268477,2,ANGLE_FRONT_TO_SIDE,-114.650430250298,32.6984847566717,4,FOUR_WAY_INTERSECTION,ANGLE_FRONT_TO_SIDE,YUMA,"2009-02-27 10:30:00",DISREGARDED_TRAFFIC_SIGNAL,NO_IMPROPER_ACTION,,
2269478,2,REAR_END,-114.018156182659,35.2393946509563,2,NOT_AT_INTERSECTION_0,REAR_END,KINGMAN,"2009-02-12 07:10:00",NO_IMPROPER_ACTION,NOT_APPLICABLE_MINUS_1+OTHER_UNSAFE_PASSING,,
2270110,2,ANGLE_FRONT_TO_SIDE,-114.615937637252,32.6798577006498,3,FOUR_WAY_INTERSECTION,ANGLE_FRONT_TO_SIDE,YUMA,"2009-02-14 14:22:00",OTHER_97,FAILED_TO_YIELD_RIGHT_OF_WAY_103+NOT_APPLICABLE_MINUS_1,,
2270575,2,ANGLE_FRONT_TO_SIDE,-114.648369582265,32.7130708498611,1,NOT_AT_INTERSECTION_0,ANGLE_FRONT_TO_SIDE,YUMA,"2009-02-26 20:44:00",INATTENTION_DISTRACTION,NOT_APPLICABLE_MINUS_1+NO_IMPROPER_ACTION,,
2271311,2,ANGLE_FRONT_TO_SIDE,-114.011607340585,35.2556584872763,2,FOUR_WAY_INTERSECTION,ANGLE_FRONT_TO_SIDE,UNSPECIFIED_999,"2009-02-06 18:07:00",NO_IMPROPER_ACTION,NO_IMPROPER_ACTION,,
2274328,2,ANGLE_FRONT_TO_SIDE,-114.271577024771,34.4622616674211,3,T_INTERSECTION,ANGLE_FRONT_TO_SIDE,"LAKE HAVASU CITY","2009-03-02 07:39:00",NO_IMPROPER_ACTION,NOT_APPLICABLE_MINUS_1+FAILED_TO_YIELD_RIGHT_OF_WAY_103+NOT_APPLICABLE_MINUS_1+NOT_APPLICABLE_MINUS_1,,
2275309,2,SIDESWIPE_SAME_DIRECTION,-114.648370136421,32.7122485126266,1,NOT_AT_INTERSECTION_0,SIDESWIPE_SAME_DIRECTION,UNSPECIFIED_999,"2009-02-26 20:17:00",OTHER_97,NO_IMPROPER_ACTION,,
2277198,2,LEFT_TURN,-114.624810618808,32.6985167044423,1,FOUR_WAY_INTERSECTION,LEFT_TURN,YUMA,"2009-03-10 14:58:00",DROVE_RODE_IN_OPPOSING_TRAFFIC_LANE,NO_IMPROPER_ACTION,,
2277586,2,ANGLE_FRONT_TO_SIDE,-114.279812936472,34.4608747770915,3,T_INTERSECTION,ANGLE_FRONT_TO_SIDE,"LAKE HAVASU CITY","2009-03-19 19:01:00",KNOWINGLY_OPERATED_WITH_FAULTY_MISSING_EQUIPMENT,NO_IMPROPER_ACTION,,
2281499,2,LEFT_TURN,-114.622002438956,35.1078449394591,3,FOUR_WAY_INTERSECTION,LEFT_TURN,"BULLHEAD CITY","2009-03-31 17:22:00",FAILED_TO_YIELD_RIGHT_OF_WAY_103,NO_IMPROPER_ACTION,,
2281875,2,ANGLE_FRONT_TO_SIDE,-114.602613000172,32.6840441715922,3,NOT_AT_INTERSECTION_0,ANGLE_FRONT_TO_SIDE,YUMA,"2009-03-24 21:14:00",KNOWINGLY_OPERATED_WITH_FAULTY_MISSING_EQUIPMENT,NO_IMPROPER_ACTION,,
2282360,2,HEAD_ON,-114.028295792389,35.2407605241129,2,NOT_AT_INTERSECTION_0,HEAD_ON,UNSPECIFIED_999,"2009-03-16 16:00:00",NO_IMPROPER_ACTION,UNKNOWN_99,,
2287485,2,ANGLE_FRONT_TO_SIDE,-114.633202636744,32.683961920758,4,NOT_AT_INTERSECTION_0,ANGLE_FRONT_TO_SIDE,YUMA,"2009-04-10 12:24:00",INATTENTION_DISTRACTION,NOT_APPLICABLE_MINUS_1+INATTENTION_DISTRACTION,,
2287553,2,ANGLE_FRONT_TO_SIDE,-114.624398918304,32.6733509178142,3,FOUR_WAY_INTERSECTION,ANGLE_FRONT_TO_SIDE,YUMA,"2009-04-07 10:32:00",DROVE_RODE_IN_OPPOSING_TRAFFIC_LANE,NO_IMPROPER_ACTION,,
2289388,2,ANGLE_FRONT_TO_SIDE,-114.622645970341,32.7130793541353,3,NOT_AT_INTERSECTION_0,ANGLE_FRONT_TO_SIDE,YUMA,"2009-04-16 13:15:00",INATTENTION_DISTRACTION,INATTENTION_DISTRACTION+NOT_APPLICABLE_MINUS_1,,
2289905,2,ANGLE_FRONT_TO_SIDE,-114.641254672569,32.713078971618,3,NOT_AT_INTERSECTION_0,ANGLE_FRONT_TO_SIDE,YUMA,"2009-04-15 10:14:00",INATTENTION_DISTRACTION,INATTENTION_DISTRACTION,,
2290931,2,UNKNOWN_99,-114.633265209866,32.7002325373285,1,FOUR_WAY_INTERSECTION,UNKNOWN_99,YUMA,"2009-04-24 21:19:00",UNKNOWN_99,UNKNOWN_99,,
2291664,2,OTHER_97,-114.650567507727,32.6838483041074,3,NOT_AT_INTERSECTION_0,OTHER_97,YUMA,"2009-04-23 21:34:00",UNKNOWN_99,UNKNOWN_99,,
2292394,2,ANGLE_FRONT_TO_SIDE,-114.004640285753,35.2625237525131,2,NOT_AT_INTERSECTION_0,ANGLE_FRONT_TO_SIDE,UNSPECIFIED_999,"2009-04-14 18:38:00",INATTENTION_DISTRACTION,NO_IMPROPER_ACTION,,
2296458,2,ANGLE_FRONT_TO_SIDE,-114.577387350686,35.1266205887919,3,NOT_AT_INTERSECTION_0,ANGLE_FRONT_TO_SIDE,"BULLHEAD CITY","2009-03-05 15:19:00",FAILED_TO_YIELD_RIGHT_OF_WAY_103,NO_IMPROPER_ACTION,,
2297531,2,ANGLE_FRONT_TO_SIDE,-114.632243344426,32.6985073196946,3,NOT_AT_INTERSECTION_0,ANGLE_FRONT_TO_SIDE,YUMA,"2009-05-08 17:30:00",UNSAFE_LANE_CHANGE,NO_IMPROPER_ACTION+NOT_APPLICABLE_MINUS_1+NOT_APPLICABLE_MINUS_1+NOT_APPLICABLE_MINUS_1,,
2298359,2,ANGLE_FRONT_TO_SIDE,-114.650437542711,32.713094437197,3,FOUR_WAY_INTERSECTION,ANGLE_FRONT_TO_SIDE,YUMA,"2009-05-05 15:43:00",INATTENTION_DISTRACTION,INATTENTION_DISTRACTION,,
2303320,2,ANGLE_FRONT_TO_SIDE,-114.603793873876,35.1005215759836,3,T_INTERSECTION,ANGLE_FRONT_TO_SIDE,"BULLHEAD CITY","2009-05-20 10:14:00",DROVE_RODE_IN_OPPOSING_TRAFFIC_LANE,NOT_APPLICABLE_MINUS_1+NO_IMPROPER_ACTION,,
2304660,2,ANGLE_FRONT_TO_SIDE,-114.631629816742,32.698508418985,2,FOUR_WAY_INTERSECTION,ANGLE_FRONT_TO_SIDE,YUMA,"2009-05-28 20:59:00",FAILED_TO_YIELD_RIGHT_OF_WAY_103,NO_IMPROPER_ACTION+NOT_APPLICABLE_MINUS_1+NOT_APPLICABLE_MINUS_1+NOT_APPLICABLE_MINUS_1+NOT_APPLICABLE_MINUS_1,,
2306432,2,REAR_END,-114.545600476785,35.0894702221386,5,NOT_AT_INTERSECTION_0,REAR_END,"BULLHEAD CITY","2009-09-09 04:12:00",NO_IMPROPER_ACTION,OTHER_97,,
2308146,2,ANGLE_FRONT_TO_SIDE,-114.606567361819,32.6985569906918,2,FOUR_WAY_INTERSECTION,ANGLE_FRONT_TO_SIDE,YUMA,"2009-05-26 18:11:00",DROVE_RODE_IN_OPPOSING_TRAFFIC_LANE,NO_IMPROPER_ACTION,,
2313433,2,SIDESWIPE_SAME_DIRECTION,-114.037808127107,35.2394719814086,3,FOUR_WAY_INTERSECTION,SIDESWIPE_SAME_DIRECTION,KINGMAN,"2009-06-13 20:05:00",KNOWINGLY_OPERATED_WITH_FAULTY_MISSING_EQUIPMENT,FAILED_TO_YIELD_RIGHT_OF_WAY_103,,
2313508,2,ANGLE_FRONT_TO_SIDE,-114.650553528951,32.7057739132407,2,FOUR_WAY_INTERSECTION,ANGLE_FRONT_TO_SIDE,YUMA,"2009-06-11 12:18:00",DROVE_RODE_IN_OPPOSING_TRAFFIC_LANE,NO_IMPROPER_ACTION,,
2313610,2,SIDESWIPE_SAME_DIRECTION,-114.285416120496,34.1496845814872,1,NOT_AT_INTERSECTION_0,SIDESWIPE_SAME_DIRECTION,PARKER,"2009-05-27 15:30:00",NO_IMPROPER_ACTION,EXCEEDED_LAWFUL_SPEED,,
2319455,2,SIDESWIPE_SAME_DIRECTION,-114.368154638986,34.5978660974846,3,NOT_AT_INTERSECTION_0,SIDESWIPE_SAME_DIRECTION,UNSPECIFIED_999,"2009-07-11 07:28:00",NO_IMPROPER_ACTION,FAILED_TO_KEEP_IN_PROPER_LANE,,
2320109,2,LEFT_TURN,-114.297869038498,34.4554480441611,3,NOT_AT_INTERSECTION_0,LEFT_TURN,"LAKE HAVASU CITY","2009-07-09 08:48:00",DROVE_RODE_IN_OPPOSING_TRAFFIC_LANE,NO_IMPROPER_ACTION,,
2321638,2,LEFT_TURN,-114.581925202335,35.1229764540062,2,NOT_AT_INTERSECTION_0,LEFT_TURN,"BULLHEAD CITY","2009-06-21 16:20:00",INATTENTION_DISTRACTION,NO_IMPROPER_ACTION,,
2321884,2,ANGLE_FRONT_TO_SIDE,-114.580811503986,35.1237079203293,2,NOT_AT_INTERSECTION_0,ANGLE_FRONT_TO_SIDE,"BULLHEAD CITY","2009-07-10 12:10:00",DROVE_RODE_IN_OPPOSING_TRAFFIC_LANE,INATTENTION_DISTRACTION,,
2324514,2,ANGLE_FRONT_TO_SIDE,-114.023648665151,35.2025246672999,3,T_INTERSECTION,ANGLE_FRONT_TO_SIDE,KINGMAN,"2009-07-31 09:23:00",NO_IMPROPER_ACTION,FAILED_TO_YIELD_RIGHT_OF_WAY_103,,
2324860,2,ANGLE_FRONT_TO_SIDE,-114.035129687476,35.2139627983122,3,FOUR_WAY_INTERSECTION,ANGLE_FRONT_TO_SIDE,KINGMAN,"2009-07-31 15:06:00",OTHER_97,UNKNOWN_99,,
2325119,2,ANGLE_FRONT_TO_SIDE,-114.5980053588,35.1006075939689,3,FOUR_WAY_INTERSECTION,ANGLE_FRONT_TO_SIDE,"BULLHEAD CITY","2009-07-28 06:54:00",NO_IMPROPER_ACTION,FAILED_TO_YIELD_RIGHT_OF_WAY_103,,
2327598,3,LEFT_TURN,-114.708343953051,32.6110302750181,5,NOT_AT_INTERSECTION_0,LEFT_TURN,UNSPECIFIED_999,"2009-09-24 06:40:00",UNKNOWN_99+NO_IMPROPER_ACTION,OTHER_UNSAFE_PASSING,,
2331396,2,SIDESWIPE_SAME_DIRECTION,-114.330399066908,34.5224048456065,3,NOT_AT_INTERSECTION_0,SIDESWIPE_SAME_DIRECTION,"LAKE HAVASU CITY","2009-08-07 20:37:00",INATTENTION_DISTRACTION,NOT_APPLICABLE_MINUS_1+NO_IMPROPER_ACTION,,
2332630,2,LEFT_TURN,-114.011601596272,35.2538782145733,3,FOUR_WAY_INTERSECTION,LEFT_TURN,UNSPECIFIED_999,"2009-07-28 09:55:00",NO_IMPROPER_ACTION,FAILED_TO_YIELD_RIGHT_OF_WAY_103,,
2333579,2,ANGLE_FRONT_TO_SIDE,-114.597996767293,34.9962180610521,5,NOT_AT_INTERSECTION_0,ANGLE_FRONT_TO_SIDE,UNSPECIFIED_999,"2009-12-23 17:50:00",FAILED_TO_YIELD_RIGHT_OF_WAY_103,NO_IMPROPER_ACTION,,
2337382,2,OTHER_97,-114.28925782556,34.142803181521,1,FOUR_WAY_INTERSECTION,OTHER_97,PARKER,"2009-08-01 20:55:00",UNKNOWN_99,SPEED_TOO_FAST_FOR_CONDITIONS,,
2340132,2,ANGLE_FRONT_TO_SIDE,-114.628705886306,32.672928413254,2,FOUR_WAY_INTERSECTION,ANGLE_FRONT_TO_SIDE,YUMA,"2009-09-09 17:13:00",UNKNOWN_99,UNKNOWN_99,,
2340523,2,ANGLE_FRONT_TO_SIDE,-114.614286990392,35.1078777496766,3,NOT_AT_INTERSECTION_0,ANGLE_FRONT_TO_SIDE,"BULLHEAD CITY","2009-09-10 15:22:00",FAILED_TO_YIELD_RIGHT_OF_WAY_103,NO_IMPROPER_ACTION+NOT_APPLICABLE_MINUS_1,,
2340936,2,ANGLE_FRONT_TO_SIDE,-114.615967989487,32.6805037270605,3,NOT_AT_INTERSECTION_0,ANGLE_FRONT_TO_SIDE,YUMA,"2009-09-18 16:00:00",UNKNOWN_99,UNKNOWN_99,,
2341960,2,SIDESWIPE_OPPOSITE_DIRECTION,-114.011632205799,35.2248697400296,2,FOUR_WAY_INTERSECTION,SIDESWIPE_OPPOSITE_DIRECTION,KINGMAN,"2009-09-06 19:36:00",NO_IMPROPER_ACTION,NOT_APPLICABLE_MINUS_1+FAILED_TO_YIELD_RIGHT_OF_WAY_103,,
2344289,2,ANGLE_FRONT_TO_SIDE,-114.026741582775,35.2539821151894,2,T_INTERSECTION,ANGLE_FRONT_TO_SIDE,UNSPECIFIED_999,"2009-09-16 17:18:00",RAN_STOP_SIGN,NO_IMPROPER_ACTION,,
2350066,2,ANGLE_FRONT_TO_SIDE,-114.206853169342,33.6647479444535,4,NOT_AT_INTERSECTION_0,ANGLE_FRONT_TO_SIDE,QUARTZSITE,"2009-10-27 08:45:00",FAILED_TO_YIELD_RIGHT_OF_WAY_103,NO_IMPROPER_ACTION,,
2353008,2,ANGLE_FRONT_TO_SIDE,-114.624405047664,32.7233297145726,4,FOUR_WAY_INTERSECTION,ANGLE_FRONT_TO_SIDE,YUMA,"2009-10-22 08:01:00",NO_IMPROPER_ACTION,MADE_IMPROPER_TURN+NOT_APPLICABLE_MINUS_1,,
2353523,2,ANGLE_FRONT_TO_SIDE,-114.623159425772,35.0992771743848,4,T_INTERSECTION,ANGLE_FRONT_TO_SIDE,"BULLHEAD CITY","2009-10-30 17:28:00",DROVE_RODE_IN_OPPOSING_TRAFFIC_LANE,NOT_APPLICABLE_MINUS_1+NO_IMPROPER_ACTION,,
2360204,2,ANGLE_FRONT_TO_SIDE,-114.634823793181,32.683956419053,1,NOT_AT_INTERSECTION_0,ANGLE_FRONT_TO_SIDE,YUMA,"2009-11-17 13:06:00",OTHER_97,FAILED_TO_YIELD_RIGHT_OF_WAY_103,,
2360613,2,LEFT_TURN,-114.324827820672,34.4798126731224,3,FOUR_WAY_INTERSECTION,LEFT_TURN,"LAKE HAVASU CITY","2009-11-21 11:34:00",INATTENTION_DISTRACTION,NO_IMPROPER_ACTION,,
2361391,2,ANGLE_FRONT_TO_SIDE,-114.633183748232,32.6831385495963,4,NOT_AT_INTERSECTION_0,ANGLE_FRONT_TO_SIDE,YUMA,"2009-11-24 15:38:00",NOT_APPLICABLE_MINUS_1+OTHER_97,NO_IMPROPER_ACTION,,
2362611,2,SIDESWIPE_SAME_DIRECTION,-114.628805738567,32.6875222008427,2,FOUR_WAY_INTERSECTION,SIDESWIPE_SAME_DIRECTION,YUMA,"2009-11-25 14:26:00",UNKNOWN_99,UNKNOWN_99,,
2366664,2,LEFT_TURN,-114.630544060056,35.1012165607712,4,FOUR_WAY_INTERSECTION,LEFT_TURN,"BULLHEAD CITY","2009-12-26 11:22:00",INATTENTION_DISTRACTION,NO_IMPROPER_ACTION,,
2367770,2,OTHER_97,-114.267248824177,34.4791191109107,1,T_INTERSECTION,OTHER_97,"LAKE HAVASU CITY","2009-12-01 10:54:00",NO_IMPROPER_ACTION,MADE_IMPROPER_TURN,,
2367779,2,ANGLE_FRONT_TO_SIDE,-114.624854018475,32.6839676016841,1,FOUR_WAY_INTERSECTION,ANGLE_FRONT_TO_SIDE,YUMA,"2009-12-03 13:26:00",INATTENTION_DISTRACTION,INATTENTION_DISTRACTION,,
2368518,2,ANGLE_FRONT_TO_SIDE,-114.025079265842,35.2249207940973,2,FOUR_WAY_INTERSECTION,ANGLE_FRONT_TO_SIDE,KINGMAN,"2009-12-07 18:51:00",NO_IMPROPER_ACTION,NO_IMPROPER_ACTION,,
2368877,2,ANGLE_FRONT_TO_SIDE,-114.619175632367,32.684002009837,4,T_INTERSECTION,ANGLE_FRONT_TO_SIDE,YUMA,"2009-12-04 16:40:00",FAILED_TO_YIELD_RIGHT_OF_WAY_103,NO_IMPROPER_ACTION,,
2332965,2,HEAD_ON,-114.295979721615,34.1572653551913,5,T_INTERSECTION,HEAD_ON,PARKER,"2010-02-09 18:09:00",NO_IMPROPER_ACTION,DROVE_RODE_IN_OPPOSING_TRAFFIC_LANE,,
2377355,2,ANGLE_FRONT_TO_SIDE,-114.650408164386,32.7057665510314,2,FOUR_WAY_INTERSECTION,ANGLE_FRONT_TO_SIDE,YUMA,"2010-01-09 09:36:00",DROVE_RODE_IN_OPPOSING_TRAFFIC_LANE,NOT_APPLICABLE_MINUS_1+NO_IMPROPER_ACTION+NOT_APPLICABLE_MINUS_1+NOT_APPLICABLE_MINUS_1,,
2378110,2,OTHER_97,-114.624767470788,32.7010397070109,2,T_INTERSECTION,OTHER_97,YUMA,"2010-01-13 14:50:00",SPEED_TOO_FAST_FOR_CONDITIONS,NO_IMPROPER_ACTION,,
2378190,2,SIDESWIPE_SAME_DIRECTION,-114.011588943735,35.2199531301974,3,NOT_AT_INTERSECTION_0,SIDESWIPE_SAME_DIRECTION,KINGMAN,"2010-01-09 11:43:00",UNKNOWN_99,NO_IMPROPER_ACTION+NOT_APPLICABLE_MINUS_1+NOT_APPLICABLE_MINUS_1,,
2379791,2,ANGLE_FRONT_TO_SIDE,-114.641259100058,32.6839187961058,3,T_INTERSECTION,ANGLE_FRONT_TO_SIDE,YUMA,"2010-01-31 12:34:00",NO_IMPROPER_ACTION,INATTENTION_DISTRACTION,,
2386183,2,ANGLE_FRONT_TO_SIDE,-114.620802282569,32.7110417069661,4,T_INTERSECTION,ANGLE_FRONT_TO_SIDE,UNSPECIFIED_999,"2010-02-17 14:47:00",FAILED_TO_YIELD_RIGHT_OF_WAY_103,NO_IMPROPER_ACTION,,
2386400,2,LEFT_TURN,-114.340985366769,34.4842694099078,4,T_INTERSECTION,LEFT_TURN,"LAKE HAVASU CITY","2010-02-02 14:49:00",DROVE_RODE_IN_OPPOSING_TRAFFIC_LANE,NO_IMPROPER_ACTION,,
2387864,2,ANGLE_FRONT_TO_SIDE,-114.337069661683,34.4758118167354,3,NOT_AT_INTERSECTION_0,ANGLE_FRONT_TO_SIDE,"LAKE HAVASU CITY","2010-02-23 10:25:00",NO_IMPROPER_ACTION,FAILED_TO_YIELD_RIGHT_OF_WAY_103,,
2389417,2,OTHER_97,-114.024789830433,35.2139507278801,4,T_INTERSECTION,OTHER_97,KINGMAN,"2010-09-16 07:11:00",INATTENTION_DISTRACTION,NO_IMPROPER_ACTION,,
2394227,2,ANGLE_FRONT_TO_SIDE,-114.024828636412,35.2248967039791,2,FOUR_WAY_INTERSECTION,ANGLE_FRONT_TO_SIDE,KINGMAN,"2010-03-01 10:30:00",OTHER_97,NO_IMPROPER_ACTION,,
2394282,2,ANGLE_FRONT_TO_SIDE,-114.624638634491,32.6932579940669,3,NOT_AT_INTERSECTION_0,ANGLE_FRONT_TO_SIDE,YUMA,"2010-03-04 18:21:00",FAILED_TO_YIELD_RIGHT_OF_WAY_103,NO_IMPROPER_ACTION,,
2394918,2,ANGLE_FRONT_TO_SIDE,-114.598051937025,35.0940333352507,2,NOT_AT_INTERSECTION_0,ANGLE_FRONT_TO_SIDE,"BULLHEAD CITY","2010-03-11 10:12:00",KNOWINGLY_OPERATED_WITH_FAULTY_MISSING_EQUIPMENT,NO_IMPROPER_ACTION,,
2395090,2,ANGLE_FRONT_TO_SIDE,-114.298641596428,34.4686981913782,4,NOT_AT_INTERSECTION_0,ANGLE_FRONT_TO_SIDE,"LAKE HAVASU CITY","2010-03-16 08:37:00",NO_IMPROPER_ACTION,MADE_IMPROPER_TURN,,
2395730,2,ANGLE_FRONT_TO_SIDE,-114.322936179133,34.4759073915767,3,NOT_AT_INTERSECTION_0,ANGLE_FRONT_TO_SIDE,"LAKE HAVASU CITY","2010-03-25 12:46:00",NO_IMPROPER_ACTION,INATTENTION_DISTRACTION,,