IncidentID,num_vehicles_involved,eCollisionManner,Longitude,Latitude,InjurySeverity,eIntersectionType,eCollisionManner,city_name,IncidentDateTime,cyclist_citations,driver_citations,nearest_count_site,distance_to_nearest_count_site
2395759,2,SIDESWIPE_SAME_DIRECTION,-114.292682437986,34.4828296709514,3,NOT_AT_INTERSECTION_0,SIDESWIPE_SAME_DIRECTION,"LAKE HAVASU CITY","2010-03-29 07:45:00",MADE_IMPROPER_TURN,NOT_APPLICABLE_MINUS_1+NO_IMPROPER_ACTION+NOT_APPLICABLE_MINUS_1+NOT_APPLICABLE_MINUS_1+NOT_APPLICABLE_MINUS_1,,
2397377,2,OTHER_97,-114.650414193628,32.708093737033,3,NOT_AT_INTERSECTION_0,OTHER_97,YUMA,"2010-03-24 15:13:00",UNKNOWN_99,UNKNOWN_99+NOT_APPLICABLE_MINUS_1,,
2398538,2,ANGLE_FRONT_TO_SIDE,-114.650490094448,32.718526416066,3,T_INTERSECTION,ANGLE_FRONT_TO_SIDE,UNSPECIFIED_999,"2010-03-23 16:30:00",INATTENTION_DISTRACTION,NO_IMPROPER_ACTION,,
2404282,2,ANGLE_FRONT_TO_SIDE,-114.612947555663,35.1049127108376,3,NOT_AT_INTERSECTION_0,ANGLE_FRONT_TO_SIDE,"BULLHEAD CITY","2010-04-12 15:19:00",DROVE_RODE_IN_OPPOSING_TRAFFIC_LANE,NO_IMPROPER_ACTION+NOT_APPLICABLE_MINUS_1,,
2405279,2,ANGLE_FRONT_TO_SIDE,-114.029165104602,35.2075124614484,2,T_INTERSECTION,ANGLE_FRONT_TO_SIDE,KINGMAN,"2010-04-09 15:09:00",FAILED_TO_YIELD_RIGHT_OF_WAY_103,NO_IMPROPER_ACTION,,
2405672,2,LEFT_TURN,-114.59884136747,32.6800295249665,3,FOUR_WAY_INTERSECTION,LEFT_TURN,YUMA,"2010-04-20 08:35:00",DROVE_RODE_IN_OPPOSING_TRAFFIC_LANE,FAILED_TO_YIELD_RIGHT_OF_WAY_103,,
2412911,2,ANGLE_FRONT_TO_SIDE,-114.281141401594,34.4624038465559,4,FOUR_WAY_INTERSECTION,ANGLE_FRONT_TO_SIDE,"LAKE HAVASU CITY","2010-05-04 14:35:00",FAILED_TO_YIELD_RIGHT_OF_WAY_103,NO_IMPROPER_ACTION,,
2413109,2,ANGLE_FRONT_TO_SIDE,-114.324847579498,34.4798235678142,3,FOUR_WAY_INTERSECTION,ANGLE_FRONT_TO_SIDE,"LAKE HAVASU CITY","2010-05-07 14:44:00",FAILED_TO_YIELD_RIGHT_OF_WAY_103,NO_IMPROPER_ACTION+NOT_APPLICABLE_MINUS_1+NOT_APPLICABLE_MINUS_1+NOT_APPLICABLE_MINUS_1,,
2413655,2,ANGLE_FRONT_TO_SIDE,-114.621352551529,32.6930870343893,4,FOUR_WAY_INTERSECTION,ANGLE_FRONT_TO_SIDE,YUMA,"2010-05-11 18:19:00",FAILED_TO_YIELD_RIGHT_OF_WAY_103,NOT_APPLICABLE_MINUS_1+NOT_APPLICABLE_MINUS_1+NO_IMPROPER_ACTION+NOT_APPLICABLE_MINUS_1,,
2414541,2,LEFT_TURN,-114.339384878293,34.4680424724982,3,FOUR_WAY_INTERSECTION,LEFT_TURN,"LAKE HAVASU CITY","2010-05-20 13:29:00",NO_IMPROPER_ACTION,FAILED_TO_YIELD_RIGHT_OF_WAY_103,,
2414919,2,ANGLE_FRONT_TO_SIDE,-114.599276994058,35.1151983203773,3,NOT_AT_INTERSECTION_0,ANGLE_FRONT_TO_SIDE,"BULLHEAD CITY","2010-05-25 14:33:00",NO_IMPROPER_ACTION,NO_IMPROPER_ACTION,,
2416196,2,ANGLE_FRONT_TO_SIDE,-114.002857307844,35.2649849110468,3,T_INTERSECTION,ANGLE_FRONT_TO_SIDE,UNSPECIFIED_999,"2010-05-27 13:00:00",RAN_STOP_SIGN,NOT_APPLICABLE_MINUS_1+NO_IMPROPER_ACTION,,
2420347,2,ANGLE_FRONT_TO_SIDE,-114.607788023239,32.6840156658263,3,T_INTERSECTION,ANGLE_FRONT_TO_SIDE,YUMA,"2010-06-12 13:36:00",DROVE_RODE_IN_OPPOSING_TRAFFIC_LANE,INATTENTION_DISTRACTION,,
2428559,2,ANGLE_FRONT_TO_SIDE,-114.011601235398,35.2538597265365,2,FOUR_WAY_INTERSECTION,ANGLE_FRONT_TO_SIDE,UNSPECIFIED_999,"2010-07-29 11:19:00",UNSAFE_LANE_CHANGE,NO_IMPROPER_ACTION,,
2429268,2,LEFT_TURN,-114.639617088387,32.6839300872829,3,T_INTERSECTION,LEFT_TURN,YUMA,"2010-07-12 16:22:00",NO_IMPROPER_ACTION,UNKNOWN_99,,
2430261,2,SIDESWIPE_OPPOSITE_DIRECTION,-114.650437543723,32.7129876562853,3,FOUR_WAY_INTERSECTION,SIDESWIPE_OPPOSITE_DIRECTION,UNSPECIFIED_999,"2010-07-14 21:33:00",UNKNOWN_99,SPEED_TOO_FAST_FOR_CONDITIONS,,
2430546,2,OTHER_97,-114.624620731449,35.1130609321856,2,FOUR_WAY_INTERSECTION,OTHER_97,"BULLHEAD CITY","2010-07-13 20:45:00",NO_IMPROPER_ACTION,DISREGARDED_TRAFFIC_SIGNAL+NOT_APPLICABLE_MINUS_1,,
2431220,2,ANGLE_FRONT_TO_SIDE,-114.63300895306,32.6647818070624,3,T_INTERSECTION,ANGLE_FRONT_TO_SIDE,YUMA,"2010-07-27 12:52:00",NO_IMPROPER_ACTION,OTHER_97,,
2431275,2,REAR_END,-114.623912053302,34.9256336249321,3,UNKNOWN_99,REAR_END,UNSPECIFIED_999,"2010-07-17 07:45:00",NO_IMPROPER_ACTION,OTHER_UNSAFE_PASSING,,
2431561,2,SIDESWIPE_OPPOSITE_DIRECTION,-114.668571120816,32.7130630942156,3,T_INTERSECTION,SIDESWIPE_OPPOSITE_DIRECTION,UNSPECIFIED_999,"2010-07-22 18:22:00",DROVE_RODE_IN_OPPOSING_TRAFFIC_LANE,INATTENTION_DISTRACTION,,
2437671,2,HEAD_ON,-114.033643985369,35.2031571778343,4,FOUR_WAY_INTERSECTION,HEAD_ON,KINGMAN,"2010-07-22 21:16:00",OTHER_97,NO_IMPROPER_ACTION,,
2440326,2,SIDESWIPE_OPPOSITE_DIRECTION,-114.601339744306,35.1167240102731,1,T_INTERSECTION,SIDESWIPE_OPPOSITE_DIRECTION,"BULLHEAD CITY","2010-08-19 19:41:00",DROVE_RODE_IN_OPPOSING_TRAFFIC_LANE,NO_IMPROPER_ACTION,,
2441422,2,UNKNOWN_99,-114.028292340135,35.2466773525614,3,UNKNOWN_99,UNKNOWN_99,UNSPECIFIED_999,"2010-08-27 17:25:00",UNKNOWN_99,NOT_APPLICABLE_MINUS_1+NOT_APPLICABLE_MINUS_1+UNKNOWN_99+NOT_APPLICABLE_MINUS_1,,
2442044,2,OTHER_97,-114.053011206931,35.1885886413591,2,FOUR_WAY_INTERSECTION,OTHER_97,KINGMAN,"2010-08-18 18:18:00",NO_IMPROPER_ACTION,MADE_IMPROPER_TURN,,
2442060,2,ANGLE_FRONT_TO_SIDE,-114.024803831042,35.2214208605343,3,UNKNOWN_99,ANGLE_FRONT_TO_SIDE,KINGMAN,"2010-08-19 16:49:00",NO_IMPROPER_ACTION,SPEED_TOO_FAST_FOR_CONDITIONS+NOT_APPLICABLE_MINUS_1,,
2444401,2,ANGLE_FRONT_TO_SIDE,-114.612972078006,35.1078934880888,1,FOUR_WAY_INTERSECTION,ANGLE_FRONT_TO_SIDE,"BULLHEAD CITY","2010-08-13 13:50:00",FAILED_TO_YIELD_RIGHT_OF_WAY_103,INATTENTION_DISTRACTION,,
2444922,2,ANGLE_FRONT_TO_SIDE,-114.02077832853,35.22490951625,3,FOUR_WAY_INTERSECTION,ANGLE_FRONT_TO_SIDE,KINGMAN,"2010-08-03 20:39:00",NO_IMPROPER_ACTION,UNKNOWN_99,,
2448509,2,OTHER_97,-114.624590191299,32.6839686356356,3,FOUR_WAY_INTERSECTION,OTHER_97,YUMA,"2010-09-24 07:16:00",UNKNOWN_99,UNKNOWN_99,,
2451083,2,ANGLE_FRONT_TO_SIDE,-114.313160373431,34.4940689016994,4,T_INTERSECTION,ANGLE_FRONT_TO_SIDE,"LAKE HAVASU CITY","2010-09-25 11:59:00",DROVE_RODE_IN_OPPOSING_TRAFFIC_LANE,NO_IMPROPER_ACTION,,
2451284,2,ANGLE_FRONT_TO_SIDE,-114.598067111707,35.0914948990751,2,UNKNOWN_99,ANGLE_FRONT_TO_SIDE,"BULLHEAD CITY","2010-08-25 14:42:00",DROVE_RODE_IN_OPPOSING_TRAFFIC_LANE,FAILED_TO_YIELD_RIGHT_OF_WAY_103,,
2451545,2,ANGLE_FRONT_TO_SIDE,-114.630753334576,32.7251907826516,1,FOUR_WAY_INTERSECTION,ANGLE_FRONT_TO_SIDE,YUMA,"2010-09-27 10:44:00",OTHER_97,NO_IMPROPER_ACTION,,
2451589,2,ANGLE_FRONT_TO_SIDE,-114.521441075401,32.6700740238272,3,FOUR_WAY_INTERSECTION,ANGLE_FRONT_TO_SIDE,YUMA,"2010-09-28 07:47:00",FAILED_TO_KEEP_IN_PROPER_LANE,NO_IMPROPER_ACTION,,
2455769,2,OTHER_97,-114.002857307844,35.2649849110468,2,FOUR_WAY_INTERSECTION,OTHER_97,UNSPECIFIED_999,"2010-10-18 17:28:00",UNKNOWN_99,UNKNOWN_99,,
2457027,2,ANGLE_FRONT_TO_SIDE,-114.63259458764,32.6259053952138,3,FOUR_WAY_INTERSECTION,ANGLE_FRONT_TO_SIDE,UNSPECIFIED_999,"2010-10-02 10:10:00",NO_IMPROPER_ACTION,DISREGARDED_TRAFFIC_SIGNAL,,
2457580,2,SIDESWIPE_SAME_DIRECTION,-114.628707368293,32.6730696780143,3,UNKNOWN_99,SIDESWIPE_SAME_DIRECTION,YUMA,"2010-10-02 10:12:00",UNKNOWN_99,UNKNOWN_99,,
2459245,2,ANGLE_FRONT_TO_SIDE,-114.344148530075,34.4741244959232,4,FOUR_WAY_INTERSECTION,ANGLE_FRONT_TO_SIDE,"LAKE HAVASU CITY","2010-10-22 11:16:00",DISREGARDED_TRAFFIC_SIGNAL,INATTENTION_DISTRACTION,,
2459319,2,ANGLE_FRONT_TO_SIDE,-114.024807964587,35.22200016791,3,UNKNOWN_99,ANGLE_FRONT_TO_SIDE,KINGMAN,"2010-10-29 07:00:00",NO_IMPROPER_ACTION,SPEED_TOO_FAST_FOR_CONDITIONS,,
2464315,2,ANGLE_FRONT_TO_SIDE,-114.444243753852,32.6682189062343,1,FOUR_WAY_INTERSECTION,ANGLE_FRONT_TO_SIDE,UNSPECIFIED_999,"2010-11-16 19:30:00",NO_IMPROPER_ACTION,OTHER_97,,
2466672,2,ANGLE_FRONT_TO_SIDE,-114.598033583012,35.0914232484454,3,T_INTERSECTION,ANGLE_FRONT_TO_SIDE,"BULLHEAD CITY","2010-10-13 10:17:00",OTHER_97,NO_IMPROPER_ACTION+NOT_APPLICABLE_MINUS_1,,
2467592,2,ANGLE_FRONT_TO_SIDE,-114.650421439181,32.6846744370485,3,UNKNOWN_99,ANGLE_FRONT_TO_SIDE,YUMA,"2010-11-16 08:01:00",NO_IMPROPER_ACTION,NOT_APPLICABLE_MINUS_1+SPEED_TOO_FAST_FOR_CONDITIONS,,
2467597,2,ANGLE_FRONT_TO_SIDE,-114.633279195464,32.6967029969061,4,FOUR_WAY_INTERSECTION,ANGLE_FRONT_TO_SIDE,YUMA,"2010-11-15 09:01:00",INATTENTION_DISTRACTION,SPEED_TOO_FAST_FOR_CONDITIONS,,
2467688,2,ANGLE_FRONT_TO_SIDE,-114.650266189303,32.7215018536685,3,FOUR_WAY_INTERSECTION,ANGLE_FRONT_TO_SIDE,YUMA,"2010-11-15 15:53:00",INATTENTION_DISTRACTION,INATTENTION_DISTRACTION,,
2468073,2,ANGLE_FRONT_TO_SIDE,-114.036422422887,35.2258269673898,3,UNKNOWN_99,ANGLE_FRONT_TO_SIDE,KINGMAN,"2010-11-10 13:45:00",NO_IMPROPER_ACTION,INATTENTION_DISTRACTION,,
2470040,2,UNKNOWN_99,-114.208401422906,33.6706771051424,3,UNKNOWN_99,UNKNOWN_99,QUARTZSITE,"2010-11-29 11:46:00",UNKNOWN_99,UNKNOWN_99,,
2471376,2,ANGLE_FRONT_TO_SIDE,-114.64979672892,32.696651627711,3,T_INTERSECTION,ANGLE_FRONT_TO_SIDE,YUMA,"2010-11-27 10:24:00",SPEED_TOO_FAST_FOR_CONDITIONS,NO_IMPROPER_ACTION+NOT_APPLICABLE_MINUS_1,,
2475156,2,OTHER_97,-114.782334507976,32.4903930982126,2,FOUR_WAY_INTERSECTION,OTHER_97,"SAN LUIS","2010-11-01 12:50:00",RAN_STOP_SIGN,UNKNOWN_99,,
2475195,2,UNKNOWN_99,-114.782334507976,32.4903930982126,1,UNKNOWN_99,UNKNOWN_99,"SAN LUIS","2010-11-01 12:07:00",UNKNOWN_99,UNKNOWN_99,,
2479966,2,ANGLE_FRONT_TO_SIDE,-114.64352204367,32.6979363727509,2,T_INTERSECTION,ANGLE_FRONT_TO_SIDE,YUMA,"2010-12-13 18:10:00",DROVE_RODE_IN_OPPOSING_TRAFFIC_LANE,NO_IMPROPER_ACTION,,
2480613,2,ANGLE_FRONT_TO_SIDE,-114.625187168025,32.6766286374146,2,UNKNOWN_99,ANGLE_FRONT_TO_SIDE,YUMA,"2010-12-14 11:59:00",NO_IMPROPER_ACTION,OTHER_97,,
2481130,2,ANGLE_FRONT_TO_SIDE,-114.650431157925,32.698489544838,3,FOUR_WAY_INTERSECTION,ANGLE_FRONT_TO_SIDE,YUMA,"2010-12-26 09:43:00",UNKNOWN_99,UNKNOWN_99,,
2483609,2,ANGLE_FRONT_TO_SIDE,-114.598091654124,35.1158759909773,3,NOT_AT_INTERSECTION_0,ANGLE_FRONT_TO_SIDE,"BULLHEAD CITY","2010-12-03 14:01:00",DID_NOT_USE_CROSSWALK,NO_IMPROPER_ACTION+NOT_APPLICABLE_MINUS_1,,
2425963,2,OTHER_97,-114.649978307952,32.6343287677952,3,UNKNOWN_99,OTHER_97,UNSPECIFIED_999,"2011-02-21 17:50:00",FAILED_TO_KEEP_IN_PROPER_LANE,NO_IMPROPER_ACTION,,
2487819,2,ANGLE_FRONT_TO_SIDE,-114.606752054522,32.6842399868947,3,FOUR_WAY_INTERSECTION,ANGLE_FRONT_TO_SIDE,YUMA,"2011-01-18 13:18:00",OTHER_97,NO_IMPROPER_ACTION,,
2487854,2,ANGLE_FRONT_TO_SIDE,-114.624604391173,32.6823700904676,2,UNKNOWN_99,ANGLE_FRONT_TO_SIDE,YUMA,"2011-01-19 17:42:00",DID_NOT_USE_CROSSWALK,NO_IMPROPER_ACTION,,
2495062,2,ANGLE_FRONT_TO_SIDE,-114.633405986714,32.6948923934143,2,FOUR_WAY_INTERSECTION,ANGLE_FRONT_TO_SIDE,YUMA,"2011-02-02 15:37:00",OTHER_97,NO_IMPROPER_ACTION,,
2495178,2,LEFT_TURN,-114.625960608281,32.6839759392221,4,T_INTERSECTION,LEFT_TURN,YUMA,"2011-02-10 17:38:00",INATTENTION_DISTRACTION,NO_IMPROPER_ACTION,,
2496680,2,ANGLE_FRONT_TO_SIDE,-114.348015134119,34.4936381670996,3,FOUR_WAY_INTERSECTION,ANGLE_FRONT_TO_SIDE,"LAKE HAVASU CITY","2011-02-28 07:23:00",DROVE_RODE_IN_OPPOSING_TRAFFIC_LANE,NOT_APPLICABLE_MINUS_1+NO_IMPROPER_ACTION+NOT_APPLICABLE_MINUS_1,,
2496722,2,UNKNOWN_99,-114.656128296681,32.6985125108678,1,UNKNOWN_99,UNKNOWN_99,YUMA,"2011-02-25 07:36:00",UNKNOWN_99,UNKNOWN_99,,
2497807,2,ANGLE_FRONT_TO_SIDE,-114.635661406233,32.7130778655453,3,UNKNOWN_99,ANGLE_FRONT_TO_SIDE,YUMA,"2011-02-22 16:47:00",NO_IMPROPER_ACTION,UNKNOWN_99,,
2497839,2,SIDESWIPE_SAME_DIRECTION,-114.520516381749,32.6847382721203,2,UNKNOWN_99,SIDESWIPE_SAME_DIRECTION,YUMA,"2011-02-28 06:28:00",UNKNOWN_99,UNKNOWN_99,,
2502387,2,ANGLE_FRONT_TO_SIDE,-114.59801938497,35.1031303960233,2,T_INTERSECTION,ANGLE_FRONT_TO_SIDE,"BULLHEAD CITY","2011-01-31 09:56:00",NO_IMPROPER_ACTION,FAILED_TO_YIELD_RIGHT_OF_WAY_103,,
2504034,2,ANGLE_FRONT_TO_SIDE,-114.323977481405,34.4767887470838,4,FOUR_WAY_INTERSECTION,ANGLE_FRONT_TO_SIDE,"LAKE HAVASU CITY","2011-03-02 18:55:00",DISREGARDED_TRAFFIC_SIGNAL,NO_IMPROPER_ACTION,,
2504693,2,ANGLE_FRONT_TO_SIDE,-114.315168833275,34.4941091362758,3,Y_INTERSECTION,ANGLE_FRONT_TO_SIDE,"LAKE HAVASU CITY","2011-03-11 14:16:00",INATTENTION_DISTRACTION,RAN_STOP_SIGN,,
2504757,2,ANGLE_FRONT_TO_SIDE,-114.615502537034,32.669334109654,3,NOT_REPORTED_255,ANGLE_FRONT_TO_SIDE,YUMA,"2011-03-29 06:08:00",KNOWINGLY_OPERATED_WITH_FAULTY_MISSING_EQUIPMENT,NO_IMPROPER_ACTION,,
2505169,2,OTHER_97,-114.620818962643,32.7213751209209,3,FOUR_WAY_INTERSECTION,OTHER_97,YUMA,"2011-03-09 16:53:00",NO_IMPROPER_ACTION,INATTENTION_DISTRACTION,,
2506774,2,OTHER_97,-114.713324862521,32.595612847639,1,UNKNOWN_99,OTHER_97,SOMERTON,"2011-03-26 14:50:00",NO_IMPROPER_ACTION,NO_IMPROPER_ACTION,,
2508326,2,ANGLE_FRONT_TO_SIDE,-114.649773372737,32.725155124516,3,UNKNOWN_99,ANGLE_FRONT_TO_SIDE,YUMA,"2011-04-18 10:15:00",NO_IMPROPER_ACTION,NO_IMPROPER_ACTION,,
2508329,2,ANGLE_FRONT_TO_SIDE,-114.639617088387,32.6839300872829,4,T_INTERSECTION,ANGLE_FRONT_TO_SIDE,YUMA,"2011-04-18 07:56:00",OTHER_97,NO_IMPROPER_ACTION,,
2509596,2,OTHER_97,-114.478531522317,32.6813448575962,5,NOT_AT_INTERSECTION_0,OTHER_97,YUMA,"2011-01-13 19:01:00",FAILED_TO_YIELD_RIGHT_OF_WAY_103,INATTENTION_DISTRACTION+NOT_APPLICABLE_MINUS_1+NOT_APPLICABLE_MINUS_1+NOT_APPLICABLE_MINUS_1,,
2512803,2,REAR_END,-114.641902381222,32.7148393618467,2,UNKNOWN_99,REAR_END,YUMA,"2011-04-14 17:42:00",INATTENTION_DISTRACTION,NO_IMPROPER_ACTION,,
2515063,2,SIDESWIPE_SAME_DIRECTION,-114.368158173403,34.5339717436218,2,UNKNOWN_99,SIDESWIPE_SAME_DIRECTION,UNSPECIFIED_999,"2011-03-25 15:36:00",INATTENTION_DISTRACTION,NO_IMPROPER_ACTION,,
2516267,2,ANGLE_FRONT_TO_SIDE,-114.599909738711,32.6840510152125,3,T_INTERSECTION,ANGLE_FRONT_TO_SIDE,YUMA,"2011-04-12 22:13:00",OTHER_97,OTHER_97,,
2520492,2,ANGLE_FRONT_TO_SIDE,-114.024791955836,35.2248983185604,3,FOUR_WAY_INTERSECTION,ANGLE_FRONT_TO_SIDE,KINGMAN,"2011-05-11 09:05:00",DISREGARDED_TRAFFIC_SIGNAL,NOT_APPLICABLE_MINUS_1+NO_IMPROPER_ACTION+NOT_APPLICABLE_MINUS_1,,
2521494,2,ANGLE_FRONT_TO_SIDE,-114.646794932586,32.7130888539245,1,T_INTERSECTION,ANGLE_FRONT_TO_SIDE,YUMA,"2011-05-11 19:00:00",DROVE_RODE_IN_OPPOSING_TRAFFIC_LANE,NOT_APPLICABLE_MINUS_1+NO_IMPROPER_ACTION,,
2523451,2,ANGLE_FRONT_TO_SIDE,-114.619502953754,32.7223541267185,2,UNKNOWN_99,ANGLE_FRONT_TO_SIDE,YUMA,"2011-05-27 14:19:00",OTHER_97,NO_IMPROPER_ACTION,,
2523752,2,ANGLE_FRONT_TO_SIDE,-114.304953392827,34.4623554984515,4,FOUR_WAY_INTERSECTION,ANGLE_FRONT_TO_SIDE,"LAKE HAVASU CITY","2011-05-27 12:03:00",NO_IMPROPER_ACTION,OTHER_97,,
2525049,2,ANGLE_FRONT_TO_SIDE,-114.011601276795,35.2538871477212,1,FOUR_WAY_INTERSECTION,ANGLE_FRONT_TO_SIDE,UNSPECIFIED_999,"2011-05-11 16:19:00",DISREGARDED_TRAFFIC_SIGNAL,NO_IMPROPER_ACTION+NOT_APPLICABLE_MINUS_1,,
2528620,2,ANGLE_FRONT_TO_SIDE,-114.643276834951,32.6983901433975,3,T_INTERSECTION,ANGLE_FRONT_TO_SIDE,YUMA,"2011-06-03 13:59:00",OTHER_97,OTHER_97,,